2023-01-24 07:18:33,036 [Worker-5: Loading available Gradle versions] INFO  o.e.b.c.i.u.g.PublishedGradleVersions - Gradle version information cache is up-to-date. Trying to read.
2023-01-24 07:18:57,181 [Worker-1: Updating Maven Dependencies] INFO  o.e.m.c.i.l.LifecycleMappingFactory - Using org.eclipse.m2e.jdt.JarLifecycleMapping lifecycle mapping for MavenProject: com:sel:0.0.1-SNAPSHOT @ D:\programming\java\sel\pom.xml.
2023-01-24 07:19:02,010 [Worker-1: Updating Maven Project] INFO  o.e.m.c.i.p.ProjectConfigurationManager - Update started
2023-01-24 07:19:02,604 [Worker-1: Updating Maven Project] INFO  o.e.m.c.i.l.LifecycleMappingFactory - Using org.eclipse.m2e.jdt.JarLifecycleMapping lifecycle mapping for MavenProject: com:sel:0.0.1-SNAPSHOT @ D:\programming\java\sel\pom.xml.
2023-01-24 07:19:04,762 [Worker-1: Updating Maven Project] INFO  o.e.m.j.i.AbstractJavaProjectConfigurator - Adding source folder /sel/src/main/java
2023-01-24 07:19:04,762 [Worker-1: Updating Maven Project] INFO  o.e.m.j.i.AbstractJavaProjectConfigurator - Adding source folder /sel/src/test/java
2023-01-24 07:44:26,665 [Worker-2: Loading available Gradle versions] INFO  o.e.b.c.i.u.g.PublishedGradleVersions - Gradle version information cache is out-of-date. Trying to update.
2023-01-24 07:44:31,688 [Worker-5: Updating Maven Dependencies] INFO  o.e.m.c.i.l.LifecycleMappingFactory - Using org.eclipse.m2e.jdt.JarLifecycleMapping lifecycle mapping for MavenProject: com:sel:0.0.1-SNAPSHOT @ D:\programming\java\sel\pom.xml.
2023-01-24 07:44:34,326 [Worker-5: Updating Maven Project] INFO  o.e.m.c.i.p.ProjectConfigurationManager - Update started
2023-01-24 07:44:35,348 [Worker-5: Updating Maven Project] INFO  o.e.m.c.i.l.LifecycleMappingFactory - Using org.eclipse.m2e.jdt.JarLifecycleMapping lifecycle mapping for MavenProject: com:sel:0.0.1-SNAPSHOT @ D:\programming\java\sel\pom.xml.
2023-01-24 07:44:36,180 [Worker-5: Updating Maven Project] INFO  o.e.m.j.i.AbstractJavaProjectConfigurator - Adding source folder /sel/src/main/java
2023-01-24 07:44:36,180 [Worker-5: Updating Maven Project] INFO  o.e.m.j.i.AbstractJavaProjectConfigurator - Adding source folder /sel/src/test/java
2023-01-24 08:02:23,367 [Worker-0: Loading available Gradle versions] INFO  o.e.b.c.i.u.g.PublishedGradleVersions - Gradle version information cache is up-to-date. Trying to read.
2023-01-24 08:02:32,108 [Worker-6: Updating Maven Dependencies] INFO  o.e.m.c.i.l.LifecycleMappingFactory - Using org.eclipse.m2e.jdt.JarLifecycleMapping lifecycle mapping for MavenProject: com:sel:0.0.1-SNAPSHOT @ D:\programming\java\sel\pom.xml.
2023-01-24 08:02:35,700 [Worker-7: Updating Maven Project] INFO  o.e.m.c.i.p.ProjectConfigurationManager - Update started
2023-01-24 08:02:37,442 [Worker-7: Updating Maven Project] INFO  o.e.m.c.i.l.LifecycleMappingFactory - Using org.eclipse.m2e.jdt.JarLifecycleMapping lifecycle mapping for MavenProject: com:sel:0.0.1-SNAPSHOT @ D:\programming\java\sel\pom.xml.
2023-01-24 08:02:40,249 [Worker-7: Updating Maven Project] INFO  o.e.m.j.i.AbstractJavaProjectConfigurator - Adding source folder /sel/src/main/java
2023-01-24 08:02:40,250 [Worker-7: Updating Maven Project] INFO  o.e.m.j.i.AbstractJavaProjectConfigurator - Adding source folder /sel/src/test/java
2023-02-03 09:54:13,815 [Worker-4: Loading available Gradle versions] INFO  o.e.b.c.i.u.g.PublishedGradleVersions - Gradle version information cache is up-to-date. Trying to read.
2023-02-03 09:54:16,993 [Worker-6: Updating Maven Dependencies] INFO  o.e.m.c.i.l.LifecycleMappingFactory - Using org.eclipse.m2e.jdt.JarLifecycleMapping lifecycle mapping for MavenProject: com:sel:0.0.1-SNAPSHOT @ D:\programming\java\sel\pom.xml.
2023-02-03 09:54:22,592 [Worker-1: Updating Maven Project] INFO  o.e.m.c.i.p.ProjectConfigurationManager - Update started
2023-02-03 09:54:23,162 [Worker-1: Updating Maven Project] INFO  o.e.m.c.i.l.LifecycleMappingFactory - Using org.eclipse.m2e.jdt.JarLifecycleMapping lifecycle mapping for MavenProject: com:sel:0.0.1-SNAPSHOT @ D:\programming\java\sel\pom.xml.
2023-02-03 09:54:23,833 [Worker-1: Updating Maven Project] INFO  o.e.m.j.i.AbstractJavaProjectConfigurator - Adding source folder /sel/src/main/java
2023-02-03 09:54:23,834 [Worker-1: Updating Maven Project] INFO  o.e.m.j.i.AbstractJavaProjectConfigurator - Adding source folder /sel/src/test/java
2023-03-11 12:33:08,462 [Worker-3: Loading available Gradle versions] INFO  o.e.b.c.i.u.g.PublishedGradleVersions - Gradle version information cache is up-to-date. Trying to read.
2023-03-11 12:33:19,049 [Worker-9: Updating Maven Dependencies] INFO  o.e.m.c.i.l.LifecycleMappingFactory - Using org.eclipse.m2e.jdt.JarLifecycleMapping lifecycle mapping for MavenProject: com:sel:0.0.1-SNAPSHOT @ D:\programming\java\sel\pom.xml.
2023-03-11 12:33:22,888 [Worker-8: Building] INFO  o.e.m.c.i.l.LifecycleMappingFactory - Using org.eclipse.m2e.jdt.JarLifecycleMapping lifecycle mapping for MavenProject: com:sel:0.0.1-SNAPSHOT @ D:\programming\java\sel\pom.xml.
2023-03-11 12:33:28,353 [Worker-8: Building] INFO  o.e.m.c.i.embedder.EclipseLogger - Using 'UTF-8' encoding to copy filtered resources.
2023-03-11 12:33:28,354 [Worker-8: Building] INFO  o.e.m.c.i.embedder.EclipseLogger - skip non existing resourceDirectory D:\programming\java\sel\src\main\resources
2023-03-11 12:33:28,360 [Worker-8: Building] INFO  o.e.m.c.i.embedder.EclipseLogger - Using 'UTF-8' encoding to copy filtered resources.
2023-03-11 12:33:28,360 [Worker-8: Building] INFO  o.e.m.c.i.embedder.EclipseLogger - skip non existing resourceDirectory D:\programming\java\sel\src\test\resources
2023-03-11 12:33:28,959 [Worker-23: Updating Maven Project] INFO  o.e.m.c.i.p.ProjectConfigurationManager - Update started
2023-03-11 12:33:29,165 [Worker-24: Updating Maven Dependencies] INFO  o.e.m.c.i.l.LifecycleMappingFactory - Using org.eclipse.m2e.jdt.JarLifecycleMapping lifecycle mapping for MavenProject: com:sel:0.0.1-SNAPSHOT @ D:\programming\java\sel\pom.xml.
2023-03-11 12:33:29,170 [Worker-23: Updating Maven Project] INFO  o.e.m.c.i.l.LifecycleMappingFactory - Using org.eclipse.m2e.jdt.JarLifecycleMapping lifecycle mapping for MavenProject: com:sel:0.0.1-SNAPSHOT @ D:\programming\java\sel\pom.xml.
2023-03-11 12:33:30,141 [Worker-23: Updating Maven Project] INFO  o.e.m.j.i.AbstractJavaProjectConfigurator - Adding source folder /sel/src/main/java
2023-03-11 12:33:30,142 [Worker-23: Updating Maven Project] INFO  o.e.m.j.i.AbstractJavaProjectConfigurator - Adding source folder /sel/src/test/java
2023-03-11 12:33:31,349 [Worker-17: Updating Maven Dependencies] INFO  o.e.m.c.i.l.LifecycleMappingFactory - Using org.eclipse.m2e.jdt.JarLifecycleMapping lifecycle mapping for MavenProject: com:sel:0.0.1-SNAPSHOT @ D:\programming\java\sel\pom.xml.
2023-03-11 14:39:07,807 [Worker-1: Loading available Gradle versions] INFO  o.e.b.c.i.u.g.PublishedGradleVersions - Gradle version information cache is up-to-date. Trying to read.
2023-03-11 14:39:12,048 [Worker-5: Updating Maven Dependencies] INFO  o.e.m.c.i.l.LifecycleMappingFactory - Using org.eclipse.m2e.jdt.JarLifecycleMapping lifecycle mapping for MavenProject: com:sel:0.0.1-SNAPSHOT @ D:\programming\java\sel\pom.xml.
2023-03-11 14:39:12,048 [Worker-7: Building] INFO  o.e.m.c.i.l.LifecycleMappingFactory - Using org.eclipse.m2e.jdt.JarLifecycleMapping lifecycle mapping for MavenProject: com:sel:0.0.1-SNAPSHOT @ D:\programming\java\sel\pom.xml.
2023-03-11 14:39:14,474 [Worker-7: Building] INFO  o.e.m.c.i.embedder.EclipseLogger - Using 'UTF-8' encoding to copy filtered resources.
2023-03-11 14:39:14,475 [Worker-7: Building] INFO  o.e.m.c.i.embedder.EclipseLogger - skip non existing resourceDirectory D:\programming\java\sel\src\main\resources
2023-03-11 14:39:14,480 [Worker-7: Building] INFO  o.e.m.c.i.embedder.EclipseLogger - Using 'UTF-8' encoding to copy filtered resources.
2023-03-11 14:39:14,480 [Worker-7: Building] INFO  o.e.m.c.i.embedder.EclipseLogger - skip non existing resourceDirectory D:\programming\java\sel\src\test\resources
2023-03-11 14:39:14,681 [Worker-7: Updating Maven Project] INFO  o.e.m.c.i.p.ProjectConfigurationManager - Update started
2023-03-11 14:39:15,752 [Worker-7: Updating Maven Project] INFO  o.e.m.c.i.l.LifecycleMappingFactory - Using org.eclipse.m2e.jdt.JarLifecycleMapping lifecycle mapping for MavenProject: com:sel:0.0.1-SNAPSHOT @ D:\programming\java\sel\pom.xml.
2023-03-11 14:39:16,782 [Worker-7: Updating Maven Project] INFO  o.e.m.j.i.AbstractJavaProjectConfigurator - Adding source folder /sel/src/main/java
2023-03-11 14:39:16,785 [Worker-7: Updating Maven Project] INFO  o.e.m.j.i.AbstractJavaProjectConfigurator - Adding source folder /sel/src/test/java
2023-03-11 14:39:18,185 [Worker-1: Updating Maven Dependencies] INFO  o.e.m.c.i.l.LifecycleMappingFactory - Using org.eclipse.m2e.jdt.JarLifecycleMapping lifecycle mapping for MavenProject: com:sel:0.0.1-SNAPSHOT @ D:\programming\java\sel\pom.xml.
2023-03-11 14:39:18,708 [Worker-7: Updating Maven Project] INFO  o.e.m.c.i.p.ProjectConfigurationManager - Update completed for 1 poms: local refresh takes 0.00 sec, refresh facades takes 1.00 sec, update config takes 1.00 sec 
2023-03-11 14:39:18,714 [Worker-5: Updating Maven Project] INFO  o.e.m.c.i.p.ProjectConfigurationManager - Update started
2023-03-11 14:39:19,438 [Worker-5: Updating Maven Project] INFO  o.e.m.c.i.l.LifecycleMappingFactory - Using org.eclipse.m2e.jdt.JarLifecycleMapping lifecycle mapping for MavenProject: com:sel:0.0.1-SNAPSHOT @ D:\programming\java\sel\pom.xml.
2023-03-11 14:39:20,440 [Worker-5: Updating Maven Project] INFO  o.e.m.j.i.AbstractJavaProjectConfigurator - Adding source folder /sel/src/main/java
2023-03-11 14:39:20,441 [Worker-5: Updating Maven Project] INFO  o.e.m.j.i.AbstractJavaProjectConfigurator - Adding source folder /sel/src/test/java
2023-03-11 14:39:21,438 [Worker-11: Updating Maven Dependencies] INFO  o.e.m.c.i.l.LifecycleMappingFactory - Using org.eclipse.m2e.jdt.JarLifecycleMapping lifecycle mapping for MavenProject: com:sel:0.0.1-SNAPSHOT @ D:\programming\java\sel\pom.xml.
2025-03-26 21:37:21,590 [Worker-0: Loading available Gradle versions] INFO  o.e.b.c.i.u.g.PublishedGradleVersions - Gradle version information cache is not available. Remote download required.
2025-03-26 21:37:25,692 [Worker-7: Updating Maven Dependencies] INFO  o.e.m.c.i.l.LifecycleMappingFactory - Using org.eclipse.m2e.jdt.JarLifecycleMapping lifecycle mapping for MavenProject: com:sel:0.0.1-SNAPSHOT @ D:\Programs\JavaLearning\java\sel\pom.xml.
2025-03-26 21:37:25,710 [Worker-2: Building] INFO  o.e.m.c.i.l.LifecycleMappingFactory - Using org.eclipse.m2e.jdt.JarLifecycleMapping lifecycle mapping for MavenProject: com:sel:0.0.1-SNAPSHOT @ D:\Programs\JavaLearning\java\sel\pom.xml.
2025-03-26 21:37:25,713 [Worker-7: Updating Maven Dependencies] ERROR o.e.m.c.u.i.m.MarkerLocationService - Marker id 4008 not found.
org.eclipse.core.internal.resources.ResourceException: Marker id 4008 not found.
	at org.eclipse.core.internal.resources.Marker.checkInfo(Marker.java:63)
	at org.eclipse.core.internal.resources.Marker.setAttribute(Marker.java:260)
	at org.eclipse.core.internal.resources.Marker.setAttribute(Marker.java:245)
	at org.eclipse.m2e.core.ui.internal.markers.MarkerLocationService.findLocationForMarker(MarkerLocationService.java:118)
	at org.eclipse.m2e.core.internal.markers.MarkerUtils.decorateMarker(MarkerUtils.java:50)
	at org.eclipse.m2e.core.internal.markers.MavenMarkerManager.addErrorMarker(MavenMarkerManager.java:329)
	at org.eclipse.m2e.core.internal.markers.MavenMarkerManager.addErrorMarkers(MavenMarkerManager.java:312)
	at org.eclipse.m2e.core.internal.project.registry.ProjectRegistryManager.setupLifecycleMapping(ProjectRegistryManager.java:659)
	at org.eclipse.m2e.core.internal.project.registry.ProjectRegistryManager.refreshPhase2(ProjectRegistryManager.java:562)
	at org.eclipse.m2e.core.internal.project.registry.ProjectRegistryManager.lambda$5(ProjectRegistryManager.java:487)
	at org.eclipse.m2e.core.internal.embedder.MavenExecutionContext.executeBare(MavenExecutionContext.java:458)
	at org.eclipse.m2e.core.internal.embedder.MavenExecutionContext.execute(MavenExecutionContext.java:339)
	at org.eclipse.m2e.core.internal.project.registry.ProjectRegistryManager.refresh(ProjectRegistryManager.java:485)
	at org.eclipse.m2e.core.internal.project.registry.ProjectRegistryManager.refresh(ProjectRegistryManager.java:370)
	at org.eclipse.m2e.core.internal.project.registry.ProjectRegistryRefreshJob.lambda$4(ProjectRegistryRefreshJob.java:154)
	at org.eclipse.m2e.core.internal.embedder.MavenExecutionContext.executeBare(MavenExecutionContext.java:458)
	at org.eclipse.m2e.core.internal.embedder.MavenExecutionContext.execute(MavenExecutionContext.java:339)
	at org.eclipse.m2e.core.internal.embedder.MavenExecutionContext.execute(MavenExecutionContext.java:278)
	at org.eclipse.m2e.core.internal.embedder.MavenImpl.execute(MavenImpl.java:1053)
	at org.eclipse.m2e.core.internal.project.registry.ProjectRegistryRefreshJob.lambda$0(ProjectRegistryRefreshJob.java:153)
	at org.eclipse.m2e.core.internal.embedder.MavenExecutionContext.executeBare(MavenExecutionContext.java:458)
	at org.eclipse.m2e.core.internal.embedder.MavenExecutionContext.execute(MavenExecutionContext.java:339)
	at org.eclipse.m2e.core.internal.embedder.MavenExecutionContext.execute(MavenExecutionContext.java:278)
	at org.eclipse.m2e.core.internal.project.registry.ProjectRegistryRefreshJob.run(ProjectRegistryRefreshJob.java:106)
	at org.eclipse.core.internal.jobs.Worker.run(Worker.java:63)
Caused by: java.lang.IllegalStateException: null
	... 25 common frames omitted
2025-03-26 21:37:26,062 [Worker-7: Updating Maven Dependencies] INFO  o.e.m.c.i.e.AbstractTransferListenerAdapter - Downloaded https://repo.maven.apache.org/maven2/org/seleniumhq/selenium/selenium-java/4.1.3/selenium-java-4.1.3.pom
2025-03-26 21:37:26,339 [Worker-11: Updating Maven Project] INFO  o.e.m.c.i.p.ProjectConfigurationManager - Update started
2025-03-26 21:37:26,512 [Worker-11: Updating Maven Project] INFO  o.e.m.c.i.l.LifecycleMappingFactory - Using org.eclipse.m2e.jdt.JarLifecycleMapping lifecycle mapping for MavenProject: com:sel:0.0.1-SNAPSHOT @ D:\Programs\JavaLearning\java\sel\pom.xml.
2025-03-26 21:37:26,692 [Worker-11: Updating Maven Project] INFO  o.e.m.c.i.p.ProjectConfigurationManager - Update completed for 1 poms: local refresh takes 0.00 sec, refresh facades takes 0.00 sec, update config takes 0.00 sec 
2025-03-26 21:37:27,190 [Worker-9: Updating Maven Dependencies] INFO  o.e.m.c.i.l.LifecycleMappingFactory - Using org.eclipse.m2e.jdt.JarLifecycleMapping lifecycle mapping for MavenProject: com:sel:0.0.1-SNAPSHOT @ D:\Programs\JavaLearning\java\sel\pom.xml.
2025-03-26 21:37:27,326 [Worker-10: Updating Maven Project] INFO  o.e.m.c.i.p.ProjectConfigurationManager - Update started
2025-03-26 21:37:27,408 [Worker-11: Download sources and javadoc] INFO  o.e.m.c.i.e.AbstractTransferListenerAdapter - Downloaded https://repo.maven.apache.org/maven2/org/seleniumhq/selenium/selenium-java/4.1.3/selenium-java-4.1.3-sources.jar
2025-03-26 21:37:27,409 [Worker-10: Updating Maven Project] INFO  o.e.m.c.i.l.LifecycleMappingFactory - Using org.eclipse.m2e.jdt.JarLifecycleMapping lifecycle mapping for MavenProject: com:sel:0.0.1-SNAPSHOT @ D:\Programs\JavaLearning\java\sel\pom.xml.
2025-03-26 21:37:27,412 [Worker-11: Download sources and javadoc] ERROR o.e.m.j.internal.DownloadSourcesJob - Could not download sources for org.seleniumhq.selenium:selenium-java:4.1.3
org.eclipse.core.runtime.CoreException: Could not resolve artifact org.seleniumhq.selenium:selenium-java:jar:sources:4.1.3
	at org.eclipse.m2e.core.internal.embedder.MavenImpl.lambda$7(MavenImpl.java:540)
	at org.eclipse.m2e.core.internal.embedder.MavenExecutionContext.executeBare(MavenExecutionContext.java:458)
	at org.eclipse.m2e.core.internal.embedder.MavenExecutionContext.execute(MavenExecutionContext.java:292)
	at org.eclipse.m2e.core.internal.embedder.MavenExecutionContext.execute(MavenExecutionContext.java:278)
	at org.eclipse.m2e.core.internal.embedder.MavenImpl.resolve(MavenImpl.java:509)
	at org.eclipse.m2e.core.internal.embedder.MavenImpl.resolve(MavenImpl.java:494)
	at org.eclipse.m2e.jdt.internal.DownloadSourcesJob.download(DownloadSourcesJob.java:308)
	at org.eclipse.m2e.jdt.internal.DownloadSourcesJob.downloadAttachments(DownloadSourcesJob.java:282)
	at org.eclipse.m2e.jdt.internal.DownloadSourcesJob.downloadMaven(DownloadSourcesJob.java:252)
	at org.eclipse.m2e.jdt.internal.DownloadSourcesJob.downloadFilesAndPopulateToUpdate(DownloadSourcesJob.java:220)
	at org.eclipse.m2e.jdt.internal.DownloadSourcesJob.lambda$0(DownloadSourcesJob.java:149)
	at org.eclipse.m2e.core.internal.embedder.MavenExecutionContext.executeBare(MavenExecutionContext.java:458)
	at org.eclipse.m2e.core.internal.embedder.MavenExecutionContext.execute(MavenExecutionContext.java:339)
	at org.eclipse.m2e.core.internal.embedder.MavenExecutionContext.execute(MavenExecutionContext.java:278)
	at org.eclipse.m2e.core.embedder.IMaven.execute(IMaven.java:300)
	at org.eclipse.m2e.jdt.internal.DownloadSourcesJob.run(DownloadSourcesJob.java:149)
	at org.eclipse.core.internal.jobs.Worker.run(Worker.java:63)
2025-03-26 21:37:27,500 [Worker-10: Updating Maven Project] INFO  o.e.m.c.i.p.ProjectConfigurationManager - Update completed for 1 poms: local refresh takes 0.00 sec, refresh facades takes 0.00 sec, update config takes 0.00 sec 
2025-03-26 21:37:27,505 [Worker-10: Updating Maven Project] INFO  o.e.m.c.i.p.ProjectConfigurationManager - Update started
2025-03-26 21:37:27,661 [Worker-10: Updating Maven Project] INFO  o.e.m.c.i.l.LifecycleMappingFactory - Using org.eclipse.m2e.jdt.JarLifecycleMapping lifecycle mapping for MavenProject: com:sel:0.0.1-SNAPSHOT @ D:\Programs\JavaLearning\java\sel\pom.xml.
2025-03-26 21:37:27,750 [Worker-10: Updating Maven Project] INFO  o.e.m.c.i.p.ProjectConfigurationManager - Update completed for 1 poms: local refresh takes 0.00 sec, refresh facades takes 0.00 sec, update config takes 0.00 sec 
2025-03-26 21:37:27,760 [Worker-0: Updating Maven Project] INFO  o.e.m.c.i.p.ProjectConfigurationManager - Update started
2025-03-26 21:37:27,975 [Worker-0: Updating Maven Project] INFO  o.e.m.c.i.l.LifecycleMappingFactory - Using org.eclipse.m2e.jdt.JarLifecycleMapping lifecycle mapping for MavenProject: com:sel:0.0.1-SNAPSHOT @ D:\Programs\JavaLearning\java\sel\pom.xml.
2025-03-26 21:37:28,078 [Worker-0: Updating Maven Project] INFO  o.e.m.c.i.p.ProjectConfigurationManager - Update completed for 1 poms: local refresh takes 0.00 sec, refresh facades takes 0.00 sec, update config takes 0.00 sec 
2025-03-26 21:37:28,084 [Worker-6: Updating Maven Project] INFO  o.e.m.c.i.p.ProjectConfigurationManager - Update started
2025-03-26 21:37:28,273 [Worker-6: Updating Maven Project] INFO  o.e.m.c.i.l.LifecycleMappingFactory - Using org.eclipse.m2e.jdt.JarLifecycleMapping lifecycle mapping for MavenProject: com:sel:0.0.1-SNAPSHOT @ D:\Programs\JavaLearning\java\sel\pom.xml.
2025-03-26 21:37:28,368 [Worker-6: Updating Maven Project] INFO  o.e.m.c.i.p.ProjectConfigurationManager - Update completed for 1 poms: local refresh takes 0.00 sec, refresh facades takes 0.00 sec, update config takes 0.00 sec 
2025-03-26 21:37:28,599 [Worker-2: Download sources and javadoc] INFO  o.e.m.c.i.e.AbstractTransferListenerAdapter - Downloaded https://repo.maven.apache.org/maven2/org/seleniumhq/selenium/selenium-java/4.1.3/selenium-java-4.1.3-javadoc.jar
2025-03-26 21:37:28,603 [Worker-2: Download sources and javadoc] ERROR o.e.m.j.internal.DownloadSourcesJob - Could not download javadoc for org.seleniumhq.selenium:selenium-java:4.1.3
org.eclipse.core.runtime.CoreException: Could not resolve artifact org.seleniumhq.selenium:selenium-java:jar:javadoc:4.1.3
	at org.eclipse.m2e.core.internal.embedder.MavenImpl.lambda$7(MavenImpl.java:540)
	at org.eclipse.m2e.core.internal.embedder.MavenExecutionContext.executeBare(MavenExecutionContext.java:458)
	at org.eclipse.m2e.core.internal.embedder.MavenExecutionContext.execute(MavenExecutionContext.java:292)
	at org.eclipse.m2e.core.internal.embedder.MavenExecutionContext.execute(MavenExecutionContext.java:278)
	at org.eclipse.m2e.core.internal.embedder.MavenImpl.resolve(MavenImpl.java:509)
	at org.eclipse.m2e.core.internal.embedder.MavenImpl.resolve(MavenImpl.java:494)
	at org.eclipse.m2e.jdt.internal.DownloadSourcesJob.download(DownloadSourcesJob.java:308)
	at org.eclipse.m2e.jdt.internal.DownloadSourcesJob.downloadAttachments(DownloadSourcesJob.java:294)
	at org.eclipse.m2e.jdt.internal.DownloadSourcesJob.downloadMaven(DownloadSourcesJob.java:252)
	at org.eclipse.m2e.jdt.internal.DownloadSourcesJob.downloadFilesAndPopulateToUpdate(DownloadSourcesJob.java:220)
	at org.eclipse.m2e.jdt.internal.DownloadSourcesJob.lambda$0(DownloadSourcesJob.java:149)
	at org.eclipse.m2e.core.internal.embedder.MavenExecutionContext.executeBare(MavenExecutionContext.java:458)
	at org.eclipse.m2e.core.internal.embedder.MavenExecutionContext.execute(MavenExecutionContext.java:339)
	at org.eclipse.m2e.core.internal.embedder.MavenExecutionContext.execute(MavenExecutionContext.java:278)
	at org.eclipse.m2e.core.embedder.IMaven.execute(IMaven.java:300)
	at org.eclipse.m2e.jdt.internal.DownloadSourcesJob.run(DownloadSourcesJob.java:149)
	at org.eclipse.core.internal.jobs.Worker.run(Worker.java:63)
2025-03-26 21:41:59,132 [Worker-23: Building] INFO  o.e.m.c.i.l.LifecycleMappingFactory - Using org.eclipse.m2e.jdt.JarLifecycleMapping lifecycle mapping for MavenProject: com:sel:0.0.1-SNAPSHOT @ D:\Programs\JavaLearning\java\sel\pom.xml.
2025-03-26 21:41:59,170 [Worker-17: Updating Maven Project] INFO  o.e.m.c.i.p.ProjectConfigurationManager - Update started
2025-03-26 21:41:59,263 [Worker-17: Updating Maven Project] INFO  o.e.m.c.i.l.LifecycleMappingFactory - Using org.eclipse.m2e.jdt.JarLifecycleMapping lifecycle mapping for MavenProject: com:sel:0.0.1-SNAPSHOT @ D:\Programs\JavaLearning\java\sel\pom.xml.
2025-03-26 21:41:59,316 [Worker-17: Updating Maven Project] INFO  o.e.m.c.i.p.ProjectConfigurationManager - Update completed for 1 poms: local refresh takes 0.00 sec, refresh facades takes 0.00 sec, update config takes 0.00 sec 
2026-04-11 15:18:39,574 [Worker-6: Loading available Gradle versions] INFO  o.e.b.c.i.u.g.PublishedGradleVersions - Gradle version information cache is out-of-date. Trying to update.
2026-04-11 15:18:45,087 [Worker-5: reload maven project] INFO  o.e.m.c.i.e.AbstractTransferListenerAdapter - Downloading https://repo.maven.apache.org/maven2/org/seleniumhq/selenium/selenium-java/4.1.3/selenium-java-4.1.3.pom
2026-04-11 15:18:45,157 [Worker-5: reload maven project] INFO  o.e.m.c.i.e.AbstractTransferListenerAdapter - Downloaded https://repo.maven.apache.org/maven2/org/seleniumhq/selenium/selenium-java/4.1.3/selenium-java-4.1.3.pom
2026-04-11 15:18:45,676 [Worker-5: reload maven project] INFO  o.e.m.c.i.e.AbstractTransferListenerAdapter - Downloading https://repo.maven.apache.org/maven2/org/seleniumhq/selenium/selenium-api/4.1.3/selenium-api-4.1.3.pom
2026-04-11 15:18:45,785 [Worker-5: reload maven project] INFO  o.e.m.c.i.e.AbstractTransferListenerAdapter - Downloaded https://repo.maven.apache.org/maven2/org/seleniumhq/selenium/selenium-api/4.1.3/selenium-api-4.1.3.pom
2026-04-11 15:18:46,730 [Worker-5: reload maven project] INFO  o.e.m.c.i.e.AbstractTransferListenerAdapter - Downloading https://repo.maven.apache.org/maven2/org/seleniumhq/selenium/selenium-chrome-driver/4.1.3/selenium-chrome-driver-4.1.3.pom
2026-04-11 15:18:46,857 [Worker-5: reload maven project] INFO  o.e.m.c.i.e.AbstractTransferListenerAdapter - Downloaded https://repo.maven.apache.org/maven2/org/seleniumhq/selenium/selenium-chrome-driver/4.1.3/selenium-chrome-driver-4.1.3.pom
2026-04-11 15:18:47,497 [Worker-5: reload maven project] INFO  o.e.m.c.i.e.AbstractTransferListenerAdapter - Downloading https://repo.maven.apache.org/maven2/com/google/auto/service/auto-service-annotations/1.0.1/auto-service-annotations-1.0.1.pom
2026-04-11 15:18:47,571 [Worker-5: reload maven project] INFO  o.e.m.c.i.e.AbstractTransferListenerAdapter - Downloaded https://repo.maven.apache.org/maven2/com/google/auto/service/auto-service-annotations/1.0.1/auto-service-annotations-1.0.1.pom
2026-04-11 15:18:47,968 [Worker-5: reload maven project] INFO  o.e.m.c.i.e.AbstractTransferListenerAdapter - Downloading https://repo.maven.apache.org/maven2/com/google/auto/service/auto-service-aggregator/1.0.1/auto-service-aggregator-1.0.1.pom
2026-04-11 15:18:48,030 [Worker-5: reload maven project] INFO  o.e.m.c.i.e.AbstractTransferListenerAdapter - Downloaded https://repo.maven.apache.org/maven2/com/google/auto/service/auto-service-aggregator/1.0.1/auto-service-aggregator-1.0.1.pom
2026-04-11 15:18:48,199 [Worker-5: reload maven project] INFO  o.e.m.c.i.e.AbstractTransferListenerAdapter - Downloading https://repo.maven.apache.org/maven2/com/google/auto/service/auto-service/1.0.1/auto-service-1.0.1.pom
2026-04-11 15:18:48,264 [Worker-5: reload maven project] INFO  o.e.m.c.i.e.AbstractTransferListenerAdapter - Downloaded https://repo.maven.apache.org/maven2/com/google/auto/service/auto-service/1.0.1/auto-service-1.0.1.pom
2026-04-11 15:18:48,648 [Worker-5: reload maven project] INFO  o.e.m.c.i.e.AbstractTransferListenerAdapter - Downloading https://repo.maven.apache.org/maven2/com/google/auto/auto-common/1.2/auto-common-1.2.pom
2026-04-11 15:18:48,686 [Worker-5: reload maven project] INFO  o.e.m.c.i.e.AbstractTransferListenerAdapter - Downloaded https://repo.maven.apache.org/maven2/com/google/auto/auto-common/1.2/auto-common-1.2.pom
2026-04-11 15:18:50,364 [Worker-5: reload maven project] INFO  o.e.m.c.i.e.AbstractTransferListenerAdapter - Downloading https://repo.maven.apache.org/maven2/com/google/guava/guava/31.0.1-jre/guava-31.0.1-jre.pom
2026-04-11 15:18:50,417 [Worker-5: reload maven project] INFO  o.e.m.c.i.e.AbstractTransferListenerAdapter - Downloaded https://repo.maven.apache.org/maven2/com/google/guava/guava/31.0.1-jre/guava-31.0.1-jre.pom
2026-04-11 15:18:56,367 [Worker-5: reload maven project] INFO  o.e.m.c.i.e.AbstractTransferListenerAdapter - Downloading https://repo.maven.apache.org/maven2/com/google/guava/guava-parent/31.0.1-jre/guava-parent-31.0.1-jre.pom
2026-04-11 15:18:56,405 [Worker-5: reload maven project] INFO  o.e.m.c.i.e.AbstractTransferListenerAdapter - Downloaded https://repo.maven.apache.org/maven2/com/google/guava/guava-parent/31.0.1-jre/guava-parent-31.0.1-jre.pom
2026-04-11 15:18:58,032 [Worker-5: reload maven project] INFO  o.e.m.c.i.e.AbstractTransferListenerAdapter - Downloading https://repo.maven.apache.org/maven2/com/google/guava/failureaccess/1.0.1/failureaccess-1.0.1.pom
2026-04-11 15:18:58,074 [Worker-5: reload maven project] INFO  o.e.m.c.i.e.AbstractTransferListenerAdapter - Downloaded https://repo.maven.apache.org/maven2/com/google/guava/failureaccess/1.0.1/failureaccess-1.0.1.pom
2026-04-11 15:18:59,788 [Worker-5: reload maven project] INFO  o.e.m.c.i.e.AbstractTransferListenerAdapter - Downloading https://repo.maven.apache.org/maven2/org/checkerframework/checker-qual/3.12.0/checker-qual-3.12.0.pom
2026-04-11 15:18:59,820 [Worker-5: reload maven project] INFO  o.e.m.c.i.e.AbstractTransferListenerAdapter - Downloaded https://repo.maven.apache.org/maven2/org/checkerframework/checker-qual/3.12.0/checker-qual-3.12.0.pom
2026-04-11 15:19:01,606 [Worker-5: reload maven project] INFO  o.e.m.c.i.e.AbstractTransferListenerAdapter - Downloading https://repo.maven.apache.org/maven2/com/google/errorprone/error_prone_annotations/2.7.1/error_prone_annotations-2.7.1.pom
2026-04-11 15:19:01,629 [Worker-5: reload maven project] INFO  o.e.m.c.i.e.AbstractTransferListenerAdapter - Downloaded https://repo.maven.apache.org/maven2/com/google/errorprone/error_prone_annotations/2.7.1/error_prone_annotations-2.7.1.pom
2026-04-11 15:19:02,366 [Worker-5: reload maven project] INFO  o.e.m.c.i.e.AbstractTransferListenerAdapter - Downloading https://repo.maven.apache.org/maven2/com/google/errorprone/error_prone_parent/2.7.1/error_prone_parent-2.7.1.pom
2026-04-11 15:19:02,387 [Worker-5: reload maven project] INFO  o.e.m.c.i.e.AbstractTransferListenerAdapter - Downloaded https://repo.maven.apache.org/maven2/com/google/errorprone/error_prone_parent/2.7.1/error_prone_parent-2.7.1.pom
2026-04-11 15:19:03,020 [Worker-5: reload maven project] INFO  o.e.m.c.i.e.AbstractTransferListenerAdapter - Downloading https://repo.maven.apache.org/maven2/com/google/j2objc/j2objc-annotations/1.3/j2objc-annotations-1.3.pom
2026-04-11 15:19:03,048 [Worker-5: reload maven project] INFO  o.e.m.c.i.e.AbstractTransferListenerAdapter - Downloaded https://repo.maven.apache.org/maven2/com/google/j2objc/j2objc-annotations/1.3/j2objc-annotations-1.3.pom
2026-04-11 15:19:04,102 [Worker-5: reload maven project] INFO  o.e.m.c.i.e.AbstractTransferListenerAdapter - Downloading https://repo.maven.apache.org/maven2/com/google/guava/guava/31.1-jre/guava-31.1-jre.pom
2026-04-11 15:19:04,137 [Worker-5: reload maven project] INFO  o.e.m.c.i.e.AbstractTransferListenerAdapter - Downloaded https://repo.maven.apache.org/maven2/com/google/guava/guava/31.1-jre/guava-31.1-jre.pom
2026-04-11 15:19:05,474 [Worker-5: reload maven project] INFO  o.e.m.c.i.e.AbstractTransferListenerAdapter - Downloading https://repo.maven.apache.org/maven2/com/google/guava/guava-parent/31.1-jre/guava-parent-31.1-jre.pom
2026-04-11 15:19:05,522 [Worker-5: reload maven project] INFO  o.e.m.c.i.e.AbstractTransferListenerAdapter - Downloaded https://repo.maven.apache.org/maven2/com/google/guava/guava-parent/31.1-jre/guava-parent-31.1-jre.pom
2026-04-11 15:19:08,369 [Worker-5: reload maven project] INFO  o.e.m.c.i.e.AbstractTransferListenerAdapter - Downloading https://repo.maven.apache.org/maven2/com/google/errorprone/error_prone_annotations/2.11.0/error_prone_annotations-2.11.0.pom
2026-04-11 15:19:08,391 [Worker-5: reload maven project] INFO  o.e.m.c.i.e.AbstractTransferListenerAdapter - Downloaded https://repo.maven.apache.org/maven2/com/google/errorprone/error_prone_annotations/2.11.0/error_prone_annotations-2.11.0.pom
2026-04-11 15:19:08,996 [Worker-5: reload maven project] INFO  o.e.m.c.i.e.AbstractTransferListenerAdapter - Downloading https://repo.maven.apache.org/maven2/com/google/errorprone/error_prone_parent/2.11.0/error_prone_parent-2.11.0.pom
2026-04-11 15:19:09,025 [Worker-5: reload maven project] INFO  o.e.m.c.i.e.AbstractTransferListenerAdapter - Downloaded https://repo.maven.apache.org/maven2/com/google/errorprone/error_prone_parent/2.11.0/error_prone_parent-2.11.0.pom
2026-04-11 15:19:09,415 [Worker-5: reload maven project] INFO  o.e.m.c.i.e.AbstractTransferListenerAdapter - Downloading https://repo.maven.apache.org/maven2/org/seleniumhq/selenium/selenium-chromium-driver/4.1.3/selenium-chromium-driver-4.1.3.pom
2026-04-11 15:19:09,440 [Worker-5: reload maven project] INFO  o.e.m.c.i.e.AbstractTransferListenerAdapter - Downloaded https://repo.maven.apache.org/maven2/org/seleniumhq/selenium/selenium-chromium-driver/4.1.3/selenium-chromium-driver-4.1.3.pom
2026-04-11 15:19:09,892 [Worker-5: reload maven project] INFO  o.e.m.c.i.e.AbstractTransferListenerAdapter - Downloading https://repo.maven.apache.org/maven2/org/seleniumhq/selenium/selenium-json/4.1.3/selenium-json-4.1.3.pom
2026-04-11 15:19:09,914 [Worker-5: reload maven project] INFO  o.e.m.c.i.e.AbstractTransferListenerAdapter - Downloaded https://repo.maven.apache.org/maven2/org/seleniumhq/selenium/selenium-json/4.1.3/selenium-json-4.1.3.pom
2026-04-11 15:19:10,470 [Worker-5: reload maven project] INFO  o.e.m.c.i.e.AbstractTransferListenerAdapter - Downloading https://repo.maven.apache.org/maven2/org/seleniumhq/selenium/selenium-remote-driver/4.1.3/selenium-remote-driver-4.1.3.pom
2026-04-11 15:19:10,497 [Worker-5: reload maven project] INFO  o.e.m.c.i.e.AbstractTransferListenerAdapter - Downloaded https://repo.maven.apache.org/maven2/org/seleniumhq/selenium/selenium-remote-driver/4.1.3/selenium-remote-driver-4.1.3.pom
2026-04-11 15:19:11,167 [Worker-5: reload maven project] INFO  o.e.m.c.i.e.AbstractTransferListenerAdapter - Downloading https://repo.maven.apache.org/maven2/io/netty/netty-buffer/4.1.75.Final/netty-buffer-4.1.75.Final.pom
2026-04-11 15:19:11,189 [Worker-5: reload maven project] INFO  o.e.m.c.i.e.AbstractTransferListenerAdapter - Downloaded https://repo.maven.apache.org/maven2/io/netty/netty-buffer/4.1.75.Final/netty-buffer-4.1.75.Final.pom
2026-04-11 15:19:11,504 [Worker-5: reload maven project] INFO  o.e.m.c.i.e.AbstractTransferListenerAdapter - Downloading https://repo.maven.apache.org/maven2/io/netty/netty-parent/4.1.75.Final/netty-parent-4.1.75.Final.pom
2026-04-11 15:19:11,540 [Worker-5: reload maven project] INFO  o.e.m.c.i.e.AbstractTransferListenerAdapter - Downloaded https://repo.maven.apache.org/maven2/io/netty/netty-parent/4.1.75.Final/netty-parent-4.1.75.Final.pom
2026-04-11 15:19:14,371 [Worker-5: reload maven project] INFO  o.e.m.c.i.e.AbstractTransferListenerAdapter - Downloading https://repo.maven.apache.org/maven2/io/netty/netty-common/4.1.75.Final/netty-common-4.1.75.Final.pom
2026-04-11 15:19:14,394 [Worker-5: reload maven project] INFO  o.e.m.c.i.e.AbstractTransferListenerAdapter - Downloaded https://repo.maven.apache.org/maven2/io/netty/netty-common/4.1.75.Final/netty-common-4.1.75.Final.pom
2026-04-11 15:19:14,674 [Worker-5: reload maven project] INFO  o.e.m.c.i.e.AbstractTransferListenerAdapter - Downloading https://repo.maven.apache.org/maven2/io/netty/netty-codec-http/4.1.75.Final/netty-codec-http-4.1.75.Final.pom
2026-04-11 15:19:14,697 [Worker-5: reload maven project] INFO  o.e.m.c.i.e.AbstractTransferListenerAdapter - Downloaded https://repo.maven.apache.org/maven2/io/netty/netty-codec-http/4.1.75.Final/netty-codec-http-4.1.75.Final.pom
2026-04-11 15:19:15,468 [Worker-5: reload maven project] INFO  o.e.m.c.i.e.AbstractTransferListenerAdapter - Downloading https://repo.maven.apache.org/maven2/io/netty/netty-transport/4.1.75.Final/netty-transport-4.1.75.Final.pom
2026-04-11 15:19:15,496 [Worker-5: reload maven project] INFO  o.e.m.c.i.e.AbstractTransferListenerAdapter - Downloaded https://repo.maven.apache.org/maven2/io/netty/netty-transport/4.1.75.Final/netty-transport-4.1.75.Final.pom
2026-04-11 15:19:15,844 [Worker-5: reload maven project] INFO  o.e.m.c.i.e.AbstractTransferListenerAdapter - Downloading https://repo.maven.apache.org/maven2/io/netty/netty-resolver/4.1.75.Final/netty-resolver-4.1.75.Final.pom
2026-04-11 15:19:15,875 [Worker-5: reload maven project] INFO  o.e.m.c.i.e.AbstractTransferListenerAdapter - Downloaded https://repo.maven.apache.org/maven2/io/netty/netty-resolver/4.1.75.Final/netty-resolver-4.1.75.Final.pom
2026-04-11 15:19:16,729 [Worker-5: reload maven project] INFO  o.e.m.c.i.e.AbstractTransferListenerAdapter - Downloading https://repo.maven.apache.org/maven2/io/netty/netty-codec/4.1.75.Final/netty-codec-4.1.75.Final.pom
2026-04-11 15:19:16,752 [Worker-5: reload maven project] INFO  o.e.m.c.i.e.AbstractTransferListenerAdapter - Downloaded https://repo.maven.apache.org/maven2/io/netty/netty-codec/4.1.75.Final/netty-codec-4.1.75.Final.pom
2026-04-11 15:19:20,380 [Worker-5: reload maven project] INFO  o.e.m.c.i.e.AbstractTransferListenerAdapter - Downloading https://repo.maven.apache.org/maven2/io/netty/netty-handler/4.1.75.Final/netty-handler-4.1.75.Final.pom
2026-04-11 15:19:20,420 [Worker-5: reload maven project] INFO  o.e.m.c.i.e.AbstractTransferListenerAdapter - Downloaded https://repo.maven.apache.org/maven2/io/netty/netty-handler/4.1.75.Final/netty-handler-4.1.75.Final.pom
2026-04-11 15:19:26,381 [Worker-5: reload maven project] INFO  o.e.m.c.i.e.AbstractTransferListenerAdapter - Downloading https://repo.maven.apache.org/maven2/io/netty/netty-transport-classes-epoll/4.1.75.Final/netty-transport-classes-epoll-4.1.75.Final.pom
2026-04-11 15:19:26,422 [Worker-5: reload maven project] INFO  o.e.m.c.i.e.AbstractTransferListenerAdapter - Downloaded https://repo.maven.apache.org/maven2/io/netty/netty-transport-classes-epoll/4.1.75.Final/netty-transport-classes-epoll-4.1.75.Final.pom
2026-04-11 15:19:26,842 [Worker-5: reload maven project] INFO  o.e.m.c.i.e.AbstractTransferListenerAdapter - Downloading https://repo.maven.apache.org/maven2/io/netty/netty-transport-native-unix-common/4.1.75.Final/netty-transport-native-unix-common-4.1.75.Final.pom
2026-04-11 15:19:26,885 [Worker-5: reload maven project] INFO  o.e.m.c.i.e.AbstractTransferListenerAdapter - Downloaded https://repo.maven.apache.org/maven2/io/netty/netty-transport-native-unix-common/4.1.75.Final/netty-transport-native-unix-common-4.1.75.Final.pom
2026-04-11 15:19:28,262 [Worker-5: reload maven project] INFO  o.e.m.c.i.e.AbstractTransferListenerAdapter - Downloading https://repo.maven.apache.org/maven2/io/netty/netty-transport-classes-kqueue/4.1.75.Final/netty-transport-classes-kqueue-4.1.75.Final.pom
2026-04-11 15:19:28,298 [Worker-5: reload maven project] INFO  o.e.m.c.i.e.AbstractTransferListenerAdapter - Downloaded https://repo.maven.apache.org/maven2/io/netty/netty-transport-classes-kqueue/4.1.75.Final/netty-transport-classes-kqueue-4.1.75.Final.pom
2026-04-11 15:19:29,833 [Worker-5: reload maven project] INFO  o.e.m.c.i.e.AbstractTransferListenerAdapter - Downloading https://repo.maven.apache.org/maven2/io/netty/netty-transport-native-epoll/4.1.75.Final/netty-transport-native-epoll-4.1.75.Final.pom
2026-04-11 15:19:29,863 [Worker-5: reload maven project] INFO  o.e.m.c.i.e.AbstractTransferListenerAdapter - Downloaded https://repo.maven.apache.org/maven2/io/netty/netty-transport-native-epoll/4.1.75.Final/netty-transport-native-epoll-4.1.75.Final.pom
2026-04-11 15:19:32,137 [Worker-5: reload maven project] INFO  o.e.m.c.i.e.AbstractTransferListenerAdapter - Downloading https://repo.maven.apache.org/maven2/io/netty/netty-transport-native-kqueue/4.1.75.Final/netty-transport-native-kqueue-4.1.75.Final.pom
2026-04-11 15:19:32,162 [Worker-5: reload maven project] INFO  o.e.m.c.i.e.AbstractTransferListenerAdapter - Downloaded https://repo.maven.apache.org/maven2/io/netty/netty-transport-native-kqueue/4.1.75.Final/netty-transport-native-kqueue-4.1.75.Final.pom
2026-04-11 15:19:32,252 [Worker-5: reload maven project] INFO  o.e.m.c.i.e.AbstractTransferListenerAdapter - Downloading https://repo.maven.apache.org/maven2/io/opentelemetry/opentelemetry-api/1.12.0/opentelemetry-api-1.12.0.pom
2026-04-11 15:19:32,293 [Worker-5: reload maven project] INFO  o.e.m.c.i.e.AbstractTransferListenerAdapter - Downloaded https://repo.maven.apache.org/maven2/io/opentelemetry/opentelemetry-api/1.12.0/opentelemetry-api-1.12.0.pom
2026-04-11 15:19:32,368 [Worker-5: reload maven project] INFO  o.e.m.c.i.e.AbstractTransferListenerAdapter - Downloading https://repo.maven.apache.org/maven2/io/opentelemetry/opentelemetry-context/1.12.0/opentelemetry-context-1.12.0.pom
2026-04-11 15:19:32,403 [Worker-5: reload maven project] INFO  o.e.m.c.i.e.AbstractTransferListenerAdapter - Downloaded https://repo.maven.apache.org/maven2/io/opentelemetry/opentelemetry-context/1.12.0/opentelemetry-context-1.12.0.pom
2026-04-11 15:19:32,468 [Worker-5: reload maven project] INFO  o.e.m.c.i.e.AbstractTransferListenerAdapter - Downloading https://repo.maven.apache.org/maven2/io/opentelemetry/opentelemetry-exporter-logging/1.12.0/opentelemetry-exporter-logging-1.12.0.pom
2026-04-11 15:19:32,550 [Worker-5: reload maven project] INFO  o.e.m.c.i.e.AbstractTransferListenerAdapter - Downloaded https://repo.maven.apache.org/maven2/io/opentelemetry/opentelemetry-exporter-logging/1.12.0/opentelemetry-exporter-logging-1.12.0.pom
2026-04-11 15:19:32,671 [Worker-5: reload maven project] INFO  o.e.m.c.i.e.AbstractTransferListenerAdapter - Downloading https://repo.maven.apache.org/maven2/io/opentelemetry/opentelemetry-sdk/1.12.0/opentelemetry-sdk-1.12.0.pom
2026-04-11 15:19:32,704 [Worker-5: reload maven project] INFO  o.e.m.c.i.e.AbstractTransferListenerAdapter - Downloaded https://repo.maven.apache.org/maven2/io/opentelemetry/opentelemetry-sdk/1.12.0/opentelemetry-sdk-1.12.0.pom
2026-04-11 15:19:32,927 [Worker-5: reload maven project] INFO  o.e.m.c.i.e.AbstractTransferListenerAdapter - Downloading https://repo.maven.apache.org/maven2/io/opentelemetry/opentelemetry-sdk-common/1.12.0/opentelemetry-sdk-common-1.12.0.pom
2026-04-11 15:19:32,971 [Worker-5: reload maven project] INFO  o.e.m.c.i.e.AbstractTransferListenerAdapter - Downloaded https://repo.maven.apache.org/maven2/io/opentelemetry/opentelemetry-sdk-common/1.12.0/opentelemetry-sdk-common-1.12.0.pom
2026-04-11 15:19:33,161 [Worker-5: reload maven project] INFO  o.e.m.c.i.e.AbstractTransferListenerAdapter - Downloading https://repo.maven.apache.org/maven2/io/opentelemetry/opentelemetry-semconv/1.12.0-alpha/opentelemetry-semconv-1.12.0-alpha.pom
2026-04-11 15:19:33,191 [Worker-5: reload maven project] INFO  o.e.m.c.i.e.AbstractTransferListenerAdapter - Downloaded https://repo.maven.apache.org/maven2/io/opentelemetry/opentelemetry-semconv/1.12.0-alpha/opentelemetry-semconv-1.12.0-alpha.pom
2026-04-11 15:19:33,529 [Worker-5: reload maven project] INFO  o.e.m.c.i.e.AbstractTransferListenerAdapter - Downloading https://repo.maven.apache.org/maven2/io/opentelemetry/opentelemetry-sdk-trace/1.12.0/opentelemetry-sdk-trace-1.12.0.pom
2026-04-11 15:19:33,571 [Worker-5: reload maven project] INFO  o.e.m.c.i.e.AbstractTransferListenerAdapter - Downloaded https://repo.maven.apache.org/maven2/io/opentelemetry/opentelemetry-sdk-trace/1.12.0/opentelemetry-sdk-trace-1.12.0.pom
2026-04-11 15:19:33,702 [Worker-5: reload maven project] INFO  o.e.m.c.i.e.AbstractTransferListenerAdapter - Downloading https://repo.maven.apache.org/maven2/io/opentelemetry/opentelemetry-sdk-metrics/1.12.0-alpha/opentelemetry-sdk-metrics-1.12.0-alpha.pom
2026-04-11 15:19:33,751 [Worker-5: reload maven project] INFO  o.e.m.c.i.e.AbstractTransferListenerAdapter - Downloaded https://repo.maven.apache.org/maven2/io/opentelemetry/opentelemetry-sdk-metrics/1.12.0-alpha/opentelemetry-sdk-metrics-1.12.0-alpha.pom
2026-04-11 15:19:34,375 [Worker-5: reload maven project] INFO  o.e.m.c.i.e.AbstractTransferListenerAdapter - Downloading https://repo.maven.apache.org/maven2/io/opentelemetry/opentelemetry-sdk-logs/1.12.0-alpha/opentelemetry-sdk-logs-1.12.0-alpha.pom
2026-04-11 15:19:34,398 [Worker-5: reload maven project] INFO  o.e.m.c.i.e.AbstractTransferListenerAdapter - Downloaded https://repo.maven.apache.org/maven2/io/opentelemetry/opentelemetry-sdk-logs/1.12.0-alpha/opentelemetry-sdk-logs-1.12.0-alpha.pom
2026-04-11 15:19:34,532 [Worker-5: reload maven project] INFO  o.e.m.c.i.e.AbstractTransferListenerAdapter - Downloading https://repo.maven.apache.org/maven2/io/opentelemetry/opentelemetry-sdk-extension-autoconfigure-spi/1.12.0/opentelemetry-sdk-extension-autoconfigure-spi-1.12.0.pom
2026-04-11 15:19:34,560 [Worker-5: reload maven project] INFO  o.e.m.c.i.e.AbstractTransferListenerAdapter - Downloaded https://repo.maven.apache.org/maven2/io/opentelemetry/opentelemetry-sdk-extension-autoconfigure-spi/1.12.0/opentelemetry-sdk-extension-autoconfigure-spi-1.12.0.pom
2026-04-11 15:19:35,386 [Worker-5: reload maven project] INFO  o.e.m.c.i.e.AbstractTransferListenerAdapter - Downloading https://repo.maven.apache.org/maven2/io/opentelemetry/opentelemetry-sdk-extension-autoconfigure/1.12.0-alpha/opentelemetry-sdk-extension-autoconfigure-1.12.0-alpha.pom
2026-04-11 15:19:35,414 [Worker-5: reload maven project] INFO  o.e.m.c.i.e.AbstractTransferListenerAdapter - Downloaded https://repo.maven.apache.org/maven2/io/opentelemetry/opentelemetry-sdk-extension-autoconfigure/1.12.0-alpha/opentelemetry-sdk-extension-autoconfigure-1.12.0-alpha.pom
2026-04-11 15:19:36,532 [Worker-5: reload maven project] INFO  o.e.m.c.i.e.AbstractTransferListenerAdapter - Downloading https://repo.maven.apache.org/maven2/io/ous/jtoml/2.0.0/jtoml-2.0.0.pom
2026-04-11 15:19:36,574 [Worker-5: reload maven project] INFO  o.e.m.c.i.e.AbstractTransferListenerAdapter - Downloaded https://repo.maven.apache.org/maven2/io/ous/jtoml/2.0.0/jtoml-2.0.0.pom
2026-04-11 15:19:37,348 [Worker-5: reload maven project] INFO  o.e.m.c.i.e.AbstractTransferListenerAdapter - Downloading https://repo.maven.apache.org/maven2/net/bytebuddy/byte-buddy/1.12.8/byte-buddy-1.12.8.pom
2026-04-11 15:19:37,371 [Worker-5: reload maven project] INFO  o.e.m.c.i.e.AbstractTransferListenerAdapter - Downloaded https://repo.maven.apache.org/maven2/net/bytebuddy/byte-buddy/1.12.8/byte-buddy-1.12.8.pom
2026-04-11 15:19:38,376 [Worker-5: reload maven project] INFO  o.e.m.c.i.e.AbstractTransferListenerAdapter - Downloading https://repo.maven.apache.org/maven2/net/bytebuddy/byte-buddy-parent/1.12.8/byte-buddy-parent-1.12.8.pom
2026-04-11 15:19:38,406 [Worker-5: reload maven project] INFO  o.e.m.c.i.e.AbstractTransferListenerAdapter - Downloaded https://repo.maven.apache.org/maven2/net/bytebuddy/byte-buddy-parent/1.12.8/byte-buddy-parent-1.12.8.pom
2026-04-11 15:19:39,018 [Worker-5: reload maven project] INFO  o.e.m.c.i.e.AbstractTransferListenerAdapter - Downloading https://repo.maven.apache.org/maven2/org/apache/commons/commons-exec/1.3/commons-exec-1.3.pom
2026-04-11 15:19:39,058 [Worker-5: reload maven project] INFO  o.e.m.c.i.e.AbstractTransferListenerAdapter - Downloaded https://repo.maven.apache.org/maven2/org/apache/commons/commons-exec/1.3/commons-exec-1.3.pom
2026-04-11 15:19:39,572 [Worker-5: reload maven project] INFO  o.e.m.c.i.e.AbstractTransferListenerAdapter - Downloading https://repo.maven.apache.org/maven2/org/apache/commons/commons-parent/35/commons-parent-35.pom
2026-04-11 15:19:39,605 [Worker-5: reload maven project] INFO  o.e.m.c.i.e.AbstractTransferListenerAdapter - Downloaded https://repo.maven.apache.org/maven2/org/apache/commons/commons-parent/35/commons-parent-35.pom
2026-04-11 15:19:42,207 [Worker-5: reload maven project] INFO  o.e.m.c.i.e.AbstractTransferListenerAdapter - Downloading https://repo.maven.apache.org/maven2/org/asynchttpclient/async-http-client/2.12.3/async-http-client-2.12.3.pom
2026-04-11 15:19:44,403 [Worker-5: reload maven project] INFO  o.e.m.c.i.e.AbstractTransferListenerAdapter - Downloaded https://repo.maven.apache.org/maven2/org/asynchttpclient/async-http-client/2.12.3/async-http-client-2.12.3.pom
2026-04-11 15:19:44,713 [Worker-5: reload maven project] INFO  o.e.m.c.i.e.AbstractTransferListenerAdapter - Downloading https://repo.maven.apache.org/maven2/org/asynchttpclient/async-http-client-project/2.12.3/async-http-client-project-2.12.3.pom
2026-04-11 15:19:44,746 [Worker-5: reload maven project] INFO  o.e.m.c.i.e.AbstractTransferListenerAdapter - Downloaded https://repo.maven.apache.org/maven2/org/asynchttpclient/async-http-client-project/2.12.3/async-http-client-project-2.12.3.pom
2026-04-11 15:19:45,767 [Worker-5: reload maven project] INFO  o.e.m.c.i.e.AbstractTransferListenerAdapter - Downloading https://repo.maven.apache.org/maven2/org/asynchttpclient/async-http-client-netty-utils/2.12.3/async-http-client-netty-utils-2.12.3.pom
2026-04-11 15:19:45,790 [Worker-5: reload maven project] INFO  o.e.m.c.i.e.AbstractTransferListenerAdapter - Downloaded https://repo.maven.apache.org/maven2/org/asynchttpclient/async-http-client-netty-utils/2.12.3/async-http-client-netty-utils-2.12.3.pom
2026-04-11 15:19:46,744 [Worker-5: reload maven project] INFO  o.e.m.c.i.e.AbstractTransferListenerAdapter - Downloading https://repo.maven.apache.org/maven2/io/netty/netty-buffer/4.1.60.Final/netty-buffer-4.1.60.Final.pom
2026-04-11 15:19:46,791 [Worker-5: reload maven project] INFO  o.e.m.c.i.e.AbstractTransferListenerAdapter - Downloaded https://repo.maven.apache.org/maven2/io/netty/netty-buffer/4.1.60.Final/netty-buffer-4.1.60.Final.pom
2026-04-11 15:19:49,790 [Worker-5: reload maven project] INFO  o.e.m.c.i.e.AbstractTransferListenerAdapter - Downloading https://repo.maven.apache.org/maven2/io/netty/netty-parent/4.1.60.Final/netty-parent-4.1.60.Final.pom
2026-04-11 15:19:49,820 [Worker-5: reload maven project] INFO  o.e.m.c.i.e.AbstractTransferListenerAdapter - Downloaded https://repo.maven.apache.org/maven2/io/netty/netty-parent/4.1.60.Final/netty-parent-4.1.60.Final.pom
2026-04-11 15:19:50,395 [Worker-5: reload maven project] INFO  o.e.m.c.i.e.AbstractTransferListenerAdapter - Downloading https://repo.maven.apache.org/maven2/io/netty/netty-common/4.1.60.Final/netty-common-4.1.60.Final.pom
2026-04-11 15:19:50,418 [Worker-5: reload maven project] INFO  o.e.m.c.i.e.AbstractTransferListenerAdapter - Downloaded https://repo.maven.apache.org/maven2/io/netty/netty-common/4.1.60.Final/netty-common-4.1.60.Final.pom
2026-04-11 15:19:56,494 [Worker-5: reload maven project] INFO  o.e.m.c.i.e.AbstractTransferListenerAdapter - Downloading https://repo.maven.apache.org/maven2/org/slf4j/slf4j-api/1.7.30/slf4j-api-1.7.30.pom
2026-04-11 15:19:56,519 [Worker-5: reload maven project] INFO  o.e.m.c.i.e.AbstractTransferListenerAdapter - Downloaded https://repo.maven.apache.org/maven2/org/slf4j/slf4j-api/1.7.30/slf4j-api-1.7.30.pom
2026-04-11 15:19:56,814 [Worker-5: reload maven project] INFO  o.e.m.c.i.e.AbstractTransferListenerAdapter - Downloading https://repo.maven.apache.org/maven2/org/slf4j/slf4j-parent/1.7.30/slf4j-parent-1.7.30.pom
2026-04-11 15:19:56,840 [Worker-5: reload maven project] INFO  o.e.m.c.i.e.AbstractTransferListenerAdapter - Downloaded https://repo.maven.apache.org/maven2/org/slf4j/slf4j-parent/1.7.30/slf4j-parent-1.7.30.pom
2026-04-11 15:19:56,928 [Worker-5: reload maven project] INFO  o.e.m.c.i.e.AbstractTransferListenerAdapter - Downloading https://repo.maven.apache.org/maven2/com/sun/activation/jakarta.activation/1.2.2/jakarta.activation-1.2.2.pom
2026-04-11 15:19:57,119 [Worker-5: reload maven project] INFO  o.e.m.c.i.e.AbstractTransferListenerAdapter - Downloaded https://repo.maven.apache.org/maven2/com/sun/activation/jakarta.activation/1.2.2/jakarta.activation-1.2.2.pom
2026-04-11 15:19:57,404 [Worker-5: reload maven project] INFO  o.e.m.c.i.e.AbstractTransferListenerAdapter - Downloading https://repo.maven.apache.org/maven2/com/sun/activation/all/1.2.2/all-1.2.2.pom
2026-04-11 15:19:57,433 [Worker-5: reload maven project] INFO  o.e.m.c.i.e.AbstractTransferListenerAdapter - Downloaded https://repo.maven.apache.org/maven2/com/sun/activation/all/1.2.2/all-1.2.2.pom
2026-04-11 15:19:57,571 [Worker-5: reload maven project] INFO  o.e.m.c.i.e.AbstractTransferListenerAdapter - Downloading https://repo.maven.apache.org/maven2/io/netty/netty-codec-http/4.1.60.Final/netty-codec-http-4.1.60.Final.pom
2026-04-11 15:19:57,592 [Worker-5: reload maven project] INFO  o.e.m.c.i.e.AbstractTransferListenerAdapter - Downloaded https://repo.maven.apache.org/maven2/io/netty/netty-codec-http/4.1.60.Final/netty-codec-http-4.1.60.Final.pom
2026-04-11 15:19:58,008 [Worker-5: reload maven project] INFO  o.e.m.c.i.e.AbstractTransferListenerAdapter - Downloading https://repo.maven.apache.org/maven2/io/netty/netty-transport/4.1.60.Final/netty-transport-4.1.60.Final.pom
2026-04-11 15:19:58,050 [Worker-5: reload maven project] INFO  o.e.m.c.i.e.AbstractTransferListenerAdapter - Downloaded https://repo.maven.apache.org/maven2/io/netty/netty-transport/4.1.60.Final/netty-transport-4.1.60.Final.pom
2026-04-11 15:19:59,444 [Worker-5: reload maven project] INFO  o.e.m.c.i.e.AbstractTransferListenerAdapter - Downloading https://repo.maven.apache.org/maven2/io/netty/netty-resolver/4.1.60.Final/netty-resolver-4.1.60.Final.pom
2026-04-11 15:19:59,485 [Worker-5: reload maven project] INFO  o.e.m.c.i.e.AbstractTransferListenerAdapter - Downloaded https://repo.maven.apache.org/maven2/io/netty/netty-resolver/4.1.60.Final/netty-resolver-4.1.60.Final.pom
2026-04-11 15:20:01,589 [Worker-5: reload maven project] INFO  o.e.m.c.i.e.AbstractTransferListenerAdapter - Downloading https://repo.maven.apache.org/maven2/io/netty/netty-codec/4.1.60.Final/netty-codec-4.1.60.Final.pom
2026-04-11 15:20:01,616 [Worker-5: reload maven project] INFO  o.e.m.c.i.e.AbstractTransferListenerAdapter - Downloaded https://repo.maven.apache.org/maven2/io/netty/netty-codec/4.1.60.Final/netty-codec-4.1.60.Final.pom
2026-04-11 15:20:02,293 [Worker-5: reload maven project] INFO  o.e.m.c.i.e.AbstractTransferListenerAdapter - Downloading https://repo.maven.apache.org/maven2/io/netty/netty-handler/4.1.60.Final/netty-handler-4.1.60.Final.pom
2026-04-11 15:20:02,317 [Worker-5: reload maven project] INFO  o.e.m.c.i.e.AbstractTransferListenerAdapter - Downloaded https://repo.maven.apache.org/maven2/io/netty/netty-handler/4.1.60.Final/netty-handler-4.1.60.Final.pom
2026-04-11 15:20:02,395 [Worker-5: reload maven project] INFO  o.e.m.c.i.e.AbstractTransferListenerAdapter - Downloading https://repo.maven.apache.org/maven2/io/netty/netty-codec-socks/4.1.60.Final/netty-codec-socks-4.1.60.Final.pom
2026-04-11 15:20:02,417 [Worker-5: reload maven project] INFO  o.e.m.c.i.e.AbstractTransferListenerAdapter - Downloaded https://repo.maven.apache.org/maven2/io/netty/netty-codec-socks/4.1.60.Final/netty-codec-socks-4.1.60.Final.pom
2026-04-11 15:20:04,142 [Worker-5: reload maven project] INFO  o.e.m.c.i.e.AbstractTransferListenerAdapter - Downloading https://repo.maven.apache.org/maven2/io/netty/netty-handler-proxy/4.1.60.Final/netty-handler-proxy-4.1.60.Final.pom
2026-04-11 15:20:07,623 [Worker-5: reload maven project] INFO  o.e.m.c.i.e.AbstractTransferListenerAdapter - Downloaded https://repo.maven.apache.org/maven2/io/netty/netty-handler-proxy/4.1.60.Final/netty-handler-proxy-4.1.60.Final.pom
2026-04-11 15:20:08,221 [Worker-5: reload maven project] INFO  o.e.m.c.i.e.AbstractTransferListenerAdapter - Downloading https://repo.maven.apache.org/maven2/io/netty/netty-transport-native-epoll/4.1.60.Final/netty-transport-native-epoll-4.1.60.Final.pom
2026-04-11 15:20:08,264 [Worker-5: reload maven project] INFO  o.e.m.c.i.e.AbstractTransferListenerAdapter - Downloaded https://repo.maven.apache.org/maven2/io/netty/netty-transport-native-epoll/4.1.60.Final/netty-transport-native-epoll-4.1.60.Final.pom
2026-04-11 15:20:08,376 [Worker-5: reload maven project] INFO  o.e.m.c.i.e.AbstractTransferListenerAdapter - Downloading https://repo.maven.apache.org/maven2/io/netty/netty-transport-native-unix-common/4.1.60.Final/netty-transport-native-unix-common-4.1.60.Final.pom
2026-04-11 15:20:08,401 [Worker-5: reload maven project] INFO  o.e.m.c.i.e.AbstractTransferListenerAdapter - Downloaded https://repo.maven.apache.org/maven2/io/netty/netty-transport-native-unix-common/4.1.60.Final/netty-transport-native-unix-common-4.1.60.Final.pom
2026-04-11 15:20:08,658 [Worker-5: reload maven project] INFO  o.e.m.c.i.e.AbstractTransferListenerAdapter - Downloading https://repo.maven.apache.org/maven2/io/netty/netty-transport-native-kqueue/4.1.60.Final/netty-transport-native-kqueue-4.1.60.Final.pom
2026-04-11 15:20:08,698 [Worker-5: reload maven project] INFO  o.e.m.c.i.e.AbstractTransferListenerAdapter - Downloaded https://repo.maven.apache.org/maven2/io/netty/netty-transport-native-kqueue/4.1.60.Final/netty-transport-native-kqueue-4.1.60.Final.pom
2026-04-11 15:20:08,795 [Worker-5: reload maven project] INFO  o.e.m.c.i.e.AbstractTransferListenerAdapter - Downloading https://repo.maven.apache.org/maven2/org/reactivestreams/reactive-streams/1.0.3/reactive-streams-1.0.3.pom
2026-04-11 15:20:08,914 [Worker-5: reload maven project] INFO  o.e.m.c.i.e.AbstractTransferListenerAdapter - Downloaded https://repo.maven.apache.org/maven2/org/reactivestreams/reactive-streams/1.0.3/reactive-streams-1.0.3.pom
2026-04-11 15:20:10,341 [Worker-5: reload maven project] INFO  o.e.m.c.i.e.AbstractTransferListenerAdapter - Downloading https://repo.maven.apache.org/maven2/com/typesafe/netty/netty-reactive-streams/2.0.4/netty-reactive-streams-2.0.4.pom
2026-04-11 15:20:10,382 [Worker-5: reload maven project] INFO  o.e.m.c.i.e.AbstractTransferListenerAdapter - Downloaded https://repo.maven.apache.org/maven2/com/typesafe/netty/netty-reactive-streams/2.0.4/netty-reactive-streams-2.0.4.pom
2026-04-11 15:20:10,721 [Worker-5: reload maven project] INFO  o.e.m.c.i.e.AbstractTransferListenerAdapter - Downloading https://repo.maven.apache.org/maven2/com/typesafe/netty/netty-reactive-streams-parent/2.0.4/netty-reactive-streams-parent-2.0.4.pom
2026-04-11 15:20:10,747 [Worker-5: reload maven project] INFO  o.e.m.c.i.e.AbstractTransferListenerAdapter - Downloaded https://repo.maven.apache.org/maven2/com/typesafe/netty/netty-reactive-streams-parent/2.0.4/netty-reactive-streams-parent-2.0.4.pom
2026-04-11 15:20:12,138 [Worker-5: reload maven project] INFO  o.e.m.c.i.e.AbstractTransferListenerAdapter - Downloading https://repo.maven.apache.org/maven2/io/netty/netty-handler/4.1.43.Final/netty-handler-4.1.43.Final.pom
2026-04-11 15:20:12,165 [Worker-5: reload maven project] INFO  o.e.m.c.i.e.AbstractTransferListenerAdapter - Downloaded https://repo.maven.apache.org/maven2/io/netty/netty-handler/4.1.43.Final/netty-handler-4.1.43.Final.pom
2026-04-11 15:20:12,591 [Worker-5: reload maven project] INFO  o.e.m.c.i.e.AbstractTransferListenerAdapter - Downloading https://repo.maven.apache.org/maven2/io/netty/netty-parent/4.1.43.Final/netty-parent-4.1.43.Final.pom
2026-04-11 15:20:12,621 [Worker-5: reload maven project] INFO  o.e.m.c.i.e.AbstractTransferListenerAdapter - Downloaded https://repo.maven.apache.org/maven2/io/netty/netty-parent/4.1.43.Final/netty-parent-4.1.43.Final.pom
2026-04-11 15:20:14,392 [Worker-5: reload maven project] INFO  o.e.m.c.i.e.AbstractTransferListenerAdapter - Downloading https://repo.maven.apache.org/maven2/io/netty/netty-common/4.1.43.Final/netty-common-4.1.43.Final.pom
2026-04-11 15:20:14,423 [Worker-5: reload maven project] INFO  o.e.m.c.i.e.AbstractTransferListenerAdapter - Downloaded https://repo.maven.apache.org/maven2/io/netty/netty-common/4.1.43.Final/netty-common-4.1.43.Final.pom
2026-04-11 15:20:14,795 [Worker-5: reload maven project] INFO  o.e.m.c.i.e.AbstractTransferListenerAdapter - Downloading https://repo.maven.apache.org/maven2/io/netty/netty-buffer/4.1.43.Final/netty-buffer-4.1.43.Final.pom
2026-04-11 15:20:14,834 [Worker-5: reload maven project] INFO  o.e.m.c.i.e.AbstractTransferListenerAdapter - Downloaded https://repo.maven.apache.org/maven2/io/netty/netty-buffer/4.1.43.Final/netty-buffer-4.1.43.Final.pom
2026-04-11 15:20:15,364 [Worker-5: reload maven project] INFO  o.e.m.c.i.e.AbstractTransferListenerAdapter - Downloading https://repo.maven.apache.org/maven2/io/netty/netty-transport/4.1.43.Final/netty-transport-4.1.43.Final.pom
2026-04-11 15:20:15,386 [Worker-5: reload maven project] INFO  o.e.m.c.i.e.AbstractTransferListenerAdapter - Downloaded https://repo.maven.apache.org/maven2/io/netty/netty-transport/4.1.43.Final/netty-transport-4.1.43.Final.pom
2026-04-11 15:20:15,588 [Worker-5: reload maven project] INFO  o.e.m.c.i.e.AbstractTransferListenerAdapter - Downloading https://repo.maven.apache.org/maven2/io/netty/netty-resolver/4.1.43.Final/netty-resolver-4.1.43.Final.pom
2026-04-11 15:20:15,616 [Worker-5: reload maven project] INFO  o.e.m.c.i.e.AbstractTransferListenerAdapter - Downloaded https://repo.maven.apache.org/maven2/io/netty/netty-resolver/4.1.43.Final/netty-resolver-4.1.43.Final.pom
2026-04-11 15:20:16,052 [Worker-5: reload maven project] INFO  o.e.m.c.i.e.AbstractTransferListenerAdapter - Downloading https://repo.maven.apache.org/maven2/io/netty/netty-codec/4.1.43.Final/netty-codec-4.1.43.Final.pom
2026-04-11 15:20:16,095 [Worker-5: reload maven project] INFO  o.e.m.c.i.e.AbstractTransferListenerAdapter - Downloaded https://repo.maven.apache.org/maven2/io/netty/netty-codec/4.1.43.Final/netty-codec-4.1.43.Final.pom
2026-04-11 15:20:16,759 [Worker-5: reload maven project] INFO  o.e.m.c.i.e.AbstractTransferListenerAdapter - Downloading https://repo.maven.apache.org/maven2/org/seleniumhq/selenium/selenium-http/4.1.3/selenium-http-4.1.3.pom
2026-04-11 15:20:16,784 [Worker-5: reload maven project] INFO  o.e.m.c.i.e.AbstractTransferListenerAdapter - Downloaded https://repo.maven.apache.org/maven2/org/seleniumhq/selenium/selenium-http/4.1.3/selenium-http-4.1.3.pom
2026-04-11 15:20:17,677 [Worker-5: reload maven project] INFO  o.e.m.c.i.e.AbstractTransferListenerAdapter - Downloading https://repo.maven.apache.org/maven2/dev/failsafe/failsafe/3.2.3/failsafe-3.2.3.pom
2026-04-11 15:20:17,700 [Worker-5: reload maven project] INFO  o.e.m.c.i.e.AbstractTransferListenerAdapter - Downloaded https://repo.maven.apache.org/maven2/dev/failsafe/failsafe/3.2.3/failsafe-3.2.3.pom
2026-04-11 15:20:20,395 [Worker-5: reload maven project] INFO  o.e.m.c.i.e.AbstractTransferListenerAdapter - Downloading https://repo.maven.apache.org/maven2/dev/failsafe/failsafe-parent/3.2.3/failsafe-parent-3.2.3.pom
2026-04-11 15:20:20,417 [Worker-5: reload maven project] INFO  o.e.m.c.i.e.AbstractTransferListenerAdapter - Downloaded https://repo.maven.apache.org/maven2/dev/failsafe/failsafe-parent/3.2.3/failsafe-parent-3.2.3.pom
2026-04-11 15:20:26,244 [Worker-5: reload maven project] INFO  o.e.m.c.i.e.AbstractTransferListenerAdapter - Downloading https://repo.maven.apache.org/maven2/org/seleniumhq/selenium/selenium-devtools-v85/4.1.3/selenium-devtools-v85-4.1.3.pom
2026-04-11 15:20:26,268 [Worker-5: reload maven project] INFO  o.e.m.c.i.e.AbstractTransferListenerAdapter - Downloaded https://repo.maven.apache.org/maven2/org/seleniumhq/selenium/selenium-devtools-v85/4.1.3/selenium-devtools-v85-4.1.3.pom
2026-04-11 15:20:26,400 [Worker-5: reload maven project] INFO  o.e.m.c.i.e.AbstractTransferListenerAdapter - Downloading https://repo.maven.apache.org/maven2/org/seleniumhq/selenium/selenium-devtools-v97/4.1.3/selenium-devtools-v97-4.1.3.pom
2026-04-11 15:20:26,425 [Worker-5: reload maven project] INFO  o.e.m.c.i.e.AbstractTransferListenerAdapter - Downloaded https://repo.maven.apache.org/maven2/org/seleniumhq/selenium/selenium-devtools-v97/4.1.3/selenium-devtools-v97-4.1.3.pom
2026-04-11 15:20:26,624 [Worker-5: reload maven project] INFO  o.e.m.c.i.e.AbstractTransferListenerAdapter - Downloading https://repo.maven.apache.org/maven2/org/seleniumhq/selenium/selenium-devtools-v98/4.1.3/selenium-devtools-v98-4.1.3.pom
2026-04-11 15:20:26,667 [Worker-5: reload maven project] INFO  o.e.m.c.i.e.AbstractTransferListenerAdapter - Downloaded https://repo.maven.apache.org/maven2/org/seleniumhq/selenium/selenium-devtools-v98/4.1.3/selenium-devtools-v98-4.1.3.pom
2026-04-11 15:20:27,182 [Worker-5: reload maven project] INFO  o.e.m.c.i.e.AbstractTransferListenerAdapter - Downloading https://repo.maven.apache.org/maven2/org/seleniumhq/selenium/selenium-devtools-v99/4.1.3/selenium-devtools-v99-4.1.3.pom
2026-04-11 15:20:27,210 [Worker-5: reload maven project] INFO  o.e.m.c.i.e.AbstractTransferListenerAdapter - Downloaded https://repo.maven.apache.org/maven2/org/seleniumhq/selenium/selenium-devtools-v99/4.1.3/selenium-devtools-v99-4.1.3.pom
2026-04-11 15:20:27,377 [Worker-5: reload maven project] INFO  o.e.m.c.i.e.AbstractTransferListenerAdapter - Downloading https://repo.maven.apache.org/maven2/org/seleniumhq/selenium/selenium-edge-driver/4.1.3/selenium-edge-driver-4.1.3.pom
2026-04-11 15:20:27,400 [Worker-5: reload maven project] INFO  o.e.m.c.i.e.AbstractTransferListenerAdapter - Downloaded https://repo.maven.apache.org/maven2/org/seleniumhq/selenium/selenium-edge-driver/4.1.3/selenium-edge-driver-4.1.3.pom
2026-04-11 15:20:28,857 [Worker-5: reload maven project] INFO  o.e.m.c.i.e.AbstractTransferListenerAdapter - Downloading https://repo.maven.apache.org/maven2/org/seleniumhq/selenium/selenium-firefox-driver/4.1.3/selenium-firefox-driver-4.1.3.pom
2026-04-11 15:20:28,887 [Worker-5: reload maven project] INFO  o.e.m.c.i.e.AbstractTransferListenerAdapter - Downloaded https://repo.maven.apache.org/maven2/org/seleniumhq/selenium/selenium-firefox-driver/4.1.3/selenium-firefox-driver-4.1.3.pom
2026-04-11 15:20:28,967 [Worker-5: reload maven project] INFO  o.e.m.c.i.e.AbstractTransferListenerAdapter - Downloading https://repo.maven.apache.org/maven2/org/seleniumhq/selenium/selenium-ie-driver/4.1.3/selenium-ie-driver-4.1.3.pom
2026-04-11 15:20:28,993 [Worker-5: reload maven project] INFO  o.e.m.c.i.e.AbstractTransferListenerAdapter - Downloaded https://repo.maven.apache.org/maven2/org/seleniumhq/selenium/selenium-ie-driver/4.1.3/selenium-ie-driver-4.1.3.pom
2026-04-11 15:20:29,799 [Worker-5: reload maven project] INFO  o.e.m.c.i.e.AbstractTransferListenerAdapter - Downloading https://repo.maven.apache.org/maven2/org/seleniumhq/selenium/selenium-opera-driver/4.1.3/selenium-opera-driver-4.1.3.pom
2026-04-11 15:20:29,822 [Worker-5: reload maven project] INFO  o.e.m.c.i.e.AbstractTransferListenerAdapter - Downloaded https://repo.maven.apache.org/maven2/org/seleniumhq/selenium/selenium-opera-driver/4.1.3/selenium-opera-driver-4.1.3.pom
2026-04-11 15:20:29,917 [Worker-5: reload maven project] INFO  o.e.m.c.i.e.AbstractTransferListenerAdapter - Downloading https://repo.maven.apache.org/maven2/org/seleniumhq/selenium/selenium-safari-driver/4.1.3/selenium-safari-driver-4.1.3.pom
2026-04-11 15:20:29,952 [Worker-5: reload maven project] INFO  o.e.m.c.i.e.AbstractTransferListenerAdapter - Downloaded https://repo.maven.apache.org/maven2/org/seleniumhq/selenium/selenium-safari-driver/4.1.3/selenium-safari-driver-4.1.3.pom
2026-04-11 15:20:30,029 [Worker-5: reload maven project] INFO  o.e.m.c.i.e.AbstractTransferListenerAdapter - Downloading https://repo.maven.apache.org/maven2/org/seleniumhq/selenium/selenium-support/4.1.3/selenium-support-4.1.3.pom
2026-04-11 15:20:30,053 [Worker-5: reload maven project] INFO  o.e.m.c.i.e.AbstractTransferListenerAdapter - Downloaded https://repo.maven.apache.org/maven2/org/seleniumhq/selenium/selenium-support/4.1.3/selenium-support-4.1.3.pom
2026-04-11 15:20:30,196 [Worker-5: reload maven project] INFO  o.e.m.c.i.e.AbstractTransferListenerAdapter - Downloading https://repo.maven.apache.org/maven2/org/seleniumhq/selenium/selenium-java/4.1.3/selenium-java-4.1.3.jar
2026-04-11 15:20:30,236 [Worker-5: reload maven project] INFO  o.e.m.c.i.e.AbstractTransferListenerAdapter - Downloaded https://repo.maven.apache.org/maven2/org/seleniumhq/selenium/selenium-java/4.1.3/selenium-java-4.1.3.jar
2026-04-11 15:20:30,337 [BasicRepositoryConnector-repo.maven.apache.org-0-3] INFO  o.e.m.c.i.e.AbstractTransferListenerAdapter - Downloading https://repo.maven.apache.org/maven2/com/google/auto/service/auto-service/1.0.1/auto-service-1.0.1.jar
2026-04-11 15:20:30,506 [BasicRepositoryConnector-repo.maven.apache.org-0-3] INFO  o.e.m.c.i.e.AbstractTransferListenerAdapter - Downloaded https://repo.maven.apache.org/maven2/com/google/auto/service/auto-service/1.0.1/auto-service-1.0.1.jar
2026-04-11 15:20:31,026 [BasicRepositoryConnector-repo.maven.apache.org-0-4] INFO  o.e.m.c.i.e.AbstractTransferListenerAdapter - Downloading https://repo.maven.apache.org/maven2/com/google/auto/auto-common/1.2/auto-common-1.2.jar
2026-04-11 15:20:31,026 [BasicRepositoryConnector-repo.maven.apache.org-0-0] INFO  o.e.m.c.i.e.AbstractTransferListenerAdapter - Downloading https://repo.maven.apache.org/maven2/org/seleniumhq/selenium/selenium-api/4.1.3/selenium-api-4.1.3.jar
2026-04-11 15:20:31,111 [BasicRepositoryConnector-repo.maven.apache.org-0-1] INFO  o.e.m.c.i.e.AbstractTransferListenerAdapter - Downloading https://repo.maven.apache.org/maven2/org/seleniumhq/selenium/selenium-chrome-driver/4.1.3/selenium-chrome-driver-4.1.3.jar
2026-04-11 15:20:31,137 [BasicRepositoryConnector-repo.maven.apache.org-0-2] INFO  o.e.m.c.i.e.AbstractTransferListenerAdapter - Downloading https://repo.maven.apache.org/maven2/com/google/auto/service/auto-service-annotations/1.0.1/auto-service-annotations-1.0.1.jar
2026-04-11 15:20:31,160 [BasicRepositoryConnector-repo.maven.apache.org-0-3] INFO  o.e.m.c.i.e.AbstractTransferListenerAdapter - Downloading https://repo.maven.apache.org/maven2/com/google/guava/guava/31.1-jre/guava-31.1-jre.jar
2026-04-11 15:20:31,198 [BasicRepositoryConnector-repo.maven.apache.org-0-2] INFO  o.e.m.c.i.e.AbstractTransferListenerAdapter - Downloaded https://repo.maven.apache.org/maven2/com/google/auto/service/auto-service-annotations/1.0.1/auto-service-annotations-1.0.1.jar
2026-04-11 15:20:31,372 [BasicRepositoryConnector-repo.maven.apache.org-0-1] INFO  o.e.m.c.i.e.AbstractTransferListenerAdapter - Downloaded https://repo.maven.apache.org/maven2/org/seleniumhq/selenium/selenium-chrome-driver/4.1.3/selenium-chrome-driver-4.1.3.jar
2026-04-11 15:20:31,481 [BasicRepositoryConnector-repo.maven.apache.org-0-2] INFO  o.e.m.c.i.e.AbstractTransferListenerAdapter - Downloading https://repo.maven.apache.org/maven2/com/google/guava/failureaccess/1.0.1/failureaccess-1.0.1.jar
2026-04-11 15:20:31,551 [BasicRepositoryConnector-repo.maven.apache.org-0-1] INFO  o.e.m.c.i.e.AbstractTransferListenerAdapter - Downloading https://repo.maven.apache.org/maven2/org/checkerframework/checker-qual/3.12.0/checker-qual-3.12.0.jar
2026-04-11 15:20:31,559 [BasicRepositoryConnector-repo.maven.apache.org-0-2] INFO  o.e.m.c.i.e.AbstractTransferListenerAdapter - Downloaded https://repo.maven.apache.org/maven2/com/google/guava/failureaccess/1.0.1/failureaccess-1.0.1.jar
2026-04-11 15:20:31,761 [BasicRepositoryConnector-repo.maven.apache.org-0-4] INFO  o.e.m.c.i.e.AbstractTransferListenerAdapter - Downloaded https://repo.maven.apache.org/maven2/com/google/auto/auto-common/1.2/auto-common-1.2.jar
2026-04-11 15:20:31,950 [BasicRepositoryConnector-repo.maven.apache.org-0-2] INFO  o.e.m.c.i.e.AbstractTransferListenerAdapter - Downloading https://repo.maven.apache.org/maven2/com/google/errorprone/error_prone_annotations/2.11.0/error_prone_annotations-2.11.0.jar
2026-04-11 15:20:32,051 [BasicRepositoryConnector-repo.maven.apache.org-0-4] INFO  o.e.m.c.i.e.AbstractTransferListenerAdapter - Downloading https://repo.maven.apache.org/maven2/com/google/j2objc/j2objc-annotations/1.3/j2objc-annotations-1.3.jar
2026-04-11 15:20:32,240 [BasicRepositoryConnector-repo.maven.apache.org-0-4] INFO  o.e.m.c.i.e.AbstractTransferListenerAdapter - Downloaded https://repo.maven.apache.org/maven2/com/google/j2objc/j2objc-annotations/1.3/j2objc-annotations-1.3.jar
2026-04-11 15:20:32,437 [BasicRepositoryConnector-repo.maven.apache.org-0-2] INFO  o.e.m.c.i.e.AbstractTransferListenerAdapter - Downloaded https://repo.maven.apache.org/maven2/com/google/errorprone/error_prone_annotations/2.11.0/error_prone_annotations-2.11.0.jar
2026-04-11 15:20:32,598 [BasicRepositoryConnector-repo.maven.apache.org-0-0] INFO  o.e.m.c.i.e.AbstractTransferListenerAdapter - Downloaded https://repo.maven.apache.org/maven2/org/seleniumhq/selenium/selenium-api/4.1.3/selenium-api-4.1.3.jar
2026-04-11 15:20:32,684 [BasicRepositoryConnector-repo.maven.apache.org-0-4] INFO  o.e.m.c.i.e.AbstractTransferListenerAdapter - Downloading https://repo.maven.apache.org/maven2/org/seleniumhq/selenium/selenium-chromium-driver/4.1.3/selenium-chromium-driver-4.1.3.jar
2026-04-11 15:20:32,712 [BasicRepositoryConnector-repo.maven.apache.org-0-1] INFO  o.e.m.c.i.e.AbstractTransferListenerAdapter - Downloaded https://repo.maven.apache.org/maven2/org/checkerframework/checker-qual/3.12.0/checker-qual-3.12.0.jar
2026-04-11 15:20:32,849 [BasicRepositoryConnector-repo.maven.apache.org-0-2] INFO  o.e.m.c.i.e.AbstractTransferListenerAdapter - Downloading https://repo.maven.apache.org/maven2/org/seleniumhq/selenium/selenium-json/4.1.3/selenium-json-4.1.3.jar
2026-04-11 15:20:33,011 [BasicRepositoryConnector-repo.maven.apache.org-0-1] INFO  o.e.m.c.i.e.AbstractTransferListenerAdapter - Downloading https://repo.maven.apache.org/maven2/org/seleniumhq/selenium/selenium-devtools-v97/4.1.3/selenium-devtools-v97-4.1.3.jar
2026-04-11 15:20:33,201 [BasicRepositoryConnector-repo.maven.apache.org-0-0] INFO  o.e.m.c.i.e.AbstractTransferListenerAdapter - Downloading https://repo.maven.apache.org/maven2/org/seleniumhq/selenium/selenium-devtools-v85/4.1.3/selenium-devtools-v85-4.1.3.jar
2026-04-11 15:20:33,306 [BasicRepositoryConnector-repo.maven.apache.org-0-4] INFO  o.e.m.c.i.e.AbstractTransferListenerAdapter - Downloaded https://repo.maven.apache.org/maven2/org/seleniumhq/selenium/selenium-chromium-driver/4.1.3/selenium-chromium-driver-4.1.3.jar
2026-04-11 15:20:33,326 [BasicRepositoryConnector-repo.maven.apache.org-0-2] INFO  o.e.m.c.i.e.AbstractTransferListenerAdapter - Downloaded https://repo.maven.apache.org/maven2/org/seleniumhq/selenium/selenium-json/4.1.3/selenium-json-4.1.3.jar
2026-04-11 15:20:33,650 [BasicRepositoryConnector-repo.maven.apache.org-0-2] INFO  o.e.m.c.i.e.AbstractTransferListenerAdapter - Downloading https://repo.maven.apache.org/maven2/org/seleniumhq/selenium/selenium-devtools-v99/4.1.3/selenium-devtools-v99-4.1.3.jar
2026-04-11 15:20:33,756 [BasicRepositoryConnector-repo.maven.apache.org-0-4] INFO  o.e.m.c.i.e.AbstractTransferListenerAdapter - Downloading https://repo.maven.apache.org/maven2/org/seleniumhq/selenium/selenium-devtools-v98/4.1.3/selenium-devtools-v98-4.1.3.jar
2026-04-11 15:20:39,658 [BasicRepositoryConnector-repo.maven.apache.org-0-2] INFO  o.e.m.c.i.e.AbstractTransferListenerAdapter - Downloaded https://repo.maven.apache.org/maven2/org/seleniumhq/selenium/selenium-devtools-v99/4.1.3/selenium-devtools-v99-4.1.3.jar
2026-04-11 15:20:39,836 [BasicRepositoryConnector-repo.maven.apache.org-0-2] INFO  o.e.m.c.i.e.AbstractTransferListenerAdapter - Downloading https://repo.maven.apache.org/maven2/org/seleniumhq/selenium/selenium-edge-driver/4.1.3/selenium-edge-driver-4.1.3.jar
2026-04-11 15:20:39,950 [BasicRepositoryConnector-repo.maven.apache.org-0-4] INFO  o.e.m.c.i.e.AbstractTransferListenerAdapter - Downloaded https://repo.maven.apache.org/maven2/org/seleniumhq/selenium/selenium-devtools-v98/4.1.3/selenium-devtools-v98-4.1.3.jar
2026-04-11 15:20:40,132 [BasicRepositoryConnector-repo.maven.apache.org-0-2] INFO  o.e.m.c.i.e.AbstractTransferListenerAdapter - Downloaded https://repo.maven.apache.org/maven2/org/seleniumhq/selenium/selenium-edge-driver/4.1.3/selenium-edge-driver-4.1.3.jar
2026-04-11 15:20:40,215 [BasicRepositoryConnector-repo.maven.apache.org-0-4] INFO  o.e.m.c.i.e.AbstractTransferListenerAdapter - Downloading https://repo.maven.apache.org/maven2/org/seleniumhq/selenium/selenium-firefox-driver/4.1.3/selenium-firefox-driver-4.1.3.jar
2026-04-11 15:20:40,643 [BasicRepositoryConnector-repo.maven.apache.org-0-4] INFO  o.e.m.c.i.e.AbstractTransferListenerAdapter - Downloaded https://repo.maven.apache.org/maven2/org/seleniumhq/selenium/selenium-firefox-driver/4.1.3/selenium-firefox-driver-4.1.3.jar
2026-04-11 15:20:40,766 [BasicRepositoryConnector-repo.maven.apache.org-0-2] INFO  o.e.m.c.i.e.AbstractTransferListenerAdapter - Downloading https://repo.maven.apache.org/maven2/org/seleniumhq/selenium/selenium-ie-driver/4.1.3/selenium-ie-driver-4.1.3.jar
2026-04-11 15:20:40,956 [BasicRepositoryConnector-repo.maven.apache.org-0-0] INFO  o.e.m.c.i.e.AbstractTransferListenerAdapter - Downloaded https://repo.maven.apache.org/maven2/org/seleniumhq/selenium/selenium-devtools-v85/4.1.3/selenium-devtools-v85-4.1.3.jar
2026-04-11 15:20:40,956 [BasicRepositoryConnector-repo.maven.apache.org-0-4] INFO  o.e.m.c.i.e.AbstractTransferListenerAdapter - Downloading https://repo.maven.apache.org/maven2/org/seleniumhq/selenium/selenium-opera-driver/4.1.3/selenium-opera-driver-4.1.3.jar
2026-04-11 15:20:41,088 [BasicRepositoryConnector-repo.maven.apache.org-0-2] INFO  o.e.m.c.i.e.AbstractTransferListenerAdapter - Downloaded https://repo.maven.apache.org/maven2/org/seleniumhq/selenium/selenium-ie-driver/4.1.3/selenium-ie-driver-4.1.3.jar
2026-04-11 15:20:41,161 [BasicRepositoryConnector-repo.maven.apache.org-0-0] INFO  o.e.m.c.i.e.AbstractTransferListenerAdapter - Downloading https://repo.maven.apache.org/maven2/org/seleniumhq/selenium/selenium-remote-driver/4.1.3/selenium-remote-driver-4.1.3.jar
2026-04-11 15:20:41,176 [BasicRepositoryConnector-repo.maven.apache.org-0-4] INFO  o.e.m.c.i.e.AbstractTransferListenerAdapter - Downloaded https://repo.maven.apache.org/maven2/org/seleniumhq/selenium/selenium-opera-driver/4.1.3/selenium-opera-driver-4.1.3.jar
2026-04-11 15:20:41,297 [BasicRepositoryConnector-repo.maven.apache.org-0-2] INFO  o.e.m.c.i.e.AbstractTransferListenerAdapter - Downloading https://repo.maven.apache.org/maven2/io/netty/netty-buffer/4.1.75.Final/netty-buffer-4.1.75.Final.jar
2026-04-11 15:20:41,432 [BasicRepositoryConnector-repo.maven.apache.org-0-4] INFO  o.e.m.c.i.e.AbstractTransferListenerAdapter - Downloading https://repo.maven.apache.org/maven2/io/netty/netty-codec-http/4.1.75.Final/netty-codec-http-4.1.75.Final.jar
2026-04-11 15:20:43,041 [BasicRepositoryConnector-repo.maven.apache.org-0-1] INFO  o.e.m.c.i.e.AbstractTransferListenerAdapter - Downloaded https://repo.maven.apache.org/maven2/org/seleniumhq/selenium/selenium-devtools-v97/4.1.3/selenium-devtools-v97-4.1.3.jar
2026-04-11 15:20:43,477 [BasicRepositoryConnector-repo.maven.apache.org-0-2] INFO  o.e.m.c.i.e.AbstractTransferListenerAdapter - Downloaded https://repo.maven.apache.org/maven2/io/netty/netty-buffer/4.1.75.Final/netty-buffer-4.1.75.Final.jar
2026-04-11 15:20:43,522 [BasicRepositoryConnector-repo.maven.apache.org-0-1] INFO  o.e.m.c.i.e.AbstractTransferListenerAdapter - Downloading https://repo.maven.apache.org/maven2/io/netty/netty-codec/4.1.75.Final/netty-codec-4.1.75.Final.jar
2026-04-11 15:20:44,218 [BasicRepositoryConnector-repo.maven.apache.org-0-2] INFO  o.e.m.c.i.e.AbstractTransferListenerAdapter - Downloading https://repo.maven.apache.org/maven2/io/netty/netty-handler/4.1.75.Final/netty-handler-4.1.75.Final.jar
2026-04-11 15:20:44,835 [BasicRepositoryConnector-repo.maven.apache.org-0-4] INFO  o.e.m.c.i.e.AbstractTransferListenerAdapter - Downloaded https://repo.maven.apache.org/maven2/io/netty/netty-codec-http/4.1.75.Final/netty-codec-http-4.1.75.Final.jar
2026-04-11 15:20:45,069 [BasicRepositoryConnector-repo.maven.apache.org-0-4] INFO  o.e.m.c.i.e.AbstractTransferListenerAdapter - Downloading https://repo.maven.apache.org/maven2/io/netty/netty-common/4.1.75.Final/netty-common-4.1.75.Final.jar
2026-04-11 15:20:46,419 [BasicRepositoryConnector-repo.maven.apache.org-0-0] INFO  o.e.m.c.i.e.AbstractTransferListenerAdapter - Downloaded https://repo.maven.apache.org/maven2/org/seleniumhq/selenium/selenium-remote-driver/4.1.3/selenium-remote-driver-4.1.3.jar
2026-04-11 15:20:46,733 [BasicRepositoryConnector-repo.maven.apache.org-0-0] INFO  o.e.m.c.i.e.AbstractTransferListenerAdapter - Downloading https://repo.maven.apache.org/maven2/io/netty/netty-transport-classes-epoll/4.1.75.Final/netty-transport-classes-epoll-4.1.75.Final.jar
2026-04-11 15:20:46,932 [BasicRepositoryConnector-repo.maven.apache.org-0-2] INFO  o.e.m.c.i.e.AbstractTransferListenerAdapter - Downloaded https://repo.maven.apache.org/maven2/io/netty/netty-handler/4.1.75.Final/netty-handler-4.1.75.Final.jar
2026-04-11 15:20:47,021 [BasicRepositoryConnector-repo.maven.apache.org-0-1] INFO  o.e.m.c.i.e.AbstractTransferListenerAdapter - Downloaded https://repo.maven.apache.org/maven2/io/netty/netty-codec/4.1.75.Final/netty-codec-4.1.75.Final.jar
2026-04-11 15:20:47,228 [BasicRepositoryConnector-repo.maven.apache.org-0-4] INFO  o.e.m.c.i.e.AbstractTransferListenerAdapter - Downloaded https://repo.maven.apache.org/maven2/io/netty/netty-common/4.1.75.Final/netty-common-4.1.75.Final.jar
2026-04-11 15:20:47,275 [BasicRepositoryConnector-repo.maven.apache.org-0-2] INFO  o.e.m.c.i.e.AbstractTransferListenerAdapter - Downloading https://repo.maven.apache.org/maven2/io/netty/netty-transport-classes-kqueue/4.1.75.Final/netty-transport-classes-kqueue-4.1.75.Final.jar
2026-04-11 15:20:47,348 [BasicRepositoryConnector-repo.maven.apache.org-0-1] INFO  o.e.m.c.i.e.AbstractTransferListenerAdapter - Downloading https://repo.maven.apache.org/maven2/io/netty/netty-transport-native-epoll/4.1.75.Final/netty-transport-native-epoll-4.1.75.Final.jar
2026-04-11 15:20:47,389 [BasicRepositoryConnector-repo.maven.apache.org-0-4] INFO  o.e.m.c.i.e.AbstractTransferListenerAdapter - Downloading https://repo.maven.apache.org/maven2/io/netty/netty-transport-native-kqueue/4.1.75.Final/netty-transport-native-kqueue-4.1.75.Final.jar
2026-04-11 15:20:47,401 [BasicRepositoryConnector-repo.maven.apache.org-0-1] INFO  o.e.m.c.i.e.AbstractTransferListenerAdapter - Downloaded https://repo.maven.apache.org/maven2/io/netty/netty-transport-native-epoll/4.1.75.Final/netty-transport-native-epoll-4.1.75.Final.jar
2026-04-11 15:20:47,442 [BasicRepositoryConnector-repo.maven.apache.org-0-4] INFO  o.e.m.c.i.e.AbstractTransferListenerAdapter - Downloaded https://repo.maven.apache.org/maven2/io/netty/netty-transport-native-kqueue/4.1.75.Final/netty-transport-native-kqueue-4.1.75.Final.jar
2026-04-11 15:20:47,531 [BasicRepositoryConnector-repo.maven.apache.org-0-1] INFO  o.e.m.c.i.e.AbstractTransferListenerAdapter - Downloading https://repo.maven.apache.org/maven2/io/netty/netty-transport-native-unix-common/4.1.75.Final/netty-transport-native-unix-common-4.1.75.Final.jar
2026-04-11 15:20:47,672 [BasicRepositoryConnector-repo.maven.apache.org-0-2] INFO  o.e.m.c.i.e.AbstractTransferListenerAdapter - Downloaded https://repo.maven.apache.org/maven2/io/netty/netty-transport-classes-kqueue/4.1.75.Final/netty-transport-classes-kqueue-4.1.75.Final.jar
2026-04-11 15:20:47,709 [BasicRepositoryConnector-repo.maven.apache.org-0-4] INFO  o.e.m.c.i.e.AbstractTransferListenerAdapter - Downloading https://repo.maven.apache.org/maven2/io/netty/netty-transport/4.1.75.Final/netty-transport-4.1.75.Final.jar
2026-04-11 15:20:47,769 [BasicRepositoryConnector-repo.maven.apache.org-0-0] INFO  o.e.m.c.i.e.AbstractTransferListenerAdapter - Downloaded https://repo.maven.apache.org/maven2/io/netty/netty-transport-classes-epoll/4.1.75.Final/netty-transport-classes-epoll-4.1.75.Final.jar
2026-04-11 15:20:47,962 [BasicRepositoryConnector-repo.maven.apache.org-0-2] INFO  o.e.m.c.i.e.AbstractTransferListenerAdapter - Downloading https://repo.maven.apache.org/maven2/io/netty/netty-resolver/4.1.75.Final/netty-resolver-4.1.75.Final.jar
2026-04-11 15:20:48,018 [BasicRepositoryConnector-repo.maven.apache.org-0-0] INFO  o.e.m.c.i.e.AbstractTransferListenerAdapter - Downloading https://repo.maven.apache.org/maven2/io/opentelemetry/opentelemetry-api/1.12.0/opentelemetry-api-1.12.0.jar
2026-04-11 15:20:48,112 [BasicRepositoryConnector-repo.maven.apache.org-0-1] INFO  o.e.m.c.i.e.AbstractTransferListenerAdapter - Downloaded https://repo.maven.apache.org/maven2/io/netty/netty-transport-native-unix-common/4.1.75.Final/netty-transport-native-unix-common-4.1.75.Final.jar
2026-04-11 15:20:48,518 [BasicRepositoryConnector-repo.maven.apache.org-0-1] INFO  o.e.m.c.i.e.AbstractTransferListenerAdapter - Downloading https://repo.maven.apache.org/maven2/io/opentelemetry/opentelemetry-context/1.12.0/opentelemetry-context-1.12.0.jar
2026-04-11 15:20:48,567 [BasicRepositoryConnector-repo.maven.apache.org-0-2] INFO  o.e.m.c.i.e.AbstractTransferListenerAdapter - Downloaded https://repo.maven.apache.org/maven2/io/netty/netty-resolver/4.1.75.Final/netty-resolver-4.1.75.Final.jar
2026-04-11 15:20:48,764 [BasicRepositoryConnector-repo.maven.apache.org-0-2] INFO  o.e.m.c.i.e.AbstractTransferListenerAdapter - Downloading https://repo.maven.apache.org/maven2/io/opentelemetry/opentelemetry-exporter-logging/1.12.0/opentelemetry-exporter-logging-1.12.0.jar
2026-04-11 15:20:49,000 [BasicRepositoryConnector-repo.maven.apache.org-0-2] INFO  o.e.m.c.i.e.AbstractTransferListenerAdapter - Downloaded https://repo.maven.apache.org/maven2/io/opentelemetry/opentelemetry-exporter-logging/1.12.0/opentelemetry-exporter-logging-1.12.0.jar
2026-04-11 15:20:49,292 [BasicRepositoryConnector-repo.maven.apache.org-0-1] INFO  o.e.m.c.i.e.AbstractTransferListenerAdapter - Downloaded https://repo.maven.apache.org/maven2/io/opentelemetry/opentelemetry-context/1.12.0/opentelemetry-context-1.12.0.jar
2026-04-11 15:20:49,294 [BasicRepositoryConnector-repo.maven.apache.org-0-0] INFO  o.e.m.c.i.e.AbstractTransferListenerAdapter - Downloaded https://repo.maven.apache.org/maven2/io/opentelemetry/opentelemetry-api/1.12.0/opentelemetry-api-1.12.0.jar
2026-04-11 15:20:49,342 [BasicRepositoryConnector-repo.maven.apache.org-0-2] INFO  o.e.m.c.i.e.AbstractTransferListenerAdapter - Downloading https://repo.maven.apache.org/maven2/io/opentelemetry/opentelemetry-sdk-metrics/1.12.0-alpha/opentelemetry-sdk-metrics-1.12.0-alpha.jar
2026-04-11 15:20:49,783 [BasicRepositoryConnector-repo.maven.apache.org-0-1] INFO  o.e.m.c.i.e.AbstractTransferListenerAdapter - Downloading https://repo.maven.apache.org/maven2/io/opentelemetry/opentelemetry-sdk-logs/1.12.0-alpha/opentelemetry-sdk-logs-1.12.0-alpha.jar
2026-04-11 15:20:50,031 [BasicRepositoryConnector-repo.maven.apache.org-0-0] INFO  o.e.m.c.i.e.AbstractTransferListenerAdapter - Downloading https://repo.maven.apache.org/maven2/io/opentelemetry/opentelemetry-sdk-common/1.12.0/opentelemetry-sdk-common-1.12.0.jar
2026-04-11 15:20:50,544 [BasicRepositoryConnector-repo.maven.apache.org-0-1] INFO  o.e.m.c.i.e.AbstractTransferListenerAdapter - Downloaded https://repo.maven.apache.org/maven2/io/opentelemetry/opentelemetry-sdk-logs/1.12.0-alpha/opentelemetry-sdk-logs-1.12.0-alpha.jar
2026-04-11 15:20:50,582 [BasicRepositoryConnector-repo.maven.apache.org-0-0] INFO  o.e.m.c.i.e.AbstractTransferListenerAdapter - Downloaded https://repo.maven.apache.org/maven2/io/opentelemetry/opentelemetry-sdk-common/1.12.0/opentelemetry-sdk-common-1.12.0.jar
2026-04-11 15:20:50,611 [BasicRepositoryConnector-repo.maven.apache.org-0-2] INFO  o.e.m.c.i.e.AbstractTransferListenerAdapter - Downloaded https://repo.maven.apache.org/maven2/io/opentelemetry/opentelemetry-sdk-metrics/1.12.0-alpha/opentelemetry-sdk-metrics-1.12.0-alpha.jar
2026-04-11 15:20:50,768 [BasicRepositoryConnector-repo.maven.apache.org-0-1] INFO  o.e.m.c.i.e.AbstractTransferListenerAdapter - Downloading https://repo.maven.apache.org/maven2/io/opentelemetry/opentelemetry-sdk-extension-autoconfigure-spi/1.12.0/opentelemetry-sdk-extension-autoconfigure-spi-1.12.0.jar
2026-04-11 15:20:50,908 [BasicRepositoryConnector-repo.maven.apache.org-0-2] INFO  o.e.m.c.i.e.AbstractTransferListenerAdapter - Downloading https://repo.maven.apache.org/maven2/io/opentelemetry/opentelemetry-sdk-trace/1.12.0/opentelemetry-sdk-trace-1.12.0.jar
2026-04-11 15:20:50,911 [BasicRepositoryConnector-repo.maven.apache.org-0-1] INFO  o.e.m.c.i.e.AbstractTransferListenerAdapter - Downloaded https://repo.maven.apache.org/maven2/io/opentelemetry/opentelemetry-sdk-extension-autoconfigure-spi/1.12.0/opentelemetry-sdk-extension-autoconfigure-spi-1.12.0.jar
2026-04-11 15:20:51,066 [BasicRepositoryConnector-repo.maven.apache.org-0-0] INFO  o.e.m.c.i.e.AbstractTransferListenerAdapter - Downloading https://repo.maven.apache.org/maven2/io/opentelemetry/opentelemetry-sdk-extension-autoconfigure/1.12.0-alpha/opentelemetry-sdk-extension-autoconfigure-1.12.0-alpha.jar
2026-04-11 15:20:51,445 [BasicRepositoryConnector-repo.maven.apache.org-0-1] INFO  o.e.m.c.i.e.AbstractTransferListenerAdapter - Downloading https://repo.maven.apache.org/maven2/io/opentelemetry/opentelemetry-sdk/1.12.0/opentelemetry-sdk-1.12.0.jar
2026-04-11 15:20:51,517 [BasicRepositoryConnector-repo.maven.apache.org-0-1] INFO  o.e.m.c.i.e.AbstractTransferListenerAdapter - Downloaded https://repo.maven.apache.org/maven2/io/opentelemetry/opentelemetry-sdk/1.12.0/opentelemetry-sdk-1.12.0.jar
2026-04-11 15:20:51,640 [BasicRepositoryConnector-repo.maven.apache.org-0-2] INFO  o.e.m.c.i.e.AbstractTransferListenerAdapter - Downloaded https://repo.maven.apache.org/maven2/io/opentelemetry/opentelemetry-sdk-trace/1.12.0/opentelemetry-sdk-trace-1.12.0.jar
2026-04-11 15:20:51,720 [BasicRepositoryConnector-repo.maven.apache.org-0-0] INFO  o.e.m.c.i.e.AbstractTransferListenerAdapter - Downloaded https://repo.maven.apache.org/maven2/io/opentelemetry/opentelemetry-sdk-extension-autoconfigure/1.12.0-alpha/opentelemetry-sdk-extension-autoconfigure-1.12.0-alpha.jar
2026-04-11 15:20:51,985 [BasicRepositoryConnector-repo.maven.apache.org-0-0] INFO  o.e.m.c.i.e.AbstractTransferListenerAdapter - Downloading https://repo.maven.apache.org/maven2/net/bytebuddy/byte-buddy/1.12.8/byte-buddy-1.12.8.jar
2026-04-11 15:20:51,991 [BasicRepositoryConnector-repo.maven.apache.org-0-1] INFO  o.e.m.c.i.e.AbstractTransferListenerAdapter - Downloading https://repo.maven.apache.org/maven2/io/opentelemetry/opentelemetry-semconv/1.12.0-alpha/opentelemetry-semconv-1.12.0-alpha.jar
2026-04-11 15:20:51,996 [BasicRepositoryConnector-repo.maven.apache.org-0-2] INFO  o.e.m.c.i.e.AbstractTransferListenerAdapter - Downloading https://repo.maven.apache.org/maven2/io/ous/jtoml/2.0.0/jtoml-2.0.0.jar
2026-04-11 15:20:52,075 [BasicRepositoryConnector-repo.maven.apache.org-0-4] INFO  o.e.m.c.i.e.AbstractTransferListenerAdapter - Downloaded https://repo.maven.apache.org/maven2/io/netty/netty-transport/4.1.75.Final/netty-transport-4.1.75.Final.jar
2026-04-11 15:20:52,417 [BasicRepositoryConnector-repo.maven.apache.org-0-2] INFO  o.e.m.c.i.e.AbstractTransferListenerAdapter - Downloaded https://repo.maven.apache.org/maven2/io/ous/jtoml/2.0.0/jtoml-2.0.0.jar
2026-04-11 15:20:52,486 [BasicRepositoryConnector-repo.maven.apache.org-0-1] INFO  o.e.m.c.i.e.AbstractTransferListenerAdapter - Downloaded https://repo.maven.apache.org/maven2/io/opentelemetry/opentelemetry-semconv/1.12.0-alpha/opentelemetry-semconv-1.12.0-alpha.jar
2026-04-11 15:20:52,564 [BasicRepositoryConnector-repo.maven.apache.org-0-2] INFO  o.e.m.c.i.e.AbstractTransferListenerAdapter - Downloading https://repo.maven.apache.org/maven2/org/asynchttpclient/async-http-client/2.12.3/async-http-client-2.12.3.jar
2026-04-11 15:20:52,693 [BasicRepositoryConnector-repo.maven.apache.org-0-4] INFO  o.e.m.c.i.e.AbstractTransferListenerAdapter - Downloading https://repo.maven.apache.org/maven2/org/apache/commons/commons-exec/1.3/commons-exec-1.3.jar
2026-04-11 15:20:52,763 [BasicRepositoryConnector-repo.maven.apache.org-0-1] INFO  o.e.m.c.i.e.AbstractTransferListenerAdapter - Downloading https://repo.maven.apache.org/maven2/org/asynchttpclient/async-http-client-netty-utils/2.12.3/async-http-client-netty-utils-2.12.3.jar
2026-04-11 15:20:52,934 [BasicRepositoryConnector-repo.maven.apache.org-0-1] INFO  o.e.m.c.i.e.AbstractTransferListenerAdapter - Downloaded https://repo.maven.apache.org/maven2/org/asynchttpclient/async-http-client-netty-utils/2.12.3/async-http-client-netty-utils-2.12.3.jar
2026-04-11 15:20:53,010 [BasicRepositoryConnector-repo.maven.apache.org-0-4] INFO  o.e.m.c.i.e.AbstractTransferListenerAdapter - Downloaded https://repo.maven.apache.org/maven2/org/apache/commons/commons-exec/1.3/commons-exec-1.3.jar
2026-04-11 15:20:53,239 [BasicRepositoryConnector-repo.maven.apache.org-0-1] INFO  o.e.m.c.i.e.AbstractTransferListenerAdapter - Downloading https://repo.maven.apache.org/maven2/io/netty/netty-codec-socks/4.1.60.Final/netty-codec-socks-4.1.60.Final.jar
2026-04-11 15:20:53,454 [BasicRepositoryConnector-repo.maven.apache.org-0-4] INFO  o.e.m.c.i.e.AbstractTransferListenerAdapter - Downloading https://repo.maven.apache.org/maven2/io/netty/netty-handler-proxy/4.1.60.Final/netty-handler-proxy-4.1.60.Final.jar
2026-04-11 15:20:53,788 [BasicRepositoryConnector-repo.maven.apache.org-0-4] INFO  o.e.m.c.i.e.AbstractTransferListenerAdapter - Downloaded https://repo.maven.apache.org/maven2/io/netty/netty-handler-proxy/4.1.60.Final/netty-handler-proxy-4.1.60.Final.jar
2026-04-11 15:20:53,967 [BasicRepositoryConnector-repo.maven.apache.org-0-1] INFO  o.e.m.c.i.e.AbstractTransferListenerAdapter - Downloaded https://repo.maven.apache.org/maven2/io/netty/netty-codec-socks/4.1.60.Final/netty-codec-socks-4.1.60.Final.jar
2026-04-11 15:20:54,058 [BasicRepositoryConnector-repo.maven.apache.org-0-4] INFO  o.e.m.c.i.e.AbstractTransferListenerAdapter - Downloading https://repo.maven.apache.org/maven2/io/netty/netty-transport-native-epoll/4.1.60.Final/netty-transport-native-epoll-4.1.60.Final-linux-x86_64.jar
2026-04-11 15:20:54,501 [BasicRepositoryConnector-repo.maven.apache.org-0-1] INFO  o.e.m.c.i.e.AbstractTransferListenerAdapter - Downloading https://repo.maven.apache.org/maven2/io/netty/netty-transport-native-kqueue/4.1.60.Final/netty-transport-native-kqueue-4.1.60.Final-osx-x86_64.jar
2026-04-11 15:20:55,457 [BasicRepositoryConnector-repo.maven.apache.org-0-1] INFO  o.e.m.c.i.e.AbstractTransferListenerAdapter - Downloaded https://repo.maven.apache.org/maven2/io/netty/netty-transport-native-kqueue/4.1.60.Final/netty-transport-native-kqueue-4.1.60.Final-osx-x86_64.jar
2026-04-11 15:20:55,602 [BasicRepositoryConnector-repo.maven.apache.org-0-4] INFO  o.e.m.c.i.e.AbstractTransferListenerAdapter - Downloaded https://repo.maven.apache.org/maven2/io/netty/netty-transport-native-epoll/4.1.60.Final/netty-transport-native-epoll-4.1.60.Final-linux-x86_64.jar
2026-04-11 15:20:55,647 [BasicRepositoryConnector-repo.maven.apache.org-0-1] INFO  o.e.m.c.i.e.AbstractTransferListenerAdapter - Downloading https://repo.maven.apache.org/maven2/org/reactivestreams/reactive-streams/1.0.3/reactive-streams-1.0.3.jar
2026-04-11 15:20:55,765 [BasicRepositoryConnector-repo.maven.apache.org-0-4] INFO  o.e.m.c.i.e.AbstractTransferListenerAdapter - Downloading https://repo.maven.apache.org/maven2/com/typesafe/netty/netty-reactive-streams/2.0.4/netty-reactive-streams-2.0.4.jar
2026-04-11 15:20:55,842 [BasicRepositoryConnector-repo.maven.apache.org-0-1] INFO  o.e.m.c.i.e.AbstractTransferListenerAdapter - Downloaded https://repo.maven.apache.org/maven2/org/reactivestreams/reactive-streams/1.0.3/reactive-streams-1.0.3.jar
2026-04-11 15:20:56,052 [BasicRepositoryConnector-repo.maven.apache.org-0-4] INFO  o.e.m.c.i.e.AbstractTransferListenerAdapter - Downloaded https://repo.maven.apache.org/maven2/com/typesafe/netty/netty-reactive-streams/2.0.4/netty-reactive-streams-2.0.4.jar
2026-04-11 15:20:56,139 [BasicRepositoryConnector-repo.maven.apache.org-0-1] INFO  o.e.m.c.i.e.AbstractTransferListenerAdapter - Downloading https://repo.maven.apache.org/maven2/org/slf4j/slf4j-api/1.7.30/slf4j-api-1.7.30.jar
2026-04-11 15:20:56,744 [BasicRepositoryConnector-repo.maven.apache.org-0-1] INFO  o.e.m.c.i.e.AbstractTransferListenerAdapter - Downloaded https://repo.maven.apache.org/maven2/org/slf4j/slf4j-api/1.7.30/slf4j-api-1.7.30.jar
2026-04-11 15:20:56,838 [BasicRepositoryConnector-repo.maven.apache.org-0-4] INFO  o.e.m.c.i.e.AbstractTransferListenerAdapter - Downloading https://repo.maven.apache.org/maven2/com/sun/activation/jakarta.activation/1.2.2/jakarta.activation-1.2.2.jar
2026-04-11 15:20:57,109 [BasicRepositoryConnector-repo.maven.apache.org-0-1] INFO  o.e.m.c.i.e.AbstractTransferListenerAdapter - Downloading https://repo.maven.apache.org/maven2/org/seleniumhq/selenium/selenium-http/4.1.3/selenium-http-4.1.3.jar
2026-04-11 15:20:57,352 [BasicRepositoryConnector-repo.maven.apache.org-0-4] INFO  o.e.m.c.i.e.AbstractTransferListenerAdapter - Downloaded https://repo.maven.apache.org/maven2/com/sun/activation/jakarta.activation/1.2.2/jakarta.activation-1.2.2.jar
2026-04-11 15:20:57,778 [BasicRepositoryConnector-repo.maven.apache.org-0-4] INFO  o.e.m.c.i.e.AbstractTransferListenerAdapter - Downloading https://repo.maven.apache.org/maven2/dev/failsafe/failsafe/3.2.3/failsafe-3.2.3.jar
2026-04-11 15:20:57,832 [BasicRepositoryConnector-repo.maven.apache.org-0-1] INFO  o.e.m.c.i.e.AbstractTransferListenerAdapter - Downloaded https://repo.maven.apache.org/maven2/org/seleniumhq/selenium/selenium-http/4.1.3/selenium-http-4.1.3.jar
2026-04-11 15:20:58,313 [BasicRepositoryConnector-repo.maven.apache.org-0-1] INFO  o.e.m.c.i.e.AbstractTransferListenerAdapter - Downloading https://repo.maven.apache.org/maven2/org/seleniumhq/selenium/selenium-safari-driver/4.1.3/selenium-safari-driver-4.1.3.jar
2026-04-11 15:20:58,343 [BasicRepositoryConnector-repo.maven.apache.org-0-2] INFO  o.e.m.c.i.e.AbstractTransferListenerAdapter - Downloaded https://repo.maven.apache.org/maven2/org/asynchttpclient/async-http-client/2.12.3/async-http-client-2.12.3.jar
2026-04-11 15:20:58,664 [BasicRepositoryConnector-repo.maven.apache.org-0-2] INFO  o.e.m.c.i.e.AbstractTransferListenerAdapter - Downloading https://repo.maven.apache.org/maven2/org/seleniumhq/selenium/selenium-support/4.1.3/selenium-support-4.1.3.jar
2026-04-11 15:20:58,781 [BasicRepositoryConnector-repo.maven.apache.org-0-1] INFO  o.e.m.c.i.e.AbstractTransferListenerAdapter - Downloaded https://repo.maven.apache.org/maven2/org/seleniumhq/selenium/selenium-safari-driver/4.1.3/selenium-safari-driver-4.1.3.jar
2026-04-11 15:20:59,292 [BasicRepositoryConnector-repo.maven.apache.org-0-4] INFO  o.e.m.c.i.e.AbstractTransferListenerAdapter - Downloaded https://repo.maven.apache.org/maven2/dev/failsafe/failsafe/3.2.3/failsafe-3.2.3.jar
2026-04-11 15:21:00,346 [BasicRepositoryConnector-repo.maven.apache.org-0-2] INFO  o.e.m.c.i.e.AbstractTransferListenerAdapter - Downloaded https://repo.maven.apache.org/maven2/org/seleniumhq/selenium/selenium-support/4.1.3/selenium-support-4.1.3.jar
2026-04-11 15:21:02,612 [BasicRepositoryConnector-repo.maven.apache.org-0-3] INFO  o.e.m.c.i.e.AbstractTransferListenerAdapter - Downloaded https://repo.maven.apache.org/maven2/com/google/guava/guava/31.1-jre/guava-31.1-jre.jar
2026-04-11 15:21:06,099 [BasicRepositoryConnector-repo.maven.apache.org-0-0] INFO  o.e.m.c.i.e.AbstractTransferListenerAdapter - Downloaded https://repo.maven.apache.org/maven2/net/bytebuddy/byte-buddy/1.12.8/byte-buddy-1.12.8.jar
2026-04-11 15:21:09,048 [Worker-11: Building] INFO  o.a.m.s.f.DefaultMavenResourcesFiltering - skip non existing resourceDirectory D:\Programs\JavaLearning\java\sel\src\main\resources
2026-04-11 15:21:12,452 [Worker-11: Building] INFO  o.e.m.c.i.embedder.EclipseLogger - Recompiling the module because of [1mchanged source code[m.
2026-04-11 15:21:12,459 [Worker-11: Building] INFO  o.c.p.compiler.javac.JavacCompiler - Compiling 2 source files with javac [debug target 1.8] to target\classes
2026-04-11 15:21:14,622 [Worker-11: Building] INFO  o.e.m.c.i.embedder.EclipseLogger - Annotation processing is enabled because one or more processors were found
  on the class path. A future release of javac may disable annotation processing
  unless at least one processor is specified by name (-processor), or a search
  path is specified (--processor-path, --processor-module-path), or annotation
  processing is enabled explicitly (-proc:only, -proc:full).
  Use -Xlint:-options to suppress this message.
  Use -proc:none to disable annotation processing.
2026-04-11 15:21:14,622 [Worker-11: Building] INFO  o.e.m.c.i.embedder.EclipseLogger - -------------------------------------------------------------
2026-04-11 15:21:14,622 [Worker-11: Building] WARN  o.e.m.c.i.embedder.EclipseLogger - COMPILATION WARNING : 
2026-04-11 15:21:14,623 [Worker-11: Building] INFO  o.e.m.c.i.embedder.EclipseLogger - -------------------------------------------------------------
2026-04-11 15:21:14,623 [Worker-11: Building] WARN  o.e.m.c.i.embedder.EclipseLogger - bootstrap class path not set in conjunction with -source 8
2026-04-11 15:21:14,624 [Worker-11: Building] WARN  o.e.m.c.i.embedder.EclipseLogger - source value 8 is obsolete and will be removed in a future release
2026-04-11 15:21:14,625 [Worker-11: Building] WARN  o.e.m.c.i.embedder.EclipseLogger - target value 8 is obsolete and will be removed in a future release
2026-04-11 15:21:14,625 [Worker-11: Building] WARN  o.e.m.c.i.embedder.EclipseLogger - To suppress warnings about obsolete options, use -Xlint:-options.
2026-04-11 15:21:14,625 [Worker-11: Building] INFO  o.e.m.c.i.embedder.EclipseLogger - 4 warnings 
2026-04-11 15:21:14,626 [Worker-11: Building] INFO  o.e.m.c.i.embedder.EclipseLogger - -------------------------------------------------------------
2026-04-11 15:21:14,626 [Worker-11: Building] INFO  o.e.m.c.i.embedder.EclipseLogger - -------------------------------------------------------------
2026-04-11 15:21:14,626 [Worker-11: Building] ERROR o.e.m.c.i.embedder.EclipseLogger - COMPILATION ERROR : 
2026-04-11 15:21:14,626 [Worker-11: Building] INFO  o.e.m.c.i.embedder.EclipseLogger - -------------------------------------------------------------
2026-04-11 15:21:14,626 [Worker-11: Building] ERROR o.e.m.c.i.embedder.EclipseLogger - /D:/Programs/JavaLearning/java/sel/src/main/java/com/sel/mav1.java:[5,17] not a statement
2026-04-11 15:21:14,626 [Worker-11: Building] ERROR o.e.m.c.i.embedder.EclipseLogger - /D:/Programs/JavaLearning/java/sel/src/main/java/com/sel/mav1.java:[5,26] ';' expected
2026-04-11 15:21:14,627 [Worker-11: Building] INFO  o.e.m.c.i.embedder.EclipseLogger - 2 errors 
2026-04-11 15:21:14,627 [Worker-11: Building] INFO  o.e.m.c.i.embedder.EclipseLogger - -------------------------------------------------------------
2026-04-11 15:21:14,632 [Worker-11: Building] INFO  o.a.m.s.f.DefaultMavenResourcesFiltering - skip non existing resourceDirectory D:\Programs\JavaLearning\java\sel\src\test\resources
2026-04-11 15:21:17,168 [Worker-20: Building] INFO  o.a.m.s.f.DefaultMavenResourcesFiltering - skip non existing resourceDirectory D:\Programs\JavaLearning\java\sel\src\main\resources
2026-04-11 15:21:17,180 [Worker-20: Building] INFO  o.e.m.c.i.embedder.EclipseLogger - Recompiling the module because of [1mchanged source code[m.
2026-04-11 15:21:17,182 [Worker-20: Building] INFO  o.c.p.compiler.javac.JavacCompiler - Compiling 2 source files with javac [debug target 1.8] to target\classes
2026-04-11 15:21:17,261 [Worker-20: Building] INFO  o.e.m.c.i.embedder.EclipseLogger - Annotation processing is enabled because one or more processors were found
  on the class path. A future release of javac may disable annotation processing
  unless at least one processor is specified by name (-processor), or a search
  path is specified (--processor-path, --processor-module-path), or annotation
  processing is enabled explicitly (-proc:only, -proc:full).
  Use -Xlint:-options to suppress this message.
  Use -proc:none to disable annotation processing.
2026-04-11 15:21:17,261 [Worker-20: Building] INFO  o.e.m.c.i.embedder.EclipseLogger - -------------------------------------------------------------
2026-04-11 15:21:17,261 [Worker-20: Building] WARN  o.e.m.c.i.embedder.EclipseLogger - COMPILATION WARNING : 
2026-04-11 15:21:17,262 [Worker-20: Building] INFO  o.e.m.c.i.embedder.EclipseLogger - -------------------------------------------------------------
2026-04-11 15:21:17,262 [Worker-20: Building] WARN  o.e.m.c.i.embedder.EclipseLogger - bootstrap class path not set in conjunction with -source 8
2026-04-11 15:21:17,263 [Worker-20: Building] WARN  o.e.m.c.i.embedder.EclipseLogger - source value 8 is obsolete and will be removed in a future release
2026-04-11 15:21:17,264 [Worker-20: Building] WARN  o.e.m.c.i.embedder.EclipseLogger - target value 8 is obsolete and will be removed in a future release
2026-04-11 15:21:17,264 [Worker-20: Building] WARN  o.e.m.c.i.embedder.EclipseLogger - To suppress warnings about obsolete options, use -Xlint:-options.
2026-04-11 15:21:17,265 [Worker-20: Building] INFO  o.e.m.c.i.embedder.EclipseLogger - 4 warnings 
2026-04-11 15:21:17,265 [Worker-20: Building] INFO  o.e.m.c.i.embedder.EclipseLogger - -------------------------------------------------------------
2026-04-11 15:21:17,265 [Worker-20: Building] INFO  o.e.m.c.i.embedder.EclipseLogger - -------------------------------------------------------------
2026-04-11 15:21:17,265 [Worker-20: Building] ERROR o.e.m.c.i.embedder.EclipseLogger - COMPILATION ERROR : 
2026-04-11 15:21:17,265 [Worker-20: Building] INFO  o.e.m.c.i.embedder.EclipseLogger - -------------------------------------------------------------
2026-04-11 15:21:17,265 [Worker-20: Building] ERROR o.e.m.c.i.embedder.EclipseLogger - /D:/Programs/JavaLearning/java/sel/src/main/java/com/sel/mav1.java:[5,17] not a statement
2026-04-11 15:21:17,266 [Worker-20: Building] ERROR o.e.m.c.i.embedder.EclipseLogger - /D:/Programs/JavaLearning/java/sel/src/main/java/com/sel/mav1.java:[5,26] ';' expected
2026-04-11 15:21:17,266 [Worker-20: Building] INFO  o.e.m.c.i.embedder.EclipseLogger - 2 errors 
2026-04-11 15:21:17,266 [Worker-20: Building] INFO  o.e.m.c.i.embedder.EclipseLogger - -------------------------------------------------------------
2026-04-11 15:21:17,268 [Worker-20: Building] INFO  o.a.m.s.f.DefaultMavenResourcesFiltering - skip non existing resourceDirectory D:\Programs\JavaLearning\java\sel\src\test\resources
