2023-02-14 21:19:43,589 [Worker-0: Loading available Gradle versions] INFO  o.e.b.c.i.u.g.PublishedGradleVersions - Gradle version information cache is up-to-date. Trying to read.
2023-02-14 21:19:59,173 [Worker-8: Building] INFO  o.e.m.c.i.l.LifecycleMappingFactory - Using org.eclipse.m2e.jdt.JarLifecycleMapping lifecycle mapping for MavenProject: ApiTesting_p1:ApiTesting_p1:0.0.1-SNAPSHOT @ D:\programming\JdbcJava\ApiTesting_p1\pom.xml.
2023-02-14 21:20:02,344 [Worker-8: Building] WARN  o.e.m.c.i.embedder.EclipseLogger - Using platform encoding (Cp1252 actually) to copy filtered resources, i.e. build is platform dependent!
2023-02-14 21:20:02,353 [Worker-8: Building] INFO  o.e.m.c.i.embedder.EclipseLogger - Copying 0 resource
2023-02-14 21:20:02,358 [Worker-8: Building] WARN  o.e.m.c.i.embedder.EclipseLogger - Using platform encoding (Cp1252 actually) to copy filtered resources, i.e. build is platform dependent!
2023-02-14 21:20:02,359 [Worker-8: Building] INFO  o.e.m.c.i.embedder.EclipseLogger - Copying 0 resource
2023-02-14 21:20:03,007 [Worker-12: Updating Maven Project] INFO  o.e.m.c.i.p.ProjectConfigurationManager - Update started
2023-02-14 21:20:03,312 [Worker-12: Updating Maven Project] INFO  o.e.m.c.i.l.LifecycleMappingFactory - Using org.eclipse.m2e.jdt.JarLifecycleMapping lifecycle mapping for MavenProject: ApiTesting_p1:ApiTesting_p1:0.0.1-SNAPSHOT @ D:\programming\JdbcJava\ApiTesting_p1\pom.xml.
2023-02-14 21:20:03,615 [Worker-12: Updating Maven Project] INFO  o.e.m.j.i.AbstractJavaProjectConfigurator - Adding source folder /ApiTesting_p1/src/main/java
2023-02-14 21:20:03,616 [Worker-12: Updating Maven Project] INFO  o.e.m.j.i.AbstractJavaProjectConfigurator - Adding resource folder /ApiTesting_p1/src/main/resources
2023-02-14 21:20:03,617 [Worker-12: Updating Maven Project] INFO  o.e.m.j.i.AbstractJavaProjectConfigurator - Adding source folder /ApiTesting_p1/src/test/java
2023-02-14 21:20:03,618 [Worker-12: Updating Maven Project] INFO  o.e.m.j.i.AbstractJavaProjectConfigurator - Adding resource folder /ApiTesting_p1/src/test/resources
2023-02-14 21:20:04,163 [Worker-12: Updating Maven Project] INFO  o.e.m.c.i.p.ProjectConfigurationManager - Update completed for 1 poms: local refresh takes 0.00 sec, refresh facades takes 0.00 sec, update config takes 0.00 sec 
2023-02-14 21:20:04,745 [Worker-9: Building] WARN  o.e.m.c.i.embedder.EclipseLogger - Using platform encoding (Cp1252 actually) to copy filtered resources, i.e. build is platform dependent!
2023-02-14 21:20:04,746 [Worker-9: Building] INFO  o.e.m.c.i.embedder.EclipseLogger - Copying 0 resource
2023-02-14 21:20:04,750 [Worker-9: Building] WARN  o.e.m.c.i.embedder.EclipseLogger - Using platform encoding (Cp1252 actually) to copy filtered resources, i.e. build is platform dependent!
2023-02-14 21:20:04,751 [Worker-9: Building] INFO  o.e.m.c.i.embedder.EclipseLogger - Copying 0 resource
2023-02-14 21:20:05,309 [Worker-22: Updating Maven Dependencies] INFO  o.e.m.c.i.l.LifecycleMappingFactory - Using org.eclipse.m2e.jdt.JarLifecycleMapping lifecycle mapping for MavenProject: hibernate_jpa:hibernate_jpa:0.0.1-SNAPSHOT @ D:\programming\JdbcJava\hibernate_jpa\pom.xml.
2023-02-14 21:20:05,430 [Worker-22: Updating Maven Dependencies] INFO  o.e.m.c.i.l.LifecycleMappingFactory - Using org.eclipse.m2e.jdt.JarLifecycleMapping lifecycle mapping for MavenProject: ApiTesting_p1:ApiTesting_p1:0.0.1-SNAPSHOT @ D:\programming\JdbcJava\ApiTesting_p1\pom.xml.
2023-02-14 21:20:05,646 [Worker-22: Updating Maven Dependencies] INFO  o.e.m.c.i.l.LifecycleMappingFactory - Using org.eclipse.m2e.jdt.JarLifecycleMapping lifecycle mapping for MavenProject: hibernate_jpa:hibernate_jpa:0.0.1-SNAPSHOT @ D:\programming\JdbcJava\hibernate_update\pom.xml.
2023-02-14 21:20:06,255 [Worker-17: Building] INFO  o.e.m.c.i.l.LifecycleMappingFactory - Using org.eclipse.m2e.jdt.JarLifecycleMapping lifecycle mapping for MavenProject: org.hib:hibernate:0.0.1-SNAPSHOT @ D:\programming\JdbcJava\hibernate\pom.xml.
2023-02-14 21:20:07,463 [Worker-17: Building] WARN  o.e.m.c.i.embedder.EclipseLogger - Using platform encoding (Cp1252 actually) to copy filtered resources, i.e. build is platform dependent!
2023-02-14 21:20:07,465 [Worker-17: Building] INFO  o.e.m.c.i.embedder.EclipseLogger - Copying 0 resource
2023-02-14 21:20:07,467 [Worker-22: Updating Maven Dependencies] INFO  o.e.m.c.i.l.LifecycleMappingFactory - Using org.eclipse.m2e.jdt.JarLifecycleMapping lifecycle mapping for MavenProject: com.example:spring-demo1:0.0.1-SNAPSHOT @ C:\Users\pavan\Downloads\spring-demo1\spring-demo1\pom.xml.
2023-02-14 21:20:07,467 [Worker-17: Building] WARN  o.e.m.c.i.embedder.EclipseLogger - Using platform encoding (Cp1252 actually) to copy filtered resources, i.e. build is platform dependent!
2023-02-14 21:20:07,468 [Worker-17: Building] INFO  o.e.m.c.i.embedder.EclipseLogger - Copying 0 resource
2023-02-14 21:20:07,499 [Worker-9: Updating Maven Project] INFO  o.e.m.c.i.p.ProjectConfigurationManager - Update started
2023-02-14 21:20:07,567 [Worker-9: Updating Maven Project] INFO  o.e.m.c.i.l.LifecycleMappingFactory - Using org.eclipse.m2e.jdt.JarLifecycleMapping lifecycle mapping for MavenProject: org.hib:hibernate:0.0.1-SNAPSHOT @ D:\programming\JdbcJava\hibernate\pom.xml.
2023-02-14 21:20:07,708 [Worker-9: Updating Maven Project] INFO  o.e.m.j.i.AbstractJavaProjectConfigurator - Adding source folder /hibernate/src/main/java
2023-02-14 21:20:07,708 [Worker-9: Updating Maven Project] INFO  o.e.m.j.i.AbstractJavaProjectConfigurator - Adding resource folder /hibernate/src/main/resources
2023-02-14 21:20:07,709 [Worker-9: Updating Maven Project] INFO  o.e.m.j.i.AbstractJavaProjectConfigurator - Adding source folder /hibernate/src/test/java
2023-02-14 21:20:07,709 [Worker-9: Updating Maven Project] INFO  o.e.m.j.i.AbstractJavaProjectConfigurator - Adding resource folder /hibernate/src/test/resources
2023-02-14 21:20:07,967 [Worker-9: Updating Maven Project] INFO  o.e.m.c.i.p.ProjectConfigurationManager - Update completed for 1 poms: local refresh takes 0.00 sec, refresh facades takes 0.00 sec, update config takes 0.00 sec 
2023-02-14 21:20:08,222 [Worker-21: Building] WARN  o.e.m.c.i.embedder.EclipseLogger - Using platform encoding (Cp1252 actually) to copy filtered resources, i.e. build is platform dependent!
2023-02-14 21:20:08,224 [Worker-21: Building] INFO  o.e.m.c.i.embedder.EclipseLogger - Copying 0 resource
2023-02-14 21:20:08,226 [Worker-21: Building] WARN  o.e.m.c.i.embedder.EclipseLogger - Using platform encoding (Cp1252 actually) to copy filtered resources, i.e. build is platform dependent!
2023-02-14 21:20:08,227 [Worker-21: Building] INFO  o.e.m.c.i.embedder.EclipseLogger - Copying 0 resource
2023-02-14 21:20:08,394 [Worker-21: Building] INFO  o.e.m.c.i.l.LifecycleMappingFactory - Using org.eclipse.m2e.jdt.JarLifecycleMapping lifecycle mapping for MavenProject: hibernate_jpa:hibernate_jpa:0.0.1-SNAPSHOT @ D:\programming\JdbcJava\hibernate-composite\pom.xml.
2023-02-14 21:20:08,666 [Worker-21: Building] WARN  o.e.m.c.i.embedder.EclipseLogger - Using platform encoding (Cp1252 actually) to copy filtered resources, i.e. build is platform dependent!
2023-02-14 21:20:08,667 [Worker-21: Building] INFO  o.e.m.c.i.embedder.EclipseLogger - Copying 1 resource
2023-02-14 21:20:08,687 [Worker-21: Building] WARN  o.e.m.c.i.embedder.EclipseLogger - Using platform encoding (Cp1252 actually) to copy filtered resources, i.e. build is platform dependent!
2023-02-14 21:20:08,688 [Worker-21: Building] INFO  o.e.m.c.i.embedder.EclipseLogger - Copying 0 resource
2023-02-14 21:20:08,832 [Worker-21: Building] INFO  o.e.m.c.i.l.LifecycleMappingFactory - Using org.eclipse.m2e.jdt.JarLifecycleMapping lifecycle mapping for MavenProject: hibernate_jpa:hibernate_jpa:0.0.1-SNAPSHOT @ D:\programming\JdbcJava\hibernate_Bi_OTO\pom.xml.
2023-02-14 21:20:09,312 [Worker-21: Building] WARN  o.e.m.c.i.embedder.EclipseLogger - Using platform encoding (Cp1252 actually) to copy filtered resources, i.e. build is platform dependent!
2023-02-14 21:20:09,313 [Worker-21: Building] INFO  o.e.m.c.i.embedder.EclipseLogger - Copying 1 resource
2023-02-14 21:20:09,335 [Worker-21: Building] WARN  o.e.m.c.i.embedder.EclipseLogger - Using platform encoding (Cp1252 actually) to copy filtered resources, i.e. build is platform dependent!
2023-02-14 21:20:09,336 [Worker-21: Building] INFO  o.e.m.c.i.embedder.EclipseLogger - Copying 0 resource
2023-02-14 21:20:09,457 [Worker-21: Building] INFO  o.e.m.c.i.l.LifecycleMappingFactory - Using org.eclipse.m2e.jdt.JarLifecycleMapping lifecycle mapping for MavenProject: hibernate_jpa:hibernate_jpa:0.0.1-SNAPSHOT @ D:\programming\JdbcJava\hibernate_MTM\pom.xml.
2023-02-14 21:20:09,597 [Worker-21: Building] WARN  o.e.m.c.i.embedder.EclipseLogger - Using platform encoding (Cp1252 actually) to copy filtered resources, i.e. build is platform dependent!
2023-02-14 21:20:09,598 [Worker-21: Building] INFO  o.e.m.c.i.embedder.EclipseLogger - Copying 1 resource
2023-02-14 21:20:09,611 [Worker-21: Building] WARN  o.e.m.c.i.embedder.EclipseLogger - Using platform encoding (Cp1252 actually) to copy filtered resources, i.e. build is platform dependent!
2023-02-14 21:20:09,612 [Worker-21: Building] INFO  o.e.m.c.i.embedder.EclipseLogger - Copying 0 resource
2023-02-14 21:20:09,731 [Worker-13: Updating Maven Project] INFO  o.e.m.c.i.p.ProjectConfigurationManager - Update started
2023-02-14 21:20:09,846 [Worker-13: Updating Maven Project] INFO  o.e.m.c.i.l.LifecycleMappingFactory - Using org.eclipse.m2e.jdt.JarLifecycleMapping lifecycle mapping for MavenProject: hibernate_jpa:hibernate_jpa:0.0.1-SNAPSHOT @ D:\programming\JdbcJava\hibernate-composite\pom.xml.
2023-02-14 21:20:09,948 [Worker-13: Updating Maven Project] INFO  o.e.m.c.i.l.LifecycleMappingFactory - Using org.eclipse.m2e.jdt.JarLifecycleMapping lifecycle mapping for MavenProject: hibernate_jpa:hibernate_jpa:0.0.1-SNAPSHOT @ D:\programming\JdbcJava\hibernate_Bi_OTO\pom.xml.
2023-02-14 21:20:09,994 [Worker-13: Updating Maven Project] INFO  o.e.m.c.i.l.LifecycleMappingFactory - Using org.eclipse.m2e.jdt.JarLifecycleMapping lifecycle mapping for MavenProject: hibernate_jpa:hibernate_jpa:0.0.1-SNAPSHOT @ D:\programming\JdbcJava\hibernate_MTM\pom.xml.
2023-02-14 21:20:10,311 [Worker-13: Updating Maven Project] INFO  o.e.m.j.i.AbstractJavaProjectConfigurator - Adding source folder /hibernate-composite/src/main/java
2023-02-14 21:20:10,312 [Worker-13: Updating Maven Project] INFO  o.e.m.j.i.AbstractJavaProjectConfigurator - Adding resource folder /hibernate-composite/src/main/resources
2023-02-14 21:20:10,312 [Worker-13: Updating Maven Project] INFO  o.e.m.j.i.AbstractJavaProjectConfigurator - Adding source folder /hibernate-composite/src/test/java
2023-02-14 21:20:10,312 [Worker-13: Updating Maven Project] INFO  o.e.m.j.i.AbstractJavaProjectConfigurator - Adding resource folder /hibernate-composite/src/test/resources
2023-02-14 21:20:10,875 [Worker-13: Updating Maven Project] INFO  o.e.m.j.i.AbstractJavaProjectConfigurator - Adding source folder /hibernate_Bi_OTO/src/main/java
2023-02-14 21:20:10,876 [Worker-13: Updating Maven Project] INFO  o.e.m.j.i.AbstractJavaProjectConfigurator - Adding resource folder /hibernate_Bi_OTO/src/main/resources
2023-02-14 21:20:10,876 [Worker-13: Updating Maven Project] INFO  o.e.m.j.i.AbstractJavaProjectConfigurator - Adding source folder /hibernate_Bi_OTO/src/test/java
2023-02-14 21:20:10,876 [Worker-13: Updating Maven Project] INFO  o.e.m.j.i.AbstractJavaProjectConfigurator - Adding resource folder /hibernate_Bi_OTO/src/test/resources
2023-02-14 21:20:11,105 [Worker-13: Updating Maven Project] INFO  o.e.m.j.i.AbstractJavaProjectConfigurator - Adding source folder /hibernate_MTM/src/main/java
2023-02-14 21:20:11,105 [Worker-13: Updating Maven Project] INFO  o.e.m.j.i.AbstractJavaProjectConfigurator - Adding resource folder /hibernate_MTM/src/main/resources
2023-02-14 21:20:11,106 [Worker-13: Updating Maven Project] INFO  o.e.m.j.i.AbstractJavaProjectConfigurator - Adding source folder /hibernate_MTM/src/test/java
2023-02-14 21:20:11,106 [Worker-13: Updating Maven Project] INFO  o.e.m.j.i.AbstractJavaProjectConfigurator - Adding resource folder /hibernate_MTM/src/test/resources
2023-02-14 21:20:11,231 [Worker-5: Updating Maven Dependencies] INFO  o.e.m.c.i.l.LifecycleMappingFactory - Using org.eclipse.m2e.jdt.JarLifecycleMapping lifecycle mapping for MavenProject: hibernate_jpa:hibernate_jpa:0.0.1-SNAPSHOT @ D:\programming\JdbcJava\hibernate_jpa\pom.xml.
2023-02-14 21:20:11,358 [Worker-5: Updating Maven Dependencies] INFO  o.e.m.c.i.l.LifecycleMappingFactory - Using org.eclipse.m2e.jdt.JarLifecycleMapping lifecycle mapping for MavenProject: ApiTesting_p1:ApiTesting_p1:0.0.1-SNAPSHOT @ D:\programming\JdbcJava\ApiTesting_p1\pom.xml.
2023-02-14 21:20:11,512 [Worker-13: Updating Maven Project] INFO  o.e.m.c.i.p.ProjectConfigurationManager - Update completed for 3 poms: local refresh takes 0.00 sec, refresh facades takes 0.00 sec, update config takes 1.00 sec 
2023-02-14 21:20:11,583 [Worker-5: Updating Maven Dependencies] INFO  o.e.m.c.i.l.LifecycleMappingFactory - Using org.eclipse.m2e.jdt.JarLifecycleMapping lifecycle mapping for MavenProject: hibernate_jpa:hibernate_jpa:0.0.1-SNAPSHOT @ D:\programming\JdbcJava\hibernate_update\pom.xml.
2023-02-14 21:20:11,646 [Worker-5: Updating Maven Dependencies] INFO  o.e.m.c.i.l.LifecycleMappingFactory - Using org.eclipse.m2e.jdt.JarLifecycleMapping lifecycle mapping for MavenProject: com.example:spring-demo1:0.0.1-SNAPSHOT @ C:\Users\pavan\Downloads\spring-demo1\spring-demo1\pom.xml.
2023-02-14 21:20:11,956 [Worker-5: Updating Maven Dependencies] INFO  o.e.m.c.i.l.LifecycleMappingFactory - Using org.eclipse.m2e.jdt.JarLifecycleMapping lifecycle mapping for MavenProject: hibernate_jpa:hibernate_jpa:0.0.1-SNAPSHOT @ D:\programming\JdbcJava\hibernate_fetch_MTM\pom.xml.
2023-02-14 21:20:12,006 [Worker-5: Updating Maven Dependencies] INFO  o.e.m.c.i.l.LifecycleMappingFactory - Using org.eclipse.m2e.jdt.JarLifecycleMapping lifecycle mapping for MavenProject: spring-first:spring-first:0.0.1-SNAPSHOT @ D:\programming\JdbcJava\spring-annotations\pom.xml.
2023-02-14 21:20:12,053 [Worker-5: Updating Maven Dependencies] INFO  o.e.m.c.i.l.LifecycleMappingFactory - Using org.eclipse.m2e.jdt.JarLifecycleMapping lifecycle mapping for MavenProject: hibernate_jpa:hibernate_jpa:0.0.1-SNAPSHOT @ D:\programming\JdbcJava\hibernate_cascade_MTO\pom.xml.
2023-02-14 21:20:12,097 [Worker-5: Updating Maven Dependencies] INFO  o.e.m.c.i.l.LifecycleMappingFactory - Using org.eclipse.m2e.jdt.JarLifecycleMapping lifecycle mapping for MavenProject: hibernate_jpa:hibernate_jpa:0.0.1-SNAPSHOT @ D:\programming\JdbcJava\hibernate_MTM\pom.xml.
2023-02-14 21:20:12,144 [Worker-5: Updating Maven Dependencies] INFO  o.e.m.c.i.l.LifecycleMappingFactory - Using org.eclipse.m2e.jdt.JarLifecycleMapping lifecycle mapping for MavenProject: hibernate_jpa:hibernate_jpa:0.0.1-SNAPSHOT @ D:\programming\JdbcJava\second_levelCache\pom.xml.
2023-02-14 21:20:12,198 [Worker-5: Updating Maven Dependencies] INFO  o.e.m.c.i.l.LifecycleMappingFactory - Using org.eclipse.m2e.jdt.JarLifecycleMapping lifecycle mapping for MavenProject: spring-first:spring-first:0.0.1-SNAPSHOT @ D:\programming\JdbcJava\spring-first\pom.xml.
2023-02-14 21:20:12,247 [Worker-5: Updating Maven Dependencies] INFO  o.e.m.c.i.l.LifecycleMappingFactory - Using org.eclipse.m2e.jdt.JarLifecycleMapping lifecycle mapping for MavenProject: hibernate_jpa:hibernate_jpa:0.0.1-SNAPSHOT @ D:\programming\JdbcJava\hibernate_relative\pom.xml.
2023-02-14 21:20:12,292 [Worker-5: Updating Maven Dependencies] INFO  o.e.m.c.i.l.LifecycleMappingFactory - Using org.eclipse.m2e.jdt.JarLifecycleMapping lifecycle mapping for MavenProject: hibernate_jpa:hibernate_jpa:0.0.1-SNAPSHOT @ D:\programming\JdbcJava\hibernate_OTM\pom.xml.
2023-02-14 21:20:12,344 [Worker-5: Updating Maven Dependencies] INFO  o.e.m.c.i.l.LifecycleMappingFactory - Using org.eclipse.m2e.jdt.JarLifecycleMapping lifecycle mapping for MavenProject: hibernate_jpa:hibernate_jpa:0.0.1-SNAPSHOT @ D:\programming\JdbcJava\hibernate-composite\pom.xml.
2023-02-14 21:20:12,409 [Worker-5: Updating Maven Dependencies] INFO  o.e.m.c.i.l.LifecycleMappingFactory - Using org.eclipse.m2e.jdt.JarLifecycleMapping lifecycle mapping for MavenProject: com.example:spring-learn:0.0.1-SNAPSHOT @ D:\programming\JdbcJava\spring-learn\pom.xml.
2023-02-14 21:20:12,467 [Worker-5: Updating Maven Dependencies] INFO  o.e.m.c.i.l.LifecycleMappingFactory - Using org.eclipse.m2e.jdt.JarLifecycleMapping lifecycle mapping for MavenProject: person_hibernate:person_hibernate:0.0.1-SNAPSHOT @ D:\programming\JdbcJava\person_hibernate\pom.xml.
2023-02-14 21:20:12,512 [Worker-5: Updating Maven Dependencies] INFO  o.e.m.c.i.l.LifecycleMappingFactory - Using org.eclipse.m2e.jdt.JarLifecycleMapping lifecycle mapping for MavenProject: org.hib:hibernate:0.0.1-SNAPSHOT @ D:\programming\JdbcJava\hibernate\pom.xml.
2023-02-14 21:20:12,554 [Worker-5: Updating Maven Dependencies] INFO  o.e.m.c.i.l.LifecycleMappingFactory - Using org.eclipse.m2e.jdt.JarLifecycleMapping lifecycle mapping for MavenProject: hibernate_jpa:hibernate_jpa:0.0.1-SNAPSHOT @ D:\programming\JdbcJava\hibernate_Bi_OTO\pom.xml.
2023-02-14 21:20:16,113 [Worker-8: Updating Maven Project] INFO  o.e.m.c.i.p.ProjectConfigurationManager - Update started
2023-02-14 21:20:16,171 [Worker-8: Updating Maven Project] INFO  o.e.m.c.i.l.LifecycleMappingFactory - Using org.eclipse.m2e.jdt.JarLifecycleMapping lifecycle mapping for MavenProject: hibernate_jpa:hibernate_jpa:0.0.1-SNAPSHOT @ D:\programming\JdbcJava\hibernate_jpa\pom.xml.
2023-02-14 21:20:16,300 [Worker-8: Updating Maven Project] INFO  o.e.m.j.i.AbstractJavaProjectConfigurator - Adding source folder /hibernate_jpa/src/main/java
2023-02-14 21:20:16,300 [Worker-8: Updating Maven Project] INFO  o.e.m.j.i.AbstractJavaProjectConfigurator - Adding resource folder /hibernate_jpa/src/main/resources
2023-02-14 21:20:16,301 [Worker-8: Updating Maven Project] INFO  o.e.m.j.i.AbstractJavaProjectConfigurator - Adding source folder /hibernate_jpa/src/test/java
2023-02-14 21:20:16,301 [Worker-8: Updating Maven Project] INFO  o.e.m.j.i.AbstractJavaProjectConfigurator - Adding resource folder /hibernate_jpa/src/test/resources
2023-02-14 21:20:16,563 [Worker-8: Updating Maven Project] INFO  o.e.m.c.i.p.ProjectConfigurationManager - Update completed for 1 poms: local refresh takes 0.00 sec, refresh facades takes 0.00 sec, update config takes 0.00 sec 
2023-02-14 21:20:16,577 [Worker-16: Updating Maven Project] INFO  o.e.m.c.i.p.ProjectConfigurationManager - Update started
2023-02-14 21:20:16,644 [Worker-16: Updating Maven Project] INFO  o.e.m.c.i.l.LifecycleMappingFactory - Using org.eclipse.m2e.jdt.JarLifecycleMapping lifecycle mapping for MavenProject: hibernate_jpa:hibernate_jpa:0.0.1-SNAPSHOT @ D:\programming\JdbcJava\hibernate_jpa\pom.xml.
2023-02-14 21:20:16,799 [Worker-16: Updating Maven Project] INFO  o.e.m.j.i.AbstractJavaProjectConfigurator - Adding source folder /hibernate_jpa/src/main/java
2023-02-14 21:20:16,800 [Worker-16: Updating Maven Project] INFO  o.e.m.j.i.AbstractJavaProjectConfigurator - Adding resource folder /hibernate_jpa/src/main/resources
2023-02-14 21:20:16,800 [Worker-16: Updating Maven Project] INFO  o.e.m.j.i.AbstractJavaProjectConfigurator - Adding source folder /hibernate_jpa/src/test/java
2023-02-14 21:20:16,800 [Worker-16: Updating Maven Project] INFO  o.e.m.j.i.AbstractJavaProjectConfigurator - Adding resource folder /hibernate_jpa/src/test/resources
2023-02-14 21:20:16,993 [Worker-16: Updating Maven Project] INFO  o.e.m.c.i.p.ProjectConfigurationManager - Update completed for 1 poms: local refresh takes 0.00 sec, refresh facades takes 0.00 sec, update config takes 0.00 sec 
2023-02-14 21:20:17,010 [Worker-17: Updating Maven Project] INFO  o.e.m.c.i.p.ProjectConfigurationManager - Update started
2023-02-14 21:20:17,064 [Worker-17: Updating Maven Project] INFO  o.e.m.c.i.l.LifecycleMappingFactory - Using org.eclipse.m2e.jdt.JarLifecycleMapping lifecycle mapping for MavenProject: hibernate_jpa:hibernate_jpa:0.0.1-SNAPSHOT @ D:\programming\JdbcJava\hibernate_jpa\pom.xml.
2023-02-14 21:20:17,232 [Worker-17: Updating Maven Project] INFO  o.e.m.j.i.AbstractJavaProjectConfigurator - Adding source folder /hibernate_jpa/src/main/java
2023-02-14 21:20:17,233 [Worker-17: Updating Maven Project] INFO  o.e.m.j.i.AbstractJavaProjectConfigurator - Adding resource folder /hibernate_jpa/src/main/resources
2023-02-14 21:20:17,233 [Worker-17: Updating Maven Project] INFO  o.e.m.j.i.AbstractJavaProjectConfigurator - Adding source folder /hibernate_jpa/src/test/java
2023-02-14 21:20:17,233 [Worker-17: Updating Maven Project] INFO  o.e.m.j.i.AbstractJavaProjectConfigurator - Adding resource folder /hibernate_jpa/src/test/resources
2023-02-14 21:20:17,370 [Worker-17: Updating Maven Project] INFO  o.e.m.c.i.p.ProjectConfigurationManager - Update completed for 1 poms: local refresh takes 0.00 sec, refresh facades takes 0.00 sec, update config takes 0.00 sec 
2023-02-14 21:20:17,376 [Worker-5: Updating Maven Project] INFO  o.e.m.c.i.p.ProjectConfigurationManager - Update started
2023-02-14 21:20:17,426 [Worker-5: Updating Maven Project] INFO  o.e.m.c.i.l.LifecycleMappingFactory - Using org.eclipse.m2e.jdt.JarLifecycleMapping lifecycle mapping for MavenProject: hibernate_jpa:hibernate_jpa:0.0.1-SNAPSHOT @ D:\programming\JdbcJava\hibernate_jpa\pom.xml.
2023-02-14 21:20:17,570 [Worker-5: Updating Maven Project] INFO  o.e.m.j.i.AbstractJavaProjectConfigurator - Adding source folder /hibernate_jpa/src/main/java
2023-02-14 21:20:17,570 [Worker-5: Updating Maven Project] INFO  o.e.m.j.i.AbstractJavaProjectConfigurator - Adding resource folder /hibernate_jpa/src/main/resources
2023-02-14 21:20:17,570 [Worker-5: Updating Maven Project] INFO  o.e.m.j.i.AbstractJavaProjectConfigurator - Adding source folder /hibernate_jpa/src/test/java
2023-02-14 21:20:17,571 [Worker-5: Updating Maven Project] INFO  o.e.m.j.i.AbstractJavaProjectConfigurator - Adding resource folder /hibernate_jpa/src/test/resources
2023-02-14 21:20:17,736 [Worker-5: Updating Maven Project] INFO  o.e.m.c.i.p.ProjectConfigurationManager - Update completed for 1 poms: local refresh takes 0.00 sec, refresh facades takes 0.00 sec, update config takes 0.00 sec 
2023-02-14 21:20:17,745 [Worker-6: Updating Maven Project] INFO  o.e.m.c.i.p.ProjectConfigurationManager - Update started
2023-02-14 21:20:17,800 [Worker-6: Updating Maven Project] INFO  o.e.m.c.i.l.LifecycleMappingFactory - Using org.eclipse.m2e.jdt.JarLifecycleMapping lifecycle mapping for MavenProject: hibernate_jpa:hibernate_jpa:0.0.1-SNAPSHOT @ D:\programming\JdbcJava\hibernate_update\pom.xml.
2023-02-14 21:20:17,927 [Worker-6: Updating Maven Project] INFO  o.e.m.j.i.AbstractJavaProjectConfigurator - Adding source folder /hibernate_update/src/main/java
2023-02-14 21:20:17,927 [Worker-6: Updating Maven Project] INFO  o.e.m.j.i.AbstractJavaProjectConfigurator - Adding resource folder /hibernate_update/src/main/resources
2023-02-14 21:20:17,928 [Worker-6: Updating Maven Project] INFO  o.e.m.j.i.AbstractJavaProjectConfigurator - Adding source folder /hibernate_update/src/test/java
2023-02-14 21:20:17,928 [Worker-6: Updating Maven Project] INFO  o.e.m.j.i.AbstractJavaProjectConfigurator - Adding resource folder /hibernate_update/src/test/resources
2023-02-14 21:20:18,192 [Worker-6: Updating Maven Project] INFO  o.e.m.c.i.p.ProjectConfigurationManager - Update completed for 1 poms: local refresh takes 0.00 sec, refresh facades takes 0.00 sec, update config takes 0.00 sec 
2023-02-14 21:20:18,205 [Worker-8: Updating Maven Project] INFO  o.e.m.c.i.p.ProjectConfigurationManager - Update started
2023-02-14 21:20:18,258 [Worker-8: Updating Maven Project] INFO  o.e.m.c.i.l.LifecycleMappingFactory - Using org.eclipse.m2e.jdt.JarLifecycleMapping lifecycle mapping for MavenProject: hibernate_jpa:hibernate_jpa:0.0.1-SNAPSHOT @ D:\programming\JdbcJava\hibernate_update\pom.xml.
2023-02-14 21:20:18,393 [Worker-8: Updating Maven Project] INFO  o.e.m.j.i.AbstractJavaProjectConfigurator - Adding source folder /hibernate_update/src/main/java
2023-02-14 21:20:18,394 [Worker-8: Updating Maven Project] INFO  o.e.m.j.i.AbstractJavaProjectConfigurator - Adding resource folder /hibernate_update/src/main/resources
2023-02-14 21:20:18,394 [Worker-8: Updating Maven Project] INFO  o.e.m.j.i.AbstractJavaProjectConfigurator - Adding source folder /hibernate_update/src/test/java
2023-02-14 21:20:18,394 [Worker-8: Updating Maven Project] INFO  o.e.m.j.i.AbstractJavaProjectConfigurator - Adding resource folder /hibernate_update/src/test/resources
2023-02-14 21:20:18,530 [Worker-8: Updating Maven Project] INFO  o.e.m.c.i.p.ProjectConfigurationManager - Update completed for 1 poms: local refresh takes 0.00 sec, refresh facades takes 0.00 sec, update config takes 0.00 sec 
2023-02-14 21:20:18,548 [Worker-3: Updating Maven Project] INFO  o.e.m.c.i.p.ProjectConfigurationManager - Update started
2023-02-14 21:20:18,606 [Worker-3: Updating Maven Project] INFO  o.e.m.c.i.l.LifecycleMappingFactory - Using org.eclipse.m2e.jdt.JarLifecycleMapping lifecycle mapping for MavenProject: hibernate_jpa:hibernate_jpa:0.0.1-SNAPSHOT @ D:\programming\JdbcJava\hibernate_update\pom.xml.
2023-02-14 21:20:18,756 [Worker-3: Updating Maven Project] INFO  o.e.m.j.i.AbstractJavaProjectConfigurator - Adding source folder /hibernate_update/src/main/java
2023-02-14 21:20:18,756 [Worker-3: Updating Maven Project] INFO  o.e.m.j.i.AbstractJavaProjectConfigurator - Adding resource folder /hibernate_update/src/main/resources
2023-02-14 21:20:18,757 [Worker-3: Updating Maven Project] INFO  o.e.m.j.i.AbstractJavaProjectConfigurator - Adding source folder /hibernate_update/src/test/java
2023-02-14 21:20:18,757 [Worker-3: Updating Maven Project] INFO  o.e.m.j.i.AbstractJavaProjectConfigurator - Adding resource folder /hibernate_update/src/test/resources
2023-02-14 21:20:18,887 [Worker-3: Updating Maven Project] INFO  o.e.m.c.i.p.ProjectConfigurationManager - Update completed for 1 poms: local refresh takes 0.00 sec, refresh facades takes 0.00 sec, update config takes 0.00 sec 
2023-02-14 21:20:18,894 [Worker-6: Updating Maven Project] INFO  o.e.m.c.i.p.ProjectConfigurationManager - Update started
2023-02-14 21:20:18,946 [Worker-6: Updating Maven Project] INFO  o.e.m.c.i.l.LifecycleMappingFactory - Using org.eclipse.m2e.jdt.JarLifecycleMapping lifecycle mapping for MavenProject: hibernate_jpa:hibernate_jpa:0.0.1-SNAPSHOT @ D:\programming\JdbcJava\hibernate_update\pom.xml.
2023-02-14 21:20:19,096 [Worker-6: Updating Maven Project] INFO  o.e.m.j.i.AbstractJavaProjectConfigurator - Adding source folder /hibernate_update/src/main/java
2023-02-14 21:20:19,096 [Worker-6: Updating Maven Project] INFO  o.e.m.j.i.AbstractJavaProjectConfigurator - Adding resource folder /hibernate_update/src/main/resources
2023-02-14 21:20:19,097 [Worker-6: Updating Maven Project] INFO  o.e.m.j.i.AbstractJavaProjectConfigurator - Adding source folder /hibernate_update/src/test/java
2023-02-14 21:20:19,097 [Worker-6: Updating Maven Project] INFO  o.e.m.j.i.AbstractJavaProjectConfigurator - Adding resource folder /hibernate_update/src/test/resources
2023-02-14 21:20:19,247 [Worker-6: Updating Maven Project] INFO  o.e.m.c.i.p.ProjectConfigurationManager - Update completed for 1 poms: local refresh takes 0.00 sec, refresh facades takes 0.00 sec, update config takes 0.00 sec 
2023-02-14 21:20:19,257 [Worker-23: Updating Maven Project] INFO  o.e.m.c.i.p.ProjectConfigurationManager - Update started
2023-02-14 21:20:19,504 [Worker-23: Updating Maven Project] INFO  o.e.m.c.i.l.LifecycleMappingFactory - Using org.eclipse.m2e.jdt.JarLifecycleMapping lifecycle mapping for MavenProject: com.example:spring-demo1:0.0.1-SNAPSHOT @ C:\Users\pavan\Downloads\spring-demo1\spring-demo1\pom.xml.
2023-02-14 21:20:20,407 [Worker-23: Updating Maven Project] INFO  o.e.m.j.i.AbstractJavaProjectConfigurator - Adding source folder /spring-demo1/src/main/java
2023-02-14 21:20:20,407 [Worker-23: Updating Maven Project] INFO  o.e.m.j.i.AbstractJavaProjectConfigurator - Adding resource folder /spring-demo1/src/main/resources
2023-02-14 21:20:20,408 [Worker-23: Updating Maven Project] INFO  o.e.m.j.i.AbstractJavaProjectConfigurator - Adding resource folder /spring-demo1/src/main/resources
2023-02-14 21:20:20,408 [Worker-23: Updating Maven Project] INFO  o.e.m.j.i.AbstractJavaProjectConfigurator - Adding source folder /spring-demo1/src/test/java
2023-02-15 15:15:19,291 [Worker-3: Loading available Gradle versions] INFO  o.e.b.c.i.u.g.PublishedGradleVersions - Gradle version information cache is up-to-date. Trying to read.
2023-02-15 15:15:39,003 [Worker-7: Updating Maven Dependencies] INFO  o.e.m.c.i.l.LifecycleMappingFactory - Using org.eclipse.m2e.jdt.JarLifecycleMapping lifecycle mapping for MavenProject: hibernate_jpa:hibernate_jpa:0.0.1-SNAPSHOT @ D:\programming\JdbcJava\hibernate_jpa\pom.xml.
2023-02-15 15:15:39,003 [Worker-2: Building] INFO  o.e.m.c.i.l.LifecycleMappingFactory - Using org.eclipse.m2e.jdt.JarLifecycleMapping lifecycle mapping for MavenProject: ApiTesting_p1:ApiTesting_p1:0.0.1-SNAPSHOT @ D:\programming\JdbcJava\ApiTesting_p1\pom.xml.
2023-02-15 15:15:43,797 [Worker-9: Updating Maven Dependencies] INFO  o.e.m.c.i.l.LifecycleMappingFactory - Using org.eclipse.m2e.jdt.JarLifecycleMapping lifecycle mapping for MavenProject: hibernate_jpa:hibernate_jpa:0.0.1-SNAPSHOT @ D:\programming\JdbcJava\hibernate_jpa\pom.xml.
2023-02-15 15:15:43,811 [Worker-2: Building] WARN  o.e.m.c.i.embedder.EclipseLogger - Using platform encoding (Cp1252 actually) to copy filtered resources, i.e. build is platform dependent!
2023-02-15 15:15:43,823 [Worker-2: Building] INFO  o.e.m.c.i.embedder.EclipseLogger - Copying 0 resource
2023-02-15 15:15:43,832 [Worker-2: Building] WARN  o.e.m.c.i.embedder.EclipseLogger - Using platform encoding (Cp1252 actually) to copy filtered resources, i.e. build is platform dependent!
2023-02-15 15:15:43,834 [Worker-2: Building] INFO  o.e.m.c.i.embedder.EclipseLogger - Copying 0 resource
2023-02-15 15:15:44,588 [Worker-9: Updating Maven Dependencies] INFO  o.e.m.c.i.l.LifecycleMappingFactory - Using org.eclipse.m2e.jdt.JarLifecycleMapping lifecycle mapping for MavenProject: ApiTesting_p1:ApiTesting_p1:0.0.1-SNAPSHOT @ D:\programming\JdbcJava\ApiTesting_p1\pom.xml.
2023-02-15 15:15:44,868 [Worker-9: Updating Maven Dependencies] INFO  o.e.m.c.i.l.LifecycleMappingFactory - Using org.eclipse.m2e.jdt.JarLifecycleMapping lifecycle mapping for MavenProject: hibernate_jpa:hibernate_jpa:0.0.1-SNAPSHOT @ D:\programming\JdbcJava\hibernate_update\pom.xml.
2023-02-15 15:15:45,840 [Worker-2: Building] INFO  o.e.m.c.i.l.LifecycleMappingFactory - Using org.eclipse.m2e.jdt.JarLifecycleMapping lifecycle mapping for MavenProject: org.hib:hibernate:0.0.1-SNAPSHOT @ D:\programming\JdbcJava\hibernate\pom.xml.
2023-02-15 15:15:47,155 [Worker-2: Building] WARN  o.e.m.c.i.embedder.EclipseLogger - Using platform encoding (Cp1252 actually) to copy filtered resources, i.e. build is platform dependent!
2023-02-15 15:15:47,157 [Worker-2: Building] INFO  o.e.m.c.i.embedder.EclipseLogger - Copying 0 resource
2023-02-15 15:15:47,162 [Worker-2: Building] WARN  o.e.m.c.i.embedder.EclipseLogger - Using platform encoding (Cp1252 actually) to copy filtered resources, i.e. build is platform dependent!
2023-02-15 15:15:47,164 [Worker-2: Building] INFO  o.e.m.c.i.embedder.EclipseLogger - Copying 0 resource
2023-02-15 15:15:47,165 [Worker-9: Updating Maven Dependencies] INFO  o.e.m.c.i.l.LifecycleMappingFactory - Using org.eclipse.m2e.jdt.JarLifecycleMapping lifecycle mapping for MavenProject: com.example:spring-demo1:0.0.1-SNAPSHOT @ C:\Users\pavan\Downloads\spring-demo1\spring-demo1\pom.xml.
2023-02-15 15:15:47,407 [Worker-2: Building] INFO  o.e.m.c.i.l.LifecycleMappingFactory - Using org.eclipse.m2e.jdt.JarLifecycleMapping lifecycle mapping for MavenProject: hibernate_jpa:hibernate_jpa:0.0.1-SNAPSHOT @ D:\programming\JdbcJava\hibernate-composite\pom.xml.
2023-02-15 15:15:47,626 [Worker-2: Building] WARN  o.e.m.c.i.embedder.EclipseLogger - Using platform encoding (Cp1252 actually) to copy filtered resources, i.e. build is platform dependent!
2023-02-15 15:15:47,628 [Worker-2: Building] INFO  o.e.m.c.i.embedder.EclipseLogger - Copying 1 resource
2023-02-15 15:15:47,650 [Worker-2: Building] WARN  o.e.m.c.i.embedder.EclipseLogger - Using platform encoding (Cp1252 actually) to copy filtered resources, i.e. build is platform dependent!
2023-02-15 15:15:47,651 [Worker-2: Building] INFO  o.e.m.c.i.embedder.EclipseLogger - Copying 0 resource
2023-02-15 15:15:48,201 [Worker-4: Building] INFO  o.e.m.c.i.l.LifecycleMappingFactory - Using org.eclipse.m2e.jdt.JarLifecycleMapping lifecycle mapping for MavenProject: hibernate_jpa:hibernate_jpa:0.0.1-SNAPSHOT @ D:\programming\JdbcJava\hibernate_Bi_OTO\pom.xml.
2023-02-15 15:15:48,422 [Worker-4: Building] WARN  o.e.m.c.i.embedder.EclipseLogger - Using platform encoding (Cp1252 actually) to copy filtered resources, i.e. build is platform dependent!
2023-02-15 15:15:48,424 [Worker-4: Building] INFO  o.e.m.c.i.embedder.EclipseLogger - Copying 1 resource
2023-02-15 15:15:48,443 [Worker-4: Building] WARN  o.e.m.c.i.embedder.EclipseLogger - Using platform encoding (Cp1252 actually) to copy filtered resources, i.e. build is platform dependent!
2023-02-15 15:15:48,444 [Worker-4: Building] INFO  o.e.m.c.i.embedder.EclipseLogger - Copying 0 resource
2023-02-15 15:15:48,600 [Worker-19: Building] WARN  o.e.m.c.i.embedder.EclipseLogger - Using platform encoding (Cp1252 actually) to copy filtered resources, i.e. build is platform dependent!
2023-02-15 15:15:48,604 [Worker-19: Building] INFO  o.e.m.c.i.embedder.EclipseLogger - Copying 0 resource
2023-02-15 15:15:48,607 [Worker-19: Building] WARN  o.e.m.c.i.embedder.EclipseLogger - Using platform encoding (Cp1252 actually) to copy filtered resources, i.e. build is platform dependent!
2023-02-15 15:15:48,608 [Worker-19: Building] INFO  o.e.m.c.i.embedder.EclipseLogger - Copying 0 resource
2023-02-15 15:15:48,741 [Worker-19: Building] INFO  o.e.m.c.i.l.LifecycleMappingFactory - Using org.eclipse.m2e.jdt.JarLifecycleMapping lifecycle mapping for MavenProject: hibernate_jpa:hibernate_jpa:0.0.1-SNAPSHOT @ D:\programming\JdbcJava\hibernate_MTM\pom.xml.
2023-02-15 15:15:48,925 [Worker-19: Building] WARN  o.e.m.c.i.embedder.EclipseLogger - Using platform encoding (Cp1252 actually) to copy filtered resources, i.e. build is platform dependent!
2023-02-15 15:15:48,926 [Worker-19: Building] INFO  o.e.m.c.i.embedder.EclipseLogger - Copying 1 resource
2023-02-15 15:15:48,939 [Worker-19: Building] WARN  o.e.m.c.i.embedder.EclipseLogger - Using platform encoding (Cp1252 actually) to copy filtered resources, i.e. build is platform dependent!
2023-02-15 15:15:48,940 [Worker-19: Building] INFO  o.e.m.c.i.embedder.EclipseLogger - Copying 0 resource
2023-02-15 15:15:49,078 [Worker-19: Building] INFO  o.e.m.c.i.l.LifecycleMappingFactory - Using org.eclipse.m2e.jdt.JarLifecycleMapping lifecycle mapping for MavenProject: hibernate_jpa:hibernate_jpa:0.0.1-SNAPSHOT @ D:\programming\JdbcJava\hibernate_OTM\pom.xml.
2023-02-15 15:15:49,311 [Worker-19: Building] WARN  o.e.m.c.i.embedder.EclipseLogger - Using platform encoding (Cp1252 actually) to copy filtered resources, i.e. build is platform dependent!
2023-02-15 15:15:49,313 [Worker-19: Building] INFO  o.e.m.c.i.embedder.EclipseLogger - Copying 1 resource
2023-02-15 15:15:49,320 [Worker-19: Building] WARN  o.e.m.c.i.embedder.EclipseLogger - Using platform encoding (Cp1252 actually) to copy filtered resources, i.e. build is platform dependent!
2023-02-15 15:15:49,322 [Worker-19: Building] INFO  o.e.m.c.i.embedder.EclipseLogger - Copying 0 resource
2023-02-15 15:15:49,556 [Worker-19: Building] INFO  o.e.m.c.i.l.LifecycleMappingFactory - Using org.eclipse.m2e.jdt.JarLifecycleMapping lifecycle mapping for MavenProject: hibernate_jpa:hibernate_jpa:0.0.1-SNAPSHOT @ D:\programming\JdbcJava\hibernate_cascade_MTO\pom.xml.
2023-02-15 15:15:49,746 [Worker-19: Building] WARN  o.e.m.c.i.embedder.EclipseLogger - Using platform encoding (Cp1252 actually) to copy filtered resources, i.e. build is platform dependent!
2023-02-15 15:15:49,747 [Worker-19: Building] INFO  o.e.m.c.i.embedder.EclipseLogger - Copying 1 resource
2023-02-15 15:15:49,767 [Worker-19: Building] WARN  o.e.m.c.i.embedder.EclipseLogger - Using platform encoding (Cp1252 actually) to copy filtered resources, i.e. build is platform dependent!
2023-02-15 15:15:49,768 [Worker-19: Building] INFO  o.e.m.c.i.embedder.EclipseLogger - Copying 0 resource
2023-02-15 15:15:49,802 [Worker-5: Updating Maven Project] INFO  o.e.m.c.i.p.ProjectConfigurationManager - Update started
2023-02-15 15:15:49,891 [Worker-5: Updating Maven Project] INFO  o.e.m.c.i.l.LifecycleMappingFactory - Using org.eclipse.m2e.jdt.JarLifecycleMapping lifecycle mapping for MavenProject: hibernate_jpa:hibernate_jpa:0.0.1-SNAPSHOT @ D:\programming\JdbcJava\hibernate_OTM\pom.xml.
2023-02-15 15:15:50,076 [Worker-5: Updating Maven Project] INFO  o.e.m.j.i.AbstractJavaProjectConfigurator - Adding source folder /hibernate_OTM/src/main/java
2023-02-15 15:15:50,076 [Worker-5: Updating Maven Project] INFO  o.e.m.j.i.AbstractJavaProjectConfigurator - Adding resource folder /hibernate_OTM/src/main/resources
2023-02-15 15:15:50,077 [Worker-5: Updating Maven Project] INFO  o.e.m.j.i.AbstractJavaProjectConfigurator - Adding source folder /hibernate_OTM/src/test/java
2023-02-15 15:15:50,077 [Worker-5: Updating Maven Project] INFO  o.e.m.j.i.AbstractJavaProjectConfigurator - Adding resource folder /hibernate_OTM/src/test/resources
2023-02-15 15:15:51,260 [Worker-5: Updating Maven Project] INFO  o.e.m.c.i.p.ProjectConfigurationManager - Update completed for 1 poms: local refresh takes 0.00 sec, refresh facades takes 0.00 sec, update config takes 1.00 sec 
2023-02-15 15:15:51,312 [Worker-18: Updating Maven Project] INFO  o.e.m.c.i.p.ProjectConfigurationManager - Update started
2023-02-15 15:15:51,491 [Worker-18: Updating Maven Project] INFO  o.e.m.c.i.l.LifecycleMappingFactory - Using org.eclipse.m2e.jdt.JarLifecycleMapping lifecycle mapping for MavenProject: hibernate_jpa:hibernate_jpa:0.0.1-SNAPSHOT @ D:\programming\JdbcJava\hibernate_cascade_MTO\pom.xml.
2023-02-15 15:15:51,670 [Worker-18: Updating Maven Project] INFO  o.e.m.j.i.AbstractJavaProjectConfigurator - Adding source folder /hibernate_cascade_MTO/src/main/java
2023-02-15 15:15:51,671 [Worker-18: Updating Maven Project] INFO  o.e.m.j.i.AbstractJavaProjectConfigurator - Adding resource folder /hibernate_cascade_MTO/src/main/resources
2023-02-15 15:15:51,671 [Worker-18: Updating Maven Project] INFO  o.e.m.j.i.AbstractJavaProjectConfigurator - Adding source folder /hibernate_cascade_MTO/src/test/java
2023-02-15 15:15:51,672 [Worker-18: Updating Maven Project] INFO  o.e.m.j.i.AbstractJavaProjectConfigurator - Adding resource folder /hibernate_cascade_MTO/src/test/resources
2023-02-15 15:15:52,088 [Worker-18: Updating Maven Project] INFO  o.e.m.c.i.p.ProjectConfigurationManager - Update completed for 1 poms: local refresh takes 0.00 sec, refresh facades takes 0.00 sec, update config takes 0.00 sec 
2023-02-15 15:15:53,688 [Worker-11: Updating Maven Dependencies] INFO  o.e.m.c.i.l.LifecycleMappingFactory - Using org.eclipse.m2e.jdt.JarLifecycleMapping lifecycle mapping for MavenProject: hibernate_jpa:hibernate_jpa:0.0.1-SNAPSHOT @ D:\programming\JdbcJava\hibernate_jpa\pom.xml.
2023-02-15 15:15:53,823 [Worker-11: Updating Maven Dependencies] INFO  o.e.m.c.i.l.LifecycleMappingFactory - Using org.eclipse.m2e.jdt.JarLifecycleMapping lifecycle mapping for MavenProject: ApiTesting_p1:ApiTesting_p1:0.0.1-SNAPSHOT @ D:\programming\JdbcJava\ApiTesting_p1\pom.xml.
2023-02-15 15:15:54,063 [Worker-11: Updating Maven Dependencies] INFO  o.e.m.c.i.l.LifecycleMappingFactory - Using org.eclipse.m2e.jdt.JarLifecycleMapping lifecycle mapping for MavenProject: hibernate_jpa:hibernate_jpa:0.0.1-SNAPSHOT @ D:\programming\JdbcJava\hibernate_update\pom.xml.
2023-02-15 15:15:54,136 [Worker-11: Updating Maven Dependencies] INFO  o.e.m.c.i.l.LifecycleMappingFactory - Using org.eclipse.m2e.jdt.JarLifecycleMapping lifecycle mapping for MavenProject: com.example:spring-demo1:0.0.1-SNAPSHOT @ C:\Users\pavan\Downloads\spring-demo1\spring-demo1\pom.xml.
2023-02-15 15:15:54,500 [Worker-11: Updating Maven Dependencies] INFO  o.e.m.c.i.l.LifecycleMappingFactory - Using org.eclipse.m2e.jdt.JarLifecycleMapping lifecycle mapping for MavenProject: hibernate_jpa:hibernate_jpa:0.0.1-SNAPSHOT @ D:\programming\JdbcJava\hibernate_fetch_MTM\pom.xml.
2023-02-15 15:15:54,511 [Worker-10: Building] WARN  o.e.m.c.i.embedder.EclipseLogger - Using platform encoding (Cp1252 actually) to copy filtered resources, i.e. build is platform dependent!
2023-02-15 15:15:54,514 [Worker-10: Building] INFO  o.e.m.c.i.embedder.EclipseLogger - Copying 0 resource
2023-02-15 15:15:54,522 [Worker-10: Building] WARN  o.e.m.c.i.embedder.EclipseLogger - Using platform encoding (Cp1252 actually) to copy filtered resources, i.e. build is platform dependent!
2023-02-15 15:15:54,523 [Worker-10: Building] INFO  o.e.m.c.i.embedder.EclipseLogger - Copying 0 resource
2023-02-15 15:15:54,587 [Worker-11: Updating Maven Dependencies] INFO  o.e.m.c.i.l.LifecycleMappingFactory - Using org.eclipse.m2e.jdt.JarLifecycleMapping lifecycle mapping for MavenProject: spring-first:spring-first:0.0.1-SNAPSHOT @ D:\programming\JdbcJava\spring-annotations\pom.xml.
2023-02-15 15:15:54,619 [Worker-10: Building] WARN  o.e.m.c.i.embedder.EclipseLogger - Using platform encoding (Cp1252 actually) to copy filtered resources, i.e. build is platform dependent!
2023-02-15 15:15:54,625 [Worker-10: Building] INFO  o.e.m.c.i.embedder.EclipseLogger - Copying 0 resource
2023-02-15 15:15:54,628 [Worker-10: Building] WARN  o.e.m.c.i.embedder.EclipseLogger - Using platform encoding (Cp1252 actually) to copy filtered resources, i.e. build is platform dependent!
2023-02-15 15:15:54,631 [Worker-10: Building] INFO  o.e.m.c.i.embedder.EclipseLogger - Copying 0 resource
2023-02-15 15:15:54,779 [Worker-10: Building] WARN  o.e.m.c.i.embedder.EclipseLogger - Using platform encoding (Cp1252 actually) to copy filtered resources, i.e. build is platform dependent!
2023-02-15 15:15:54,782 [Worker-10: Building] INFO  o.e.m.c.i.embedder.EclipseLogger - Copying 1 resource
2023-02-15 15:15:54,800 [Worker-10: Building] WARN  o.e.m.c.i.embedder.EclipseLogger - Using platform encoding (Cp1252 actually) to copy filtered resources, i.e. build is platform dependent!
2023-02-15 15:15:54,803 [Worker-10: Building] INFO  o.e.m.c.i.embedder.EclipseLogger - Copying 0 resource
2023-02-15 15:15:55,079 [Worker-11: Updating Maven Dependencies] INFO  o.e.m.c.i.l.LifecycleMappingFactory - Using org.eclipse.m2e.jdt.JarLifecycleMapping lifecycle mapping for MavenProject: hibernate_jpa:hibernate_jpa:0.0.1-SNAPSHOT @ D:\programming\JdbcJava\hibernate_cascade_MTO\pom.xml.
2023-02-15 15:15:55,148 [Worker-11: Updating Maven Dependencies] INFO  o.e.m.c.i.l.LifecycleMappingFactory - Using org.eclipse.m2e.jdt.JarLifecycleMapping lifecycle mapping for MavenProject: hibernate_jpa:hibernate_jpa:0.0.1-SNAPSHOT @ D:\programming\JdbcJava\hibernate_MTM\pom.xml.
2023-02-15 15:15:55,253 [Worker-11: Updating Maven Dependencies] INFO  o.e.m.c.i.l.LifecycleMappingFactory - Using org.eclipse.m2e.jdt.JarLifecycleMapping lifecycle mapping for MavenProject: hibernate_jpa:hibernate_jpa:0.0.1-SNAPSHOT @ D:\programming\JdbcJava\second_levelCache\pom.xml.
2023-02-15 15:15:55,303 [Worker-8: Building] WARN  o.e.m.c.i.embedder.EclipseLogger - Using platform encoding (Cp1252 actually) to copy filtered resources, i.e. build is platform dependent!
2023-02-15 15:15:55,304 [Worker-8: Building] INFO  o.e.m.c.i.embedder.EclipseLogger - Copying 1 resource
2023-02-15 15:15:55,310 [Worker-8: Building] WARN  o.e.m.c.i.embedder.EclipseLogger - Using platform encoding (Cp1252 actually) to copy filtered resources, i.e. build is platform dependent!
2023-02-15 15:15:55,311 [Worker-8: Building] INFO  o.e.m.c.i.embedder.EclipseLogger - Copying 0 resource
2023-02-15 15:15:55,479 [Worker-8: Building] INFO  o.e.m.c.i.l.LifecycleMappingFactory - Using org.eclipse.m2e.jdt.JarLifecycleMapping lifecycle mapping for MavenProject: hibernate_jpa:hibernate_jpa:0.0.1-SNAPSHOT @ D:\programming\JdbcJava\hibernate_fetch_MTM\pom.xml.
2023-02-15 15:15:55,720 [Worker-8: Building] WARN  o.e.m.c.i.embedder.EclipseLogger - Using platform encoding (Cp1252 actually) to copy filtered resources, i.e. build is platform dependent!
2023-02-15 15:15:55,721 [Worker-8: Building] INFO  o.e.m.c.i.embedder.EclipseLogger - Copying 1 resource
2023-02-15 15:15:55,730 [Worker-8: Building] WARN  o.e.m.c.i.embedder.EclipseLogger - Using platform encoding (Cp1252 actually) to copy filtered resources, i.e. build is platform dependent!
2023-02-15 15:15:55,731 [Worker-8: Building] INFO  o.e.m.c.i.embedder.EclipseLogger - Copying 0 resource
2023-02-15 15:15:55,759 [Worker-8: Updating Maven Project] INFO  o.e.m.c.i.p.ProjectConfigurationManager - Update started
2023-02-15 15:15:55,861 [Worker-8: Updating Maven Project] INFO  o.e.m.c.i.l.LifecycleMappingFactory - Using org.eclipse.m2e.jdt.JarLifecycleMapping lifecycle mapping for MavenProject: hibernate_jpa:hibernate_jpa:0.0.1-SNAPSHOT @ D:\programming\JdbcJava\hibernate_fetch_MTM\pom.xml.
2023-02-15 15:15:56,056 [Worker-8: Updating Maven Project] INFO  o.e.m.j.i.AbstractJavaProjectConfigurator - Adding source folder /hibernate_fetch_MTM/src/main/java
2023-02-15 15:15:56,056 [Worker-8: Updating Maven Project] INFO  o.e.m.j.i.AbstractJavaProjectConfigurator - Adding resource folder /hibernate_fetch_MTM/src/main/resources
2023-02-15 15:15:56,056 [Worker-8: Updating Maven Project] INFO  o.e.m.j.i.AbstractJavaProjectConfigurator - Adding source folder /hibernate_fetch_MTM/src/test/java
2023-02-15 15:15:56,057 [Worker-8: Updating Maven Project] INFO  o.e.m.j.i.AbstractJavaProjectConfigurator - Adding resource folder /hibernate_fetch_MTM/src/test/resources
2023-02-15 15:15:56,374 [Worker-8: Updating Maven Project] INFO  o.e.m.c.i.p.ProjectConfigurationManager - Update completed for 1 poms: local refresh takes 0.00 sec, refresh facades takes 0.00 sec, update config takes 0.00 sec 
2023-02-15 15:15:57,511 [Worker-16: Building] WARN  o.e.m.c.i.embedder.EclipseLogger - Using platform encoding (Cp1252 actually) to copy filtered resources, i.e. build is platform dependent!
2023-02-15 15:15:57,513 [Worker-16: Building] INFO  o.e.m.c.i.embedder.EclipseLogger - Copying 1 resource
2023-02-15 15:15:57,529 [Worker-16: Building] WARN  o.e.m.c.i.embedder.EclipseLogger - Using platform encoding (Cp1252 actually) to copy filtered resources, i.e. build is platform dependent!
2023-02-15 15:15:57,530 [Worker-16: Building] INFO  o.e.m.c.i.embedder.EclipseLogger - Copying 0 resource
2023-02-15 15:15:57,776 [Worker-18: Updating Maven Dependencies] INFO  o.e.m.c.i.l.LifecycleMappingFactory - Using org.eclipse.m2e.jdt.JarLifecycleMapping lifecycle mapping for MavenProject: hibernate_jpa:hibernate_jpa:0.0.1-SNAPSHOT @ D:\programming\JdbcJava\hibernate_jpa\pom.xml.
2023-02-15 15:15:57,905 [Worker-18: Updating Maven Dependencies] INFO  o.e.m.c.i.l.LifecycleMappingFactory - Using org.eclipse.m2e.jdt.JarLifecycleMapping lifecycle mapping for MavenProject: ApiTesting_p1:ApiTesting_p1:0.0.1-SNAPSHOT @ D:\programming\JdbcJava\ApiTesting_p1\pom.xml.
2023-02-15 15:15:58,099 [Worker-18: Updating Maven Dependencies] INFO  o.e.m.c.i.l.LifecycleMappingFactory - Using org.eclipse.m2e.jdt.JarLifecycleMapping lifecycle mapping for MavenProject: hibernate_jpa:hibernate_jpa:0.0.1-SNAPSHOT @ D:\programming\JdbcJava\hibernate_update\pom.xml.
2023-02-15 15:15:58,275 [Worker-18: Updating Maven Dependencies] INFO  o.e.m.c.i.l.LifecycleMappingFactory - Using org.eclipse.m2e.jdt.JarLifecycleMapping lifecycle mapping for MavenProject: com.example:spring-demo1:0.0.1-SNAPSHOT @ C:\Users\pavan\Downloads\spring-demo1\spring-demo1\pom.xml.
2023-02-15 15:15:58,510 [Worker-13: Building] INFO  o.e.m.c.i.l.LifecycleMappingFactory - Using org.eclipse.m2e.jdt.JarLifecycleMapping lifecycle mapping for MavenProject: hibernate_jpa:hibernate_jpa:0.0.1-SNAPSHOT @ D:\programming\JdbcJava\hibernate_jpa\pom.xml.
2023-02-15 15:15:58,781 [Worker-13: Building] WARN  o.e.m.c.i.embedder.EclipseLogger - Using platform encoding (Cp1252 actually) to copy filtered resources, i.e. build is platform dependent!
2023-02-15 15:15:58,782 [Worker-13: Building] INFO  o.e.m.c.i.embedder.EclipseLogger - Copying 1 resource
2023-02-15 15:15:58,984 [Worker-13: Building] WARN  o.e.m.c.i.embedder.EclipseLogger - Using platform encoding (Cp1252 actually) to copy filtered resources, i.e. build is platform dependent!
2023-02-15 15:15:58,985 [Worker-13: Building] INFO  o.e.m.c.i.embedder.EclipseLogger - Copying 0 resource
2023-02-15 15:15:59,241 [Worker-4: Building] WARN  o.e.m.c.i.embedder.EclipseLogger - Using platform encoding (Cp1252 actually) to copy filtered resources, i.e. build is platform dependent!
2023-02-15 15:15:59,245 [Worker-4: Building] INFO  o.e.m.c.i.embedder.EclipseLogger - Copying 0 resource
2023-02-15 15:15:59,249 [Worker-4: Building] WARN  o.e.m.c.i.embedder.EclipseLogger - Using platform encoding (Cp1252 actually) to copy filtered resources, i.e. build is platform dependent!
2023-02-15 15:15:59,250 [Worker-4: Building] INFO  o.e.m.c.i.embedder.EclipseLogger - Copying 0 resource
2023-02-15 15:15:59,460 [Worker-4: Building] INFO  o.e.m.c.i.l.LifecycleMappingFactory - Using org.eclipse.m2e.jdt.JarLifecycleMapping lifecycle mapping for MavenProject: hibernate_jpa:hibernate_jpa:0.0.1-SNAPSHOT @ D:\programming\JdbcJava\hibernate_relative\pom.xml.
2023-02-15 15:15:59,691 [Worker-4: Building] WARN  o.e.m.c.i.embedder.EclipseLogger - Using platform encoding (Cp1252 actually) to copy filtered resources, i.e. build is platform dependent!
2023-02-15 15:15:59,692 [Worker-4: Building] INFO  o.e.m.c.i.embedder.EclipseLogger - Copying 1 resource
2023-02-15 15:15:59,700 [Worker-4: Building] WARN  o.e.m.c.i.embedder.EclipseLogger - Using platform encoding (Cp1252 actually) to copy filtered resources, i.e. build is platform dependent!
2023-02-15 15:15:59,702 [Worker-4: Building] INFO  o.e.m.c.i.embedder.EclipseLogger - Copying 0 resource
2023-02-15 15:15:59,729 [Worker-13: Updating Maven Project] INFO  o.e.m.c.i.p.ProjectConfigurationManager - Update started
2023-02-15 15:15:59,815 [Worker-13: Updating Maven Project] INFO  o.e.m.c.i.l.LifecycleMappingFactory - Using org.eclipse.m2e.jdt.JarLifecycleMapping lifecycle mapping for MavenProject: hibernate_jpa:hibernate_jpa:0.0.1-SNAPSHOT @ D:\programming\JdbcJava\hibernate_relative\pom.xml.
2023-02-15 15:16:00,004 [Worker-13: Updating Maven Project] INFO  o.e.m.j.i.AbstractJavaProjectConfigurator - Adding source folder /hibernate_relative/src/main/java
2023-02-15 15:16:00,004 [Worker-13: Updating Maven Project] INFO  o.e.m.j.i.AbstractJavaProjectConfigurator - Adding resource folder /hibernate_relative/src/main/resources
2023-02-15 15:16:00,005 [Worker-13: Updating Maven Project] INFO  o.e.m.j.i.AbstractJavaProjectConfigurator - Adding source folder /hibernate_relative/src/test/java
2023-02-15 15:16:00,005 [Worker-13: Updating Maven Project] INFO  o.e.m.j.i.AbstractJavaProjectConfigurator - Adding resource folder /hibernate_relative/src/test/resources
2023-02-15 15:16:00,418 [Worker-13: Updating Maven Project] INFO  o.e.m.c.i.p.ProjectConfigurationManager - Update completed for 1 poms: local refresh takes 0.00 sec, refresh facades takes 0.00 sec, update config takes 0.00 sec 
2023-02-15 15:16:01,077 [Worker-0: Building] WARN  o.e.m.c.i.embedder.EclipseLogger - Using platform encoding (Cp1252 actually) to copy filtered resources, i.e. build is platform dependent!
2023-02-15 15:16:01,079 [Worker-0: Building] INFO  o.e.m.c.i.embedder.EclipseLogger - Copying 1 resource
2023-02-15 15:16:01,096 [Worker-0: Building] WARN  o.e.m.c.i.embedder.EclipseLogger - Using platform encoding (Cp1252 actually) to copy filtered resources, i.e. build is platform dependent!
2023-02-15 15:16:01,097 [Worker-0: Building] INFO  o.e.m.c.i.embedder.EclipseLogger - Copying 0 resource
2023-02-15 15:16:01,597 [Worker-17: Updating Maven Dependencies] INFO  o.e.m.c.i.l.LifecycleMappingFactory - Using org.eclipse.m2e.jdt.JarLifecycleMapping lifecycle mapping for MavenProject: hibernate_jpa:hibernate_jpa:0.0.1-SNAPSHOT @ D:\programming\JdbcJava\hibernate_jpa\pom.xml.
2023-02-15 15:16:01,770 [Worker-17: Updating Maven Dependencies] INFO  o.e.m.c.i.l.LifecycleMappingFactory - Using org.eclipse.m2e.jdt.JarLifecycleMapping lifecycle mapping for MavenProject: ApiTesting_p1:ApiTesting_p1:0.0.1-SNAPSHOT @ D:\programming\JdbcJava\ApiTesting_p1\pom.xml.
2023-02-15 15:16:02,023 [Worker-17: Updating Maven Dependencies] INFO  o.e.m.c.i.l.LifecycleMappingFactory - Using org.eclipse.m2e.jdt.JarLifecycleMapping lifecycle mapping for MavenProject: hibernate_jpa:hibernate_jpa:0.0.1-SNAPSHOT @ D:\programming\JdbcJava\hibernate_update\pom.xml.
2023-02-15 15:16:02,130 [Worker-17: Updating Maven Dependencies] INFO  o.e.m.c.i.l.LifecycleMappingFactory - Using org.eclipse.m2e.jdt.JarLifecycleMapping lifecycle mapping for MavenProject: com.example:spring-demo1:0.0.1-SNAPSHOT @ C:\Users\pavan\Downloads\spring-demo1\spring-demo1\pom.xml.
2023-02-15 15:16:02,259 [Worker-16: Building] INFO  o.e.m.c.i.l.LifecycleMappingFactory - Using org.eclipse.m2e.jdt.JarLifecycleMapping lifecycle mapping for MavenProject: hibernate_jpa:hibernate_jpa:0.0.1-SNAPSHOT @ D:\programming\JdbcJava\hibernate_update\pom.xml.
2023-02-15 15:16:02,511 [Worker-16: Building] WARN  o.e.m.c.i.embedder.EclipseLogger - Using platform encoding (Cp1252 actually) to copy filtered resources, i.e. build is platform dependent!
2023-02-15 15:16:02,513 [Worker-16: Building] INFO  o.e.m.c.i.embedder.EclipseLogger - Copying 1 resource
2023-02-15 15:16:02,529 [Worker-16: Building] WARN  o.e.m.c.i.embedder.EclipseLogger - Using platform encoding (Cp1252 actually) to copy filtered resources, i.e. build is platform dependent!
2023-02-15 15:16:02,530 [Worker-16: Building] INFO  o.e.m.c.i.embedder.EclipseLogger - Copying 0 resource
2023-02-15 15:16:02,839 [Worker-16: Building] INFO  o.e.m.c.i.l.LifecycleMappingFactory - Using org.eclipse.m2e.jdt.JarLifecycleMapping lifecycle mapping for MavenProject: person_hibernate:person_hibernate:0.0.1-SNAPSHOT @ D:\programming\JdbcJava\person_hibernate\pom.xml.
2023-02-15 15:16:02,912 [Worker-16: Building] WARN  o.e.m.c.i.embedder.EclipseLogger - Using platform encoding (Cp1252 actually) to copy filtered resources, i.e. build is platform dependent!
2023-02-15 15:16:02,913 [Worker-16: Building] INFO  o.e.m.c.i.embedder.EclipseLogger - Copying 0 resource
2023-02-15 15:16:02,917 [Worker-16: Building] WARN  o.e.m.c.i.embedder.EclipseLogger - Using platform encoding (Cp1252 actually) to copy filtered resources, i.e. build is platform dependent!
2023-02-15 15:16:02,918 [Worker-16: Building] INFO  o.e.m.c.i.embedder.EclipseLogger - Copying 0 resource
2023-02-15 15:16:03,091 [Worker-16: Building] INFO  o.e.m.c.i.l.LifecycleMappingFactory - Using org.eclipse.m2e.jdt.JarLifecycleMapping lifecycle mapping for MavenProject: hibernate_jpa:hibernate_jpa:0.0.1-SNAPSHOT @ D:\programming\JdbcJava\second_levelCache\pom.xml.
2023-02-15 15:16:03,433 [Worker-16: Building] WARN  o.e.m.c.i.embedder.EclipseLogger - Using platform encoding (Cp1252 actually) to copy filtered resources, i.e. build is platform dependent!
2023-02-15 15:16:03,434 [Worker-16: Building] INFO  o.e.m.c.i.embedder.EclipseLogger - Copying 1 resource
2023-02-15 15:16:03,453 [Worker-16: Building] WARN  o.e.m.c.i.embedder.EclipseLogger - Using platform encoding (Cp1252 actually) to copy filtered resources, i.e. build is platform dependent!
2023-02-15 15:16:03,454 [Worker-16: Building] INFO  o.e.m.c.i.embedder.EclipseLogger - Copying 0 resource
2023-02-15 15:16:03,479 [Worker-13: Updating Maven Project] INFO  o.e.m.c.i.p.ProjectConfigurationManager - Update started
2023-02-15 15:16:03,551 [Worker-13: Updating Maven Project] INFO  o.e.m.c.i.l.LifecycleMappingFactory - Using org.eclipse.m2e.jdt.JarLifecycleMapping lifecycle mapping for MavenProject: person_hibernate:person_hibernate:0.0.1-SNAPSHOT @ D:\programming\JdbcJava\person_hibernate\pom.xml.
2023-02-15 15:16:03,600 [Worker-13: Updating Maven Project] INFO  o.e.m.j.i.AbstractJavaProjectConfigurator - Adding source folder /person_hibernate/src/main/java
2023-02-15 15:16:03,600 [Worker-13: Updating Maven Project] INFO  o.e.m.j.i.AbstractJavaProjectConfigurator - Adding resource folder /person_hibernate/src/main/resources
2023-02-15 15:16:03,601 [Worker-13: Updating Maven Project] INFO  o.e.m.j.i.AbstractJavaProjectConfigurator - Adding source folder /person_hibernate/src/test/java
2023-02-15 15:16:03,601 [Worker-13: Updating Maven Project] INFO  o.e.m.j.i.AbstractJavaProjectConfigurator - Adding resource folder /person_hibernate/src/test/resources
2023-02-15 15:16:03,815 [Worker-13: Updating Maven Project] INFO  o.e.m.c.i.p.ProjectConfigurationManager - Update completed for 1 poms: local refresh takes 0.00 sec, refresh facades takes 0.00 sec, update config takes 0.00 sec 
2023-02-15 15:16:03,835 [Worker-19: Updating Maven Project] INFO  o.e.m.c.i.p.ProjectConfigurationManager - Update started
2023-02-15 15:16:03,962 [Worker-19: Updating Maven Project] INFO  o.e.m.c.i.l.LifecycleMappingFactory - Using org.eclipse.m2e.jdt.JarLifecycleMapping lifecycle mapping for MavenProject: hibernate_jpa:hibernate_jpa:0.0.1-SNAPSHOT @ D:\programming\JdbcJava\second_levelCache\pom.xml.
2023-02-15 15:16:04,143 [Worker-19: Updating Maven Project] INFO  o.e.m.j.i.AbstractJavaProjectConfigurator - Adding source folder /second_levelCache/src/main/java
2023-02-15 15:16:04,143 [Worker-19: Updating Maven Project] INFO  o.e.m.j.i.AbstractJavaProjectConfigurator - Adding resource folder /second_levelCache/src/main/resources
2023-02-15 15:16:04,144 [Worker-19: Updating Maven Project] INFO  o.e.m.j.i.AbstractJavaProjectConfigurator - Adding source folder /second_levelCache/src/test/java
2023-02-15 15:16:04,144 [Worker-19: Updating Maven Project] INFO  o.e.m.j.i.AbstractJavaProjectConfigurator - Adding resource folder /second_levelCache/src/test/resources
2023-02-15 15:16:04,441 [Worker-19: Updating Maven Project] INFO  o.e.m.c.i.p.ProjectConfigurationManager - Update completed for 1 poms: local refresh takes 0.00 sec, refresh facades takes 0.00 sec, update config takes 0.00 sec 
2023-02-15 15:16:04,860 [Worker-21: Building] WARN  o.e.m.c.i.embedder.EclipseLogger - Using platform encoding (Cp1252 actually) to copy filtered resources, i.e. build is platform dependent!
2023-02-15 15:16:04,864 [Worker-21: Building] INFO  o.e.m.c.i.embedder.EclipseLogger - Copying 0 resource
2023-02-15 15:16:04,869 [Worker-21: Building] WARN  o.e.m.c.i.embedder.EclipseLogger - Using platform encoding (Cp1252 actually) to copy filtered resources, i.e. build is platform dependent!
2023-02-15 15:16:04,871 [Worker-21: Building] INFO  o.e.m.c.i.embedder.EclipseLogger - Copying 0 resource
2023-02-15 15:16:04,890 [Worker-21: Building] WARN  o.e.m.c.i.embedder.EclipseLogger - Using platform encoding (Cp1252 actually) to copy filtered resources, i.e. build is platform dependent!
2023-02-15 15:16:04,892 [Worker-21: Building] INFO  o.e.m.c.i.embedder.EclipseLogger - Copying 0 resource
2023-02-15 15:16:04,894 [Worker-21: Building] WARN  o.e.m.c.i.embedder.EclipseLogger - Using platform encoding (Cp1252 actually) to copy filtered resources, i.e. build is platform dependent!
2023-02-15 15:16:04,895 [Worker-21: Building] INFO  o.e.m.c.i.embedder.EclipseLogger - Copying 0 resource
2023-02-15 15:16:05,171 [Worker-13: Updating Maven Dependencies] INFO  o.e.m.c.i.l.LifecycleMappingFactory - Using org.eclipse.m2e.jdt.JarLifecycleMapping lifecycle mapping for MavenProject: hibernate_jpa:hibernate_jpa:0.0.1-SNAPSHOT @ D:\programming\JdbcJava\hibernate_jpa\pom.xml.
2023-02-15 15:16:05,284 [Worker-13: Updating Maven Dependencies] INFO  o.e.m.c.i.l.LifecycleMappingFactory - Using org.eclipse.m2e.jdt.JarLifecycleMapping lifecycle mapping for MavenProject: ApiTesting_p1:ApiTesting_p1:0.0.1-SNAPSHOT @ D:\programming\JdbcJava\ApiTesting_p1\pom.xml.
2023-02-15 15:16:05,382 [Worker-14: Building] WARN  o.e.m.c.i.embedder.EclipseLogger - Using platform encoding (Cp1252 actually) to copy filtered resources, i.e. build is platform dependent!
2023-02-15 15:16:05,383 [Worker-14: Building] INFO  o.e.m.c.i.embedder.EclipseLogger - Copying 1 resource
2023-02-15 15:16:05,400 [Worker-14: Building] WARN  o.e.m.c.i.embedder.EclipseLogger - Using platform encoding (Cp1252 actually) to copy filtered resources, i.e. build is platform dependent!
2023-02-15 15:16:05,401 [Worker-13: Updating Maven Dependencies] INFO  o.e.m.c.i.l.LifecycleMappingFactory - Using org.eclipse.m2e.jdt.JarLifecycleMapping lifecycle mapping for MavenProject: hibernate_jpa:hibernate_jpa:0.0.1-SNAPSHOT @ D:\programming\JdbcJava\hibernate_update\pom.xml.
2023-02-15 15:16:05,406 [Worker-14: Building] INFO  o.e.m.c.i.embedder.EclipseLogger - Copying 0 resource
2023-02-15 15:16:05,463 [Worker-13: Updating Maven Dependencies] INFO  o.e.m.c.i.l.LifecycleMappingFactory - Using org.eclipse.m2e.jdt.JarLifecycleMapping lifecycle mapping for MavenProject: com.example:spring-demo1:0.0.1-SNAPSHOT @ C:\Users\pavan\Downloads\spring-demo1\spring-demo1\pom.xml.
2023-02-15 15:16:05,754 [Worker-13: Updating Maven Dependencies] INFO  o.e.m.c.i.l.LifecycleMappingFactory - Using org.eclipse.m2e.jdt.JarLifecycleMapping lifecycle mapping for MavenProject: hibernate_jpa:hibernate_jpa:0.0.1-SNAPSHOT @ D:\programming\JdbcJava\hibernate_fetch_MTM\pom.xml.
2023-02-15 15:16:05,804 [Worker-13: Updating Maven Dependencies] INFO  o.e.m.c.i.l.LifecycleMappingFactory - Using org.eclipse.m2e.jdt.JarLifecycleMapping lifecycle mapping for MavenProject: spring-first:spring-first:0.0.1-SNAPSHOT @ D:\programming\JdbcJava\spring-annotations\pom.xml.
2023-02-15 15:16:05,845 [Worker-9: Building] INFO  o.e.m.c.i.l.LifecycleMappingFactory - Using org.eclipse.m2e.jdt.JarLifecycleMapping lifecycle mapping for MavenProject: spring-first:spring-first:0.0.1-SNAPSHOT @ D:\programming\JdbcJava\spring-annotations\pom.xml.
2023-02-15 15:16:05,988 [Worker-9: Building] WARN  o.e.m.c.i.embedder.EclipseLogger - Using platform encoding (Cp1252 actually) to copy filtered resources, i.e. build is platform dependent!
2023-02-15 15:16:05,989 [Worker-9: Building] INFO  o.e.m.c.i.embedder.EclipseLogger - Copying 0 resource
2023-02-15 15:16:05,991 [Worker-9: Building] WARN  o.e.m.c.i.embedder.EclipseLogger - Using platform encoding (Cp1252 actually) to copy filtered resources, i.e. build is platform dependent!
2023-02-15 15:16:05,993 [Worker-9: Building] INFO  o.e.m.c.i.embedder.EclipseLogger - Copying 0 resource
2023-02-15 15:16:06,704 [Worker-9: Building] INFO  o.e.m.c.i.l.LifecycleMappingFactory - Using org.eclipse.m2e.jdt.JarLifecycleMapping lifecycle mapping for MavenProject: com.example:spring-demo1:0.0.1-SNAPSHOT @ C:\Users\pavan\Downloads\spring-demo1\spring-demo1\pom.xml.
2023-02-15 15:16:08,385 [Worker-9: Building] INFO  o.a.m.s.f.DefaultMavenResourcesFiltering - Copying 1 resource
2023-02-15 15:16:08,411 [Worker-9: Building] INFO  o.a.m.s.f.DefaultMavenResourcesFiltering - Copying 0 resource
2023-02-15 15:16:08,414 [Worker-9: Building] INFO  o.a.m.s.f.DefaultMavenResourcesFiltering - skip non existing resourceDirectory C:\Users\pavan\Downloads\spring-demo1\spring-demo1\src\test\resources
2023-02-15 15:16:08,438 [Worker-22: Updating Maven Project] INFO  o.e.m.c.i.p.ProjectConfigurationManager - Update started
2023-02-15 15:16:08,491 [Worker-22: Updating Maven Project] INFO  o.e.m.c.i.l.LifecycleMappingFactory - Using org.eclipse.m2e.jdt.JarLifecycleMapping lifecycle mapping for MavenProject: spring-first:spring-first:0.0.1-SNAPSHOT @ D:\programming\JdbcJava\spring-annotations\pom.xml.
2023-02-15 15:16:08,545 [Worker-22: Updating Maven Project] INFO  o.e.m.j.i.AbstractJavaProjectConfigurator - Adding source folder /spring-annotations/src/main/java
2023-02-15 15:16:08,546 [Worker-22: Updating Maven Project] INFO  o.e.m.j.i.AbstractJavaProjectConfigurator - Adding resource folder /spring-annotations/src/main/resources
2023-02-15 15:16:08,546 [Worker-22: Updating Maven Project] INFO  o.e.m.j.i.AbstractJavaProjectConfigurator - Adding source folder /spring-annotations/src/test/java
2023-02-15 15:16:08,546 [Worker-22: Updating Maven Project] INFO  o.e.m.j.i.AbstractJavaProjectConfigurator - Adding resource folder /spring-annotations/src/test/resources
2023-02-15 15:16:08,716 [Worker-22: Updating Maven Project] INFO  o.e.m.c.i.p.ProjectConfigurationManager - Update completed for 1 poms: local refresh takes 0.00 sec, refresh facades takes 0.00 sec, update config takes 0.00 sec 
2023-02-15 15:16:08,734 [Worker-7: Updating Maven Project] INFO  o.e.m.c.i.p.ProjectConfigurationManager - Update started
2023-02-15 15:16:09,089 [Worker-7: Updating Maven Project] INFO  o.e.m.c.i.l.LifecycleMappingFactory - Using org.eclipse.m2e.jdt.JarLifecycleMapping lifecycle mapping for MavenProject: com.example:spring-demo1:0.0.1-SNAPSHOT @ C:\Users\pavan\Downloads\spring-demo1\spring-demo1\pom.xml.
2023-02-15 15:16:09,752 [Worker-7: Updating Maven Project] INFO  o.e.m.j.i.AbstractJavaProjectConfigurator - Adding source folder /spring-demo1/src/main/java
2023-02-15 15:16:09,752 [Worker-7: Updating Maven Project] INFO  o.e.m.j.i.AbstractJavaProjectConfigurator - Adding resource folder /spring-demo1/src/main/resources
2023-02-15 15:16:09,753 [Worker-7: Updating Maven Project] INFO  o.e.m.j.i.AbstractJavaProjectConfigurator - Adding resource folder /spring-demo1/src/main/resources
2023-02-15 15:16:09,753 [Worker-7: Updating Maven Project] INFO  o.e.m.j.i.AbstractJavaProjectConfigurator - Adding source folder /spring-demo1/src/test/java
2023-02-15 15:16:10,976 [Worker-22: Updating Maven Dependencies] INFO  o.e.m.c.i.l.LifecycleMappingFactory - Using org.eclipse.m2e.jdt.JarLifecycleMapping lifecycle mapping for MavenProject: hibernate_jpa:hibernate_jpa:0.0.1-SNAPSHOT @ D:\programming\JdbcJava\hibernate_jpa\pom.xml.
2023-02-15 15:16:11,085 [Worker-22: Updating Maven Dependencies] INFO  o.e.m.c.i.l.LifecycleMappingFactory - Using org.eclipse.m2e.jdt.JarLifecycleMapping lifecycle mapping for MavenProject: ApiTesting_p1:ApiTesting_p1:0.0.1-SNAPSHOT @ D:\programming\JdbcJava\ApiTesting_p1\pom.xml.
2023-02-15 15:16:11,251 [Worker-22: Updating Maven Dependencies] INFO  o.e.m.c.i.l.LifecycleMappingFactory - Using org.eclipse.m2e.jdt.JarLifecycleMapping lifecycle mapping for MavenProject: hibernate_jpa:hibernate_jpa:0.0.1-SNAPSHOT @ D:\programming\JdbcJava\hibernate_update\pom.xml.
2023-02-15 15:16:11,301 [Worker-22: Updating Maven Dependencies] INFO  o.e.m.c.i.l.LifecycleMappingFactory - Using org.eclipse.m2e.jdt.JarLifecycleMapping lifecycle mapping for MavenProject: com.example:spring-demo1:0.0.1-SNAPSHOT @ C:\Users\pavan\Downloads\spring-demo1\spring-demo1\pom.xml.
2023-02-15 15:16:11,499 [Worker-22: Updating Maven Dependencies] INFO  o.e.m.c.i.l.LifecycleMappingFactory - Using org.eclipse.m2e.jdt.JarLifecycleMapping lifecycle mapping for MavenProject: hibernate_jpa:hibernate_jpa:0.0.1-SNAPSHOT @ D:\programming\JdbcJava\hibernate_fetch_MTM\pom.xml.
2023-02-15 15:16:11,548 [Worker-22: Updating Maven Dependencies] INFO  o.e.m.c.i.l.LifecycleMappingFactory - Using org.eclipse.m2e.jdt.JarLifecycleMapping lifecycle mapping for MavenProject: spring-first:spring-first:0.0.1-SNAPSHOT @ D:\programming\JdbcJava\spring-annotations\pom.xml.
2023-02-15 15:16:11,604 [Worker-22: Updating Maven Dependencies] INFO  o.e.m.c.i.l.LifecycleMappingFactory - Using org.eclipse.m2e.jdt.JarLifecycleMapping lifecycle mapping for MavenProject: hibernate_jpa:hibernate_jpa:0.0.1-SNAPSHOT @ D:\programming\JdbcJava\hibernate_cascade_MTO\pom.xml.
2023-02-15 15:16:11,654 [Worker-22: Updating Maven Dependencies] INFO  o.e.m.c.i.l.LifecycleMappingFactory - Using org.eclipse.m2e.jdt.JarLifecycleMapping lifecycle mapping for MavenProject: hibernate_jpa:hibernate_jpa:0.0.1-SNAPSHOT @ D:\programming\JdbcJava\hibernate_MTM\pom.xml.
2023-02-15 15:16:11,702 [Worker-22: Updating Maven Dependencies] INFO  o.e.m.c.i.l.LifecycleMappingFactory - Using org.eclipse.m2e.jdt.JarLifecycleMapping lifecycle mapping for MavenProject: hibernate_jpa:hibernate_jpa:0.0.1-SNAPSHOT @ D:\programming\JdbcJava\second_levelCache\pom.xml.
2023-02-15 15:16:11,751 [Worker-22: Updating Maven Dependencies] INFO  o.e.m.c.i.l.LifecycleMappingFactory - Using org.eclipse.m2e.jdt.JarLifecycleMapping lifecycle mapping for MavenProject: spring-first:spring-first:0.0.1-SNAPSHOT @ D:\programming\JdbcJava\spring-first\pom.xml.
2023-02-15 15:16:11,796 [Worker-22: Updating Maven Dependencies] INFO  o.e.m.c.i.l.LifecycleMappingFactory - Using org.eclipse.m2e.jdt.JarLifecycleMapping lifecycle mapping for MavenProject: hibernate_jpa:hibernate_jpa:0.0.1-SNAPSHOT @ D:\programming\JdbcJava\hibernate_relative\pom.xml.
2023-02-15 15:16:11,840 [Worker-22: Updating Maven Dependencies] INFO  o.e.m.c.i.l.LifecycleMappingFactory - Using org.eclipse.m2e.jdt.JarLifecycleMapping lifecycle mapping for MavenProject: hibernate_jpa:hibernate_jpa:0.0.1-SNAPSHOT @ D:\programming\JdbcJava\hibernate_OTM\pom.xml.
2023-02-15 15:16:11,886 [Worker-22: Updating Maven Dependencies] INFO  o.e.m.c.i.l.LifecycleMappingFactory - Using org.eclipse.m2e.jdt.JarLifecycleMapping lifecycle mapping for MavenProject: hibernate_jpa:hibernate_jpa:0.0.1-SNAPSHOT @ D:\programming\JdbcJava\hibernate-composite\pom.xml.
2023-02-15 15:16:11,944 [Worker-22: Updating Maven Dependencies] INFO  o.e.m.c.i.l.LifecycleMappingFactory - Using org.eclipse.m2e.jdt.JarLifecycleMapping lifecycle mapping for MavenProject: com.example:spring-learn:0.0.1-SNAPSHOT @ D:\programming\JdbcJava\spring-learn\pom.xml.
2023-02-15 15:16:12,005 [Worker-22: Updating Maven Dependencies] INFO  o.e.m.c.i.l.LifecycleMappingFactory - Using org.eclipse.m2e.jdt.JarLifecycleMapping lifecycle mapping for MavenProject: person_hibernate:person_hibernate:0.0.1-SNAPSHOT @ D:\programming\JdbcJava\person_hibernate\pom.xml.
2023-02-15 15:16:12,042 [Worker-22: Updating Maven Dependencies] INFO  o.e.m.c.i.l.LifecycleMappingFactory - Using org.eclipse.m2e.jdt.JarLifecycleMapping lifecycle mapping for MavenProject: org.hib:hibernate:0.0.1-SNAPSHOT @ D:\programming\JdbcJava\hibernate\pom.xml.
2023-02-15 15:16:12,086 [Worker-22: Updating Maven Dependencies] INFO  o.e.m.c.i.l.LifecycleMappingFactory - Using org.eclipse.m2e.jdt.JarLifecycleMapping lifecycle mapping for MavenProject: hibernate_jpa:hibernate_jpa:0.0.1-SNAPSHOT @ D:\programming\JdbcJava\hibernate_Bi_OTO\pom.xml.
2023-02-15 15:47:31,196 [main] ERROR o.e.m2e.editor.pom.MavenPomEditor - InterruptedException
org.eclipse.core.runtime.CoreException: InterruptedException
	at org.eclipse.ui.editors.text.TextFileDocumentProvider.executeOperation(TextFileDocumentProvider.java:472)
	at org.eclipse.ui.editors.text.TextFileDocumentProvider.synchronize(TextFileDocumentProvider.java:1121)
	at org.eclipse.m2e.editor.pom.MavenPomEditor.initializeSourceDocument(MavenPomEditor.java:399)
	at org.eclipse.m2e.editor.pom.MavenPomEditor.addFallbackEditors(MavenPomEditor.java:363)
	at org.eclipse.m2e.editor.pom.MavenPomEditor.addPages(MavenPomEditor.java:336)
	at org.eclipse.ui.forms.editor.FormEditor.createPages(FormEditor.java:143)
	at org.eclipse.ui.part.MultiPageEditorPart.createPartControl(MultiPageEditorPart.java:333)
	at org.eclipse.ui.internal.e4.compatibility.CompatibilityPart.createPartControl(CompatibilityPart.java:158)
	at org.eclipse.ui.internal.e4.compatibility.CompatibilityEditor.createPartControl(CompatibilityEditor.java:96)
	at org.eclipse.ui.internal.e4.compatibility.CompatibilityPart.create(CompatibilityPart.java:365)
	at java.base/jdk.internal.reflect.NativeMethodAccessorImpl.invoke0(Native Method)
	at java.base/jdk.internal.reflect.NativeMethodAccessorImpl.invoke(NativeMethodAccessorImpl.java:77)
	at java.base/jdk.internal.reflect.DelegatingMethodAccessorImpl.invoke(DelegatingMethodAccessorImpl.java:43)
	at java.base/java.lang.reflect.Method.invoke(Method.java:568)
	at org.eclipse.e4.core.internal.di.MethodRequestor.execute(MethodRequestor.java:58)
	at org.eclipse.e4.core.internal.di.InjectorImpl.processAnnotated(InjectorImpl.java:995)
	at org.eclipse.e4.core.internal.di.InjectorImpl.processAnnotated(InjectorImpl.java:960)
	at org.eclipse.e4.core.internal.di.InjectorImpl.internalInject(InjectorImpl.java:140)
	at org.eclipse.e4.core.internal.di.InjectorImpl.internalMake(InjectorImpl.java:403)
	at org.eclipse.e4.core.internal.di.InjectorImpl.make(InjectorImpl.java:330)
	at org.eclipse.e4.core.contexts.ContextInjectionFactory.make(ContextInjectionFactory.java:202)
	at org.eclipse.e4.ui.internal.workbench.ReflectionContributionFactory.createFromBundle(ReflectionContributionFactory.java:91)
	at org.eclipse.e4.ui.internal.workbench.ReflectionContributionFactory.doCreate(ReflectionContributionFactory.java:60)
	at org.eclipse.e4.ui.internal.workbench.ReflectionContributionFactory.create(ReflectionContributionFactory.java:42)
	at org.eclipse.e4.ui.workbench.renderers.swt.ContributedPartRenderer.createWidget(ContributedPartRenderer.java:132)
	at org.eclipse.e4.ui.internal.workbench.swt.PartRenderingEngine.createWidget(PartRenderingEngine.java:995)
	at org.eclipse.e4.ui.internal.workbench.swt.PartRenderingEngine.safeCreateGui(PartRenderingEngine.java:659)
	at org.eclipse.e4.ui.internal.workbench.swt.PartRenderingEngine.safeCreateGui(PartRenderingEngine.java:763)
	at org.eclipse.e4.ui.internal.workbench.swt.PartRenderingEngine$2.run(PartRenderingEngine.java:728)
	at org.eclipse.core.runtime.SafeRunner.run(SafeRunner.java:45)
	at org.eclipse.e4.ui.internal.workbench.swt.PartRenderingEngine.createGui(PartRenderingEngine.java:712)
	at org.eclipse.e4.ui.internal.workbench.PartServiceImpl.lambda$0(PartServiceImpl.java:105)
	at org.eclipse.e4.ui.services.internal.events.UIEventHandler.lambda$0(UIEventHandler.java:38)
	at org.eclipse.swt.widgets.Synchronizer.syncExec(Synchronizer.java:183)
	at org.eclipse.ui.internal.UISynchronizer.syncExec(UISynchronizer.java:133)
	at org.eclipse.swt.widgets.Display.syncExec(Display.java:4785)
	at org.eclipse.e4.ui.workbench.swt.DisplayUISynchronize.syncExec(DisplayUISynchronize.java:34)
	at org.eclipse.e4.ui.services.internal.events.UIEventHandler.handleEvent(UIEventHandler.java:38)
	at org.eclipse.equinox.internal.event.EventHandlerWrapper.handleEvent(EventHandlerWrapper.java:205)
	at org.eclipse.equinox.internal.event.EventHandlerTracker.dispatchEvent(EventHandlerTracker.java:203)
	at org.eclipse.equinox.internal.event.EventHandlerTracker.dispatchEvent(EventHandlerTracker.java:1)
	at org.eclipse.osgi.framework.eventmgr.EventManager.dispatchEvent(EventManager.java:234)
	at org.eclipse.osgi.framework.eventmgr.ListenerQueue.dispatchEventSynchronous(ListenerQueue.java:151)
	at org.eclipse.equinox.internal.event.EventAdminImpl.dispatchEvent(EventAdminImpl.java:133)
	at org.eclipse.equinox.internal.event.EventAdminImpl.sendEvent(EventAdminImpl.java:75)
	at org.eclipse.equinox.internal.event.EventComponent.sendEvent(EventComponent.java:44)
	at org.eclipse.e4.ui.services.internal.events.EventBroker.send(EventBroker.java:55)
	at org.eclipse.e4.ui.internal.workbench.UIEventPublisher.notifyChanged(UIEventPublisher.java:63)
	at org.eclipse.emf.common.notify.impl.BasicNotifierImpl.eNotify(BasicNotifierImpl.java:424)
	at org.eclipse.e4.ui.model.application.ui.impl.ElementContainerImpl.setSelectedElementGen(ElementContainerImpl.java:170)
	at org.eclipse.e4.ui.model.application.ui.impl.ElementContainerImpl.setSelectedElement(ElementContainerImpl.java:188)
	at org.eclipse.e4.ui.internal.workbench.ModelServiceImpl.showElementInWindow(ModelServiceImpl.java:660)
	at org.eclipse.e4.ui.internal.workbench.ModelServiceImpl.bringToTop(ModelServiceImpl.java:624)
	at org.eclipse.e4.ui.internal.workbench.PartServiceImpl.delegateBringToTop(PartServiceImpl.java:790)
	at org.eclipse.e4.ui.internal.workbench.PartServiceImpl.bringToTop(PartServiceImpl.java:401)
	at org.eclipse.e4.ui.internal.workbench.PartServiceImpl.showPart(PartServiceImpl.java:1264)
	at org.eclipse.ui.internal.WorkbenchPage.busyOpenEditor(WorkbenchPage.java:3210)
	at org.eclipse.ui.internal.WorkbenchPage.lambda$9(WorkbenchPage.java:3100)
	at org.eclipse.swt.custom.BusyIndicator.showWhile(BusyIndicator.java:74)
	at org.eclipse.ui.internal.WorkbenchPage.openEditor(WorkbenchPage.java:3098)
	at org.eclipse.ui.internal.WorkbenchPage.openEditor(WorkbenchPage.java:3068)
	at org.eclipse.ui.internal.WorkbenchPage.openEditor(WorkbenchPage.java:3059)
	at org.eclipse.ui.ide.IDE.openEditor(IDE.java:548)
	at org.eclipse.ui.ide.IDE.openEditor(IDE.java:508)
	at org.eclipse.jdt.internal.ui.javaeditor.EditorUtility.openInEditor(EditorUtility.java:367)
	at org.eclipse.jdt.internal.ui.javaeditor.EditorUtility.openInEditor(EditorUtility.java:172)
	at org.eclipse.jdt.ui.actions.OpenAction.run(OpenAction.java:288)
	at org.eclipse.jdt.ui.actions.OpenAction.run(OpenAction.java:254)
	at org.eclipse.jdt.ui.actions.SelectionDispatchAction.dispatchRun(SelectionDispatchAction.java:274)
	at org.eclipse.jdt.ui.actions.SelectionDispatchAction.run(SelectionDispatchAction.java:252)
	at org.eclipse.jdt.internal.ui.navigator.OpenAndExpand.run(OpenAndExpand.java:53)
	at org.eclipse.ui.actions.RetargetAction.run(RetargetAction.java:215)
	at org.eclipse.ui.navigator.CommonNavigatorManager$1.open(CommonNavigatorManager.java:183)
	at org.eclipse.ui.OpenAndLinkWithEditorHelper$InternalListener.open(OpenAndLinkWithEditorHelper.java:48)
	at org.eclipse.jface.viewers.StructuredViewer$2.run(StructuredViewer.java:800)
	at org.eclipse.core.runtime.SafeRunner.run(SafeRunner.java:45)
	at org.eclipse.jface.util.SafeRunnable.run(SafeRunnable.java:174)
	at org.eclipse.jface.viewers.StructuredViewer.fireOpen(StructuredViewer.java:797)
	at org.eclipse.jface.viewers.StructuredViewer.handleOpen(StructuredViewer.java:1116)
	at org.eclipse.ui.navigator.CommonViewer.handleOpen(CommonViewer.java:454)
	at org.eclipse.jface.util.OpenStrategy.fireOpenEvent(OpenStrategy.java:296)
	at org.eclipse.jface.util.OpenStrategy$1.handleEvent(OpenStrategy.java:331)
	at org.eclipse.swt.widgets.EventTable.sendEvent(EventTable.java:89)
	at org.eclipse.swt.widgets.Display.sendEvent(Display.java:4256)
	at org.eclipse.swt.widgets.Widget.sendEvent(Widget.java:1066)
	at org.eclipse.swt.widgets.Display.runDeferredEvents(Display.java:4054)
	at org.eclipse.swt.widgets.Display.readAndDispatch(Display.java:3642)
	at org.eclipse.e4.ui.internal.workbench.swt.PartRenderingEngine$5.run(PartRenderingEngine.java:1155)
	at org.eclipse.core.databinding.observable.Realm.runWithDefault(Realm.java:338)
	at org.eclipse.e4.ui.internal.workbench.swt.PartRenderingEngine.run(PartRenderingEngine.java:1046)
	at org.eclipse.e4.ui.internal.workbench.E4Workbench.createAndRunUI(E4Workbench.java:155)
	at org.eclipse.ui.internal.Workbench.lambda$3(Workbench.java:643)
	at org.eclipse.core.databinding.observable.Realm.runWithDefault(Realm.java:338)
	at org.eclipse.ui.internal.Workbench.createAndRunWorkbench(Workbench.java:550)
	at org.eclipse.ui.PlatformUI.createAndRunWorkbench(PlatformUI.java:171)
	at org.eclipse.ui.internal.ide.application.IDEApplication.start(IDEApplication.java:152)
	at org.eclipse.equinox.internal.app.EclipseAppHandle.run(EclipseAppHandle.java:203)
	at org.eclipse.core.runtime.internal.adaptor.EclipseAppLauncher.runApplication(EclipseAppLauncher.java:136)
	at org.eclipse.core.runtime.internal.adaptor.EclipseAppLauncher.start(EclipseAppLauncher.java:104)
	at org.eclipse.core.runtime.adaptor.EclipseStarter.run(EclipseStarter.java:402)
	at org.eclipse.core.runtime.adaptor.EclipseStarter.run(EclipseStarter.java:255)
	at java.base/jdk.internal.reflect.NativeMethodAccessorImpl.invoke0(Native Method)
	at java.base/jdk.internal.reflect.NativeMethodAccessorImpl.invoke(NativeMethodAccessorImpl.java:77)
	at java.base/jdk.internal.reflect.DelegatingMethodAccessorImpl.invoke(DelegatingMethodAccessorImpl.java:43)
	at java.base/java.lang.reflect.Method.invoke(Method.java:568)
	at org.eclipse.equinox.launcher.Main.invokeFramework(Main.java:659)
	at org.eclipse.equinox.launcher.Main.basicRun(Main.java:596)
	at org.eclipse.equinox.launcher.Main.run(Main.java:1467)
Caused by: java.lang.InterruptedException: null
	at org.eclipse.ui.actions.WorkspaceModifyOperation.run(WorkspaceModifyOperation.java:136)
	at org.eclipse.ui.internal.editors.text.WorkspaceOperationRunner.run(WorkspaceOperationRunner.java:76)
	at org.eclipse.ui.internal.editors.text.WorkspaceOperationRunner.run(WorkspaceOperationRunner.java:66)
	at org.eclipse.ui.editors.text.TextFileDocumentProvider.executeOperation(TextFileDocumentProvider.java:461)
	... 107 common frames omitted
Caused by: org.eclipse.core.runtime.OperationCanceledException: null
	at org.eclipse.core.internal.jobs.ThreadJob.waitForRun(ThreadJob.java:282)
	at org.eclipse.core.internal.jobs.ThreadJob.joinRun(ThreadJob.java:208)
	at org.eclipse.core.internal.jobs.ImplicitJobs.begin(ImplicitJobs.java:95)
	at org.eclipse.core.internal.jobs.JobManager.beginRule(JobManager.java:316)
	at org.eclipse.core.internal.resources.WorkManager.checkIn(WorkManager.java:124)
	at org.eclipse.core.internal.resources.Workspace.prepareOperation(Workspace.java:2330)
	at org.eclipse.core.internal.resources.Workspace.run(Workspace.java:2375)
	at org.eclipse.core.internal.resources.Workspace.run(Workspace.java:2405)
	at org.eclipse.ui.actions.WorkspaceModifyOperation.run(WorkspaceModifyOperation.java:131)
	... 110 common frames omitted
2023-12-12 22:27:45,732 [Worker-5: Loading available Gradle versions] INFO  o.e.b.c.i.u.g.PublishedGradleVersions - Gradle version information cache is up-to-date. Trying to read.
2023-12-12 22:28:06,374 [Worker-18: Building] INFO  o.e.m.c.i.l.LifecycleMappingFactory - Using org.eclipse.m2e.jdt.JarLifecycleMapping lifecycle mapping for MavenProject: ApiTesting_p1:ApiTesting_p1:0.0.1-SNAPSHOT @ D:\programming\JdbcJava\ApiTesting_p1\pom.xml.
2023-12-12 22:28:06,374 [Worker-9: Updating Maven Dependencies] INFO  o.e.m.c.i.l.LifecycleMappingFactory - Using org.eclipse.m2e.jdt.JarLifecycleMapping lifecycle mapping for MavenProject: hibernate_jpa:hibernate_jpa:0.0.1-SNAPSHOT @ D:\programming\JdbcJava\hibernate_jpa\pom.xml.
2023-12-12 22:28:11,737 [Worker-18: Building] WARN  o.e.m.c.i.embedder.EclipseLogger - Using platform encoding (Cp1252 actually) to copy filtered resources, i.e. build is platform dependent!
2023-12-12 22:28:11,749 [Worker-18: Building] INFO  o.e.m.c.i.embedder.EclipseLogger - Copying 0 resource
2023-12-12 22:28:11,755 [Worker-18: Building] WARN  o.e.m.c.i.embedder.EclipseLogger - Using platform encoding (Cp1252 actually) to copy filtered resources, i.e. build is platform dependent!
2023-12-12 22:28:11,757 [Worker-18: Building] INFO  o.e.m.c.i.embedder.EclipseLogger - Copying 0 resource
2023-12-12 22:28:12,534 [Worker-9: Updating Maven Dependencies] INFO  o.e.m.c.i.l.LifecycleMappingFactory - Using org.eclipse.m2e.jdt.JarLifecycleMapping lifecycle mapping for MavenProject: hibernate_jpa:hibernate_jpa:0.0.1-SNAPSHOT @ D:\programming\JdbcJava\hibernate_jpa\pom.xml.
2023-12-12 22:28:12,766 [Worker-9: Updating Maven Dependencies] INFO  o.e.m.c.i.l.LifecycleMappingFactory - Using org.eclipse.m2e.jdt.JarLifecycleMapping lifecycle mapping for MavenProject: ApiTesting_p1:ApiTesting_p1:0.0.1-SNAPSHOT @ D:\programming\JdbcJava\ApiTesting_p1\pom.xml.
2023-12-12 22:28:13,353 [Worker-9: Updating Maven Dependencies] INFO  o.e.m.c.i.l.LifecycleMappingFactory - Using org.eclipse.m2e.jdt.JarLifecycleMapping lifecycle mapping for MavenProject: hibernate_jpa:hibernate_jpa:0.0.1-SNAPSHOT @ D:\programming\JdbcJava\hibernate_update\pom.xml.
2023-12-12 22:28:13,643 [Worker-9: Updating Maven Dependencies] INFO  o.e.m.c.i.l.LifecycleMappingFactory - Using org.eclipse.m2e.jdt.JarLifecycleMapping lifecycle mapping for MavenProject: com.example:spring-demo1:0.0.1-SNAPSHOT @ C:\Users\pavan\Downloads\spring-demo1\spring-demo1\pom.xml.
2023-12-12 22:28:14,022 [Worker-9: Updating Maven Dependencies] INFO  o.e.m.c.i.l.LifecycleMappingFactory - Using org.eclipse.m2e.jdt.JarLifecycleMapping lifecycle mapping for MavenProject: hibernate_jpa:hibernate_jpa:0.0.1-SNAPSHOT @ D:\programming\JdbcJava\hibernate_fetch_MTM\pom.xml.
2023-12-12 22:28:14,132 [Worker-9: Updating Maven Dependencies] INFO  o.e.m.c.i.l.LifecycleMappingFactory - Using org.eclipse.m2e.jdt.JarLifecycleMapping lifecycle mapping for MavenProject: spring-first:spring-first:0.0.1-SNAPSHOT @ D:\programming\JdbcJava\spring-annotations\pom.xml.
2023-12-12 22:28:14,336 [Worker-9: Updating Maven Dependencies] INFO  o.e.m.c.i.l.LifecycleMappingFactory - Using org.eclipse.m2e.jdt.JarLifecycleMapping lifecycle mapping for MavenProject: hibernate_jpa:hibernate_jpa:0.0.1-SNAPSHOT @ D:\programming\JdbcJava\hibernate_cascade_MTO\pom.xml.
2023-12-12 22:28:14,423 [Worker-9: Updating Maven Dependencies] INFO  o.e.m.c.i.l.LifecycleMappingFactory - Using org.eclipse.m2e.jdt.JarLifecycleMapping lifecycle mapping for MavenProject: hibernate_jpa:hibernate_jpa:0.0.1-SNAPSHOT @ D:\programming\JdbcJava\hibernate_MTM\pom.xml.
2023-12-12 22:28:14,560 [Worker-9: Updating Maven Dependencies] INFO  o.e.m.c.i.l.LifecycleMappingFactory - Using org.eclipse.m2e.jdt.JarLifecycleMapping lifecycle mapping for MavenProject: hibernate_jpa:hibernate_jpa:0.0.1-SNAPSHOT @ D:\programming\JdbcJava\second_levelCache\pom.xml.
2023-12-12 22:28:14,883 [Worker-9: Updating Maven Dependencies] INFO  o.e.m.c.i.l.LifecycleMappingFactory - Using org.eclipse.m2e.jdt.JarLifecycleMapping lifecycle mapping for MavenProject: spring-first:spring-first:0.0.1-SNAPSHOT @ D:\programming\JdbcJava\spring-first\pom.xml.
2023-12-12 22:28:14,961 [Worker-9: Updating Maven Dependencies] INFO  o.e.m.c.i.l.LifecycleMappingFactory - Using org.eclipse.m2e.jdt.JarLifecycleMapping lifecycle mapping for MavenProject: hibernate_jpa:hibernate_jpa:0.0.1-SNAPSHOT @ D:\programming\JdbcJava\hibernate_relative\pom.xml.
2023-12-12 22:28:15,031 [Worker-9: Updating Maven Dependencies] INFO  o.e.m.c.i.l.LifecycleMappingFactory - Using org.eclipse.m2e.jdt.JarLifecycleMapping lifecycle mapping for MavenProject: hibernate_jpa:hibernate_jpa:0.0.1-SNAPSHOT @ D:\programming\JdbcJava\hibernate_OTM\pom.xml.
2023-12-12 22:28:15,109 [Worker-9: Updating Maven Dependencies] INFO  o.e.m.c.i.l.LifecycleMappingFactory - Using org.eclipse.m2e.jdt.JarLifecycleMapping lifecycle mapping for MavenProject: hibernate_jpa:hibernate_jpa:0.0.1-SNAPSHOT @ D:\programming\JdbcJava\hibernate-composite\pom.xml.
2023-12-12 22:28:15,252 [Worker-9: Updating Maven Dependencies] INFO  o.e.m.c.i.l.LifecycleMappingFactory - Using org.eclipse.m2e.jdt.JarLifecycleMapping lifecycle mapping for MavenProject: com.example:spring-learn:0.0.1-SNAPSHOT @ D:\programming\JdbcJava\spring-learn\pom.xml.
2023-12-12 22:28:15,337 [Worker-9: Updating Maven Dependencies] INFO  o.e.m.c.i.l.LifecycleMappingFactory - Using org.eclipse.m2e.jdt.JarLifecycleMapping lifecycle mapping for MavenProject: person_hibernate:person_hibernate:0.0.1-SNAPSHOT @ D:\programming\JdbcJava\person_hibernate\pom.xml.
2023-12-12 22:28:15,403 [Worker-9: Updating Maven Dependencies] INFO  o.e.m.c.i.l.LifecycleMappingFactory - Using org.eclipse.m2e.jdt.JarLifecycleMapping lifecycle mapping for MavenProject: org.hib:hibernate:0.0.1-SNAPSHOT @ D:\programming\JdbcJava\hibernate\pom.xml.
2023-12-12 22:28:15,486 [Worker-9: Updating Maven Dependencies] INFO  o.e.m.c.i.l.LifecycleMappingFactory - Using org.eclipse.m2e.jdt.JarLifecycleMapping lifecycle mapping for MavenProject: hibernate_jpa:hibernate_jpa:0.0.1-SNAPSHOT @ D:\programming\JdbcJava\hibernate_Bi_OTO\pom.xml.
2023-12-12 22:28:19,838 [Worker-3: Updating Maven Project] INFO  o.e.m.c.i.p.ProjectConfigurationManager - Update started
2023-12-12 22:28:20,189 [Worker-3: Updating Maven Project] INFO  o.e.m.c.i.l.LifecycleMappingFactory - Using org.eclipse.m2e.jdt.JarLifecycleMapping lifecycle mapping for MavenProject: com.example:spring-demo1:0.0.1-SNAPSHOT @ C:\Users\pavan\Downloads\spring-demo1\spring-demo1\pom.xml.
2023-12-12 22:28:20,887 [Worker-3: Updating Maven Project] INFO  o.e.m.j.i.AbstractJavaProjectConfigurator - Adding source folder /spring-demo1/src/main/java
2023-12-12 22:28:20,888 [Worker-3: Updating Maven Project] INFO  o.e.m.j.i.AbstractJavaProjectConfigurator - Adding resource folder /spring-demo1/src/main/resources
2023-12-12 22:28:20,889 [Worker-3: Updating Maven Project] INFO  o.e.m.j.i.AbstractJavaProjectConfigurator - Adding resource folder /spring-demo1/src/main/resources
2023-12-12 22:28:20,890 [Worker-3: Updating Maven Project] INFO  o.e.m.j.i.AbstractJavaProjectConfigurator - Adding source folder /spring-demo1/src/test/java
2023-12-12 23:07:17,241 [Worker-0: Loading available Gradle versions] INFO  o.e.b.c.i.u.g.PublishedGradleVersions - Gradle version information cache is up-to-date. Trying to read.
2023-12-12 23:07:24,481 [Worker-8: Building] INFO  o.e.m.c.i.l.LifecycleMappingFactory - Using org.eclipse.m2e.jdt.JarLifecycleMapping lifecycle mapping for MavenProject: ApiTesting_p1:ApiTesting_p1:0.0.1-SNAPSHOT @ D:\programming\JdbcJava\ApiTesting_p1\pom.xml.
2023-12-12 23:07:26,838 [Worker-8: Building] WARN  o.e.m.c.i.embedder.EclipseLogger - Using platform encoding (Cp1252 actually) to copy filtered resources, i.e. build is platform dependent!
2023-12-12 23:07:26,850 [Worker-8: Building] INFO  o.e.m.c.i.embedder.EclipseLogger - Copying 0 resource
2023-12-12 23:07:26,875 [Worker-8: Building] WARN  o.e.m.c.i.embedder.EclipseLogger - Using platform encoding (Cp1252 actually) to copy filtered resources, i.e. build is platform dependent!
2023-12-12 23:07:26,877 [Worker-8: Building] INFO  o.e.m.c.i.embedder.EclipseLogger - Copying 0 resource
2023-12-12 23:07:30,340 [Worker-8: Building] INFO  o.e.m.c.i.l.LifecycleMappingFactory - Using org.eclipse.m2e.jdt.JarLifecycleMapping lifecycle mapping for MavenProject: org.hib:hibernate:0.0.1-SNAPSHOT @ D:\programming\JdbcJava\hibernate\pom.xml.
2023-12-12 23:07:31,207 [Worker-8: Building] WARN  o.e.m.c.i.embedder.EclipseLogger - Using platform encoding (Cp1252 actually) to copy filtered resources, i.e. build is platform dependent!
2023-12-12 23:07:31,209 [Worker-8: Building] INFO  o.e.m.c.i.embedder.EclipseLogger - Copying 0 resource
2023-12-12 23:07:31,214 [Worker-8: Building] WARN  o.e.m.c.i.embedder.EclipseLogger - Using platform encoding (Cp1252 actually) to copy filtered resources, i.e. build is platform dependent!
2023-12-12 23:07:31,216 [Worker-8: Building] INFO  o.e.m.c.i.embedder.EclipseLogger - Copying 0 resource
2023-12-12 23:07:33,480 [Worker-19: Building] INFO  o.e.m.c.i.l.LifecycleMappingFactory - Using org.eclipse.m2e.jdt.JarLifecycleMapping lifecycle mapping for MavenProject: hibernate_jpa:hibernate_jpa:0.0.1-SNAPSHOT @ D:\programming\JdbcJava\hibernate-composite\pom.xml.
2023-12-12 23:07:34,249 [Worker-19: Building] WARN  o.e.m.c.i.embedder.EclipseLogger - Using platform encoding (Cp1252 actually) to copy filtered resources, i.e. build is platform dependent!
2023-12-12 23:07:34,252 [Worker-19: Building] INFO  o.e.m.c.i.embedder.EclipseLogger - Copying 1 resource
2023-12-12 23:07:34,371 [Worker-19: Building] WARN  o.e.m.c.i.embedder.EclipseLogger - Using platform encoding (Cp1252 actually) to copy filtered resources, i.e. build is platform dependent!
2023-12-12 23:07:34,372 [Worker-19: Building] INFO  o.e.m.c.i.embedder.EclipseLogger - Copying 0 resource
2023-12-12 23:07:35,896 [Worker-17: Updating Maven Dependencies] INFO  o.e.m.c.i.l.LifecycleMappingFactory - Using org.eclipse.m2e.jdt.JarLifecycleMapping lifecycle mapping for MavenProject: hibernate_jpa:hibernate_jpa:0.0.1-SNAPSHOT @ D:\programming\JdbcJava\hibernate_jpa\pom.xml.
2023-12-12 23:07:36,146 [Worker-17: Updating Maven Dependencies] INFO  o.e.m.c.i.l.LifecycleMappingFactory - Using org.eclipse.m2e.jdt.JarLifecycleMapping lifecycle mapping for MavenProject: ApiTesting_p1:ApiTesting_p1:0.0.1-SNAPSHOT @ D:\programming\JdbcJava\ApiTesting_p1\pom.xml.
2023-12-12 23:07:36,789 [Worker-17: Updating Maven Dependencies] INFO  o.e.m.c.i.l.LifecycleMappingFactory - Using org.eclipse.m2e.jdt.JarLifecycleMapping lifecycle mapping for MavenProject: hibernate_jpa:hibernate_jpa:0.0.1-SNAPSHOT @ D:\programming\JdbcJava\hibernate_update\pom.xml.
2023-12-12 23:07:36,884 [Worker-23: Building] INFO  o.e.m.c.i.l.LifecycleMappingFactory - Using org.eclipse.m2e.jdt.JarLifecycleMapping lifecycle mapping for MavenProject: hibernate_jpa:hibernate_jpa:0.0.1-SNAPSHOT @ D:\programming\JdbcJava\hibernate_Bi_OTO\pom.xml.
2023-12-12 23:07:37,109 [Worker-23: Building] WARN  o.e.m.c.i.embedder.EclipseLogger - Using platform encoding (Cp1252 actually) to copy filtered resources, i.e. build is platform dependent!
2023-12-12 23:07:37,112 [Worker-23: Building] INFO  o.e.m.c.i.embedder.EclipseLogger - Copying 1 resource
2023-12-12 23:07:37,135 [Worker-23: Building] WARN  o.e.m.c.i.embedder.EclipseLogger - Using platform encoding (Cp1252 actually) to copy filtered resources, i.e. build is platform dependent!
2023-12-12 23:07:37,137 [Worker-23: Building] INFO  o.e.m.c.i.embedder.EclipseLogger - Copying 0 resource
2023-12-12 23:07:38,981 [Worker-9: Updating Maven Dependencies] INFO  o.e.m.c.i.l.LifecycleMappingFactory - Using org.eclipse.m2e.jdt.JarLifecycleMapping lifecycle mapping for MavenProject: hibernate_jpa:hibernate_jpa:0.0.1-SNAPSHOT @ D:\programming\JdbcJava\hibernate_jpa\pom.xml.
2023-12-12 23:07:39,232 [Worker-9: Updating Maven Dependencies] INFO  o.e.m.c.i.l.LifecycleMappingFactory - Using org.eclipse.m2e.jdt.JarLifecycleMapping lifecycle mapping for MavenProject: ApiTesting_p1:ApiTesting_p1:0.0.1-SNAPSHOT @ D:\programming\JdbcJava\ApiTesting_p1\pom.xml.
2023-12-12 23:07:39,810 [Worker-9: Updating Maven Dependencies] INFO  o.e.m.c.i.l.LifecycleMappingFactory - Using org.eclipse.m2e.jdt.JarLifecycleMapping lifecycle mapping for MavenProject: hibernate_jpa:hibernate_jpa:0.0.1-SNAPSHOT @ D:\programming\JdbcJava\hibernate_update\pom.xml.
2023-12-12 23:07:40,288 [Worker-9: Updating Maven Dependencies] INFO  o.e.m.c.i.l.LifecycleMappingFactory - Using org.eclipse.m2e.jdt.JarLifecycleMapping lifecycle mapping for MavenProject: com.example:spring-demo1:0.0.1-SNAPSHOT @ C:\Users\pavan\Downloads\spring-demo1\spring-demo1\pom.xml.
2023-12-12 23:07:40,710 [Worker-9: Updating Maven Dependencies] INFO  o.e.m.c.i.l.LifecycleMappingFactory - Using org.eclipse.m2e.jdt.JarLifecycleMapping lifecycle mapping for MavenProject: hibernate_jpa:hibernate_jpa:0.0.1-SNAPSHOT @ D:\programming\JdbcJava\hibernate_fetch_MTM\pom.xml.
2023-12-12 23:07:40,787 [Worker-9: Updating Maven Dependencies] INFO  o.e.m.c.i.l.LifecycleMappingFactory - Using org.eclipse.m2e.jdt.JarLifecycleMapping lifecycle mapping for MavenProject: spring-first:spring-first:0.0.1-SNAPSHOT @ D:\programming\JdbcJava\spring-annotations\pom.xml.
2023-12-12 23:07:41,278 [Worker-9: Updating Maven Dependencies] INFO  o.e.m.c.i.l.LifecycleMappingFactory - Using org.eclipse.m2e.jdt.JarLifecycleMapping lifecycle mapping for MavenProject: hibernate_jpa:hibernate_jpa:0.0.1-SNAPSHOT @ D:\programming\JdbcJava\hibernate_cascade_MTO\pom.xml.
2023-12-12 23:07:41,750 [Worker-9: Updating Maven Dependencies] INFO  o.e.m.c.i.l.LifecycleMappingFactory - Using org.eclipse.m2e.jdt.JarLifecycleMapping lifecycle mapping for MavenProject: hibernate_jpa:hibernate_jpa:0.0.1-SNAPSHOT @ D:\programming\JdbcJava\hibernate_MTM\pom.xml.
2023-12-12 23:07:41,955 [Worker-9: Updating Maven Dependencies] INFO  o.e.m.c.i.l.LifecycleMappingFactory - Using org.eclipse.m2e.jdt.JarLifecycleMapping lifecycle mapping for MavenProject: hibernate_jpa:hibernate_jpa:0.0.1-SNAPSHOT @ D:\programming\JdbcJava\second_levelCache\pom.xml.
2023-12-12 23:07:42,055 [Worker-9: Updating Maven Dependencies] INFO  o.e.m.c.i.l.LifecycleMappingFactory - Using org.eclipse.m2e.jdt.JarLifecycleMapping lifecycle mapping for MavenProject: spring-first:spring-first:0.0.1-SNAPSHOT @ D:\programming\JdbcJava\spring-first\pom.xml.
2023-12-12 23:07:42,139 [Worker-9: Updating Maven Dependencies] INFO  o.e.m.c.i.l.LifecycleMappingFactory - Using org.eclipse.m2e.jdt.JarLifecycleMapping lifecycle mapping for MavenProject: hibernate_jpa:hibernate_jpa:0.0.1-SNAPSHOT @ D:\programming\JdbcJava\hibernate_relative\pom.xml.
2023-12-12 23:07:42,237 [Worker-9: Updating Maven Dependencies] INFO  o.e.m.c.i.l.LifecycleMappingFactory - Using org.eclipse.m2e.jdt.JarLifecycleMapping lifecycle mapping for MavenProject: hibernate_jpa:hibernate_jpa:0.0.1-SNAPSHOT @ D:\programming\JdbcJava\hibernate_OTM\pom.xml.
2023-12-12 23:07:42,420 [Worker-9: Updating Maven Dependencies] INFO  o.e.m.c.i.l.LifecycleMappingFactory - Using org.eclipse.m2e.jdt.JarLifecycleMapping lifecycle mapping for MavenProject: hibernate_jpa:hibernate_jpa:0.0.1-SNAPSHOT @ D:\programming\JdbcJava\hibernate-composite\pom.xml.
2023-12-12 23:07:42,604 [Worker-9: Updating Maven Dependencies] INFO  o.e.m.c.i.l.LifecycleMappingFactory - Using org.eclipse.m2e.jdt.JarLifecycleMapping lifecycle mapping for MavenProject: com.example:spring-learn:0.0.1-SNAPSHOT @ D:\programming\JdbcJava\spring-learn\pom.xml.
2023-12-12 23:07:42,770 [Worker-9: Updating Maven Dependencies] INFO  o.e.m.c.i.l.LifecycleMappingFactory - Using org.eclipse.m2e.jdt.JarLifecycleMapping lifecycle mapping for MavenProject: person_hibernate:person_hibernate:0.0.1-SNAPSHOT @ D:\programming\JdbcJava\person_hibernate\pom.xml.
2023-12-12 23:07:42,904 [Worker-9: Updating Maven Dependencies] INFO  o.e.m.c.i.l.LifecycleMappingFactory - Using org.eclipse.m2e.jdt.JarLifecycleMapping lifecycle mapping for MavenProject: org.hib:hibernate:0.0.1-SNAPSHOT @ D:\programming\JdbcJava\hibernate\pom.xml.
2023-12-12 23:07:43,025 [Worker-9: Updating Maven Dependencies] INFO  o.e.m.c.i.l.LifecycleMappingFactory - Using org.eclipse.m2e.jdt.JarLifecycleMapping lifecycle mapping for MavenProject: hibernate_jpa:hibernate_jpa:0.0.1-SNAPSHOT @ D:\programming\JdbcJava\hibernate_Bi_OTO\pom.xml.
2023-12-12 23:07:50,236 [Worker-13: Updating Maven Project] INFO  o.e.m.c.i.p.ProjectConfigurationManager - Update started
2023-12-12 23:07:50,604 [Worker-13: Updating Maven Project] INFO  o.e.m.c.i.l.LifecycleMappingFactory - Using org.eclipse.m2e.jdt.JarLifecycleMapping lifecycle mapping for MavenProject: com.example:spring-demo1:0.0.1-SNAPSHOT @ C:\Users\pavan\Downloads\spring-demo1\spring-demo1\pom.xml.
2023-12-12 23:07:51,489 [Worker-13: Updating Maven Project] INFO  o.e.m.j.i.AbstractJavaProjectConfigurator - Adding source folder /spring-demo1/src/main/java
2023-12-12 23:07:51,490 [Worker-13: Updating Maven Project] INFO  o.e.m.j.i.AbstractJavaProjectConfigurator - Adding resource folder /spring-demo1/src/main/resources
2023-12-12 23:07:51,490 [Worker-13: Updating Maven Project] INFO  o.e.m.j.i.AbstractJavaProjectConfigurator - Adding resource folder /spring-demo1/src/main/resources
2023-12-12 23:07:51,491 [Worker-13: Updating Maven Project] INFO  o.e.m.j.i.AbstractJavaProjectConfigurator - Adding source folder /spring-demo1/src/test/java
2023-12-13 09:49:22,599 [Worker-6: Updating Maven Dependencies] INFO  o.e.m.c.i.l.LifecycleMappingFactory - Using org.eclipse.m2e.jdt.JarLifecycleMapping lifecycle mapping for MavenProject: hibernate_jpa:hibernate_jpa:0.0.1-SNAPSHOT @ D:\programming\JdbcJava\hibernate_jpa\pom.xml.
2023-12-13 09:49:22,801 [Worker-1: Building] INFO  o.e.m.c.i.l.LifecycleMappingFactory - Using org.eclipse.m2e.jdt.JarLifecycleMapping lifecycle mapping for MavenProject: ApiTesting_p1:ApiTesting_p1:0.0.1-SNAPSHOT @ D:\programming\JdbcJava\ApiTesting_p1\pom.xml.
2023-12-13 09:49:28,759 [Worker-1: Building] WARN  o.e.m.c.i.embedder.EclipseLogger - Using platform encoding (Cp1252 actually) to copy filtered resources, i.e. build is platform dependent!
2023-12-13 09:49:28,766 [Worker-1: Building] INFO  o.e.m.c.i.embedder.EclipseLogger - Copying 0 resource
2023-12-13 09:49:28,770 [Worker-1: Building] WARN  o.e.m.c.i.embedder.EclipseLogger - Using platform encoding (Cp1252 actually) to copy filtered resources, i.e. build is platform dependent!
2023-12-13 09:49:28,772 [Worker-1: Building] INFO  o.e.m.c.i.embedder.EclipseLogger - Copying 0 resource
2023-12-13 09:49:30,309 [Worker-20: Updating Maven Dependencies] INFO  o.e.m.c.i.l.LifecycleMappingFactory - Using org.eclipse.m2e.jdt.JarLifecycleMapping lifecycle mapping for MavenProject: hibernate_jpa:hibernate_jpa:0.0.1-SNAPSHOT @ D:\programming\JdbcJava\hibernate_jpa\pom.xml.
2023-12-13 09:49:30,467 [Worker-20: Updating Maven Dependencies] INFO  o.e.m.c.i.l.LifecycleMappingFactory - Using org.eclipse.m2e.jdt.JarLifecycleMapping lifecycle mapping for MavenProject: ApiTesting_p1:ApiTesting_p1:0.0.1-SNAPSHOT @ D:\programming\JdbcJava\ApiTesting_p1\pom.xml.
2023-12-13 09:49:30,677 [Worker-20: Updating Maven Dependencies] INFO  o.e.m.c.i.l.LifecycleMappingFactory - Using org.eclipse.m2e.jdt.JarLifecycleMapping lifecycle mapping for MavenProject: hibernate_jpa:hibernate_jpa:0.0.1-SNAPSHOT @ D:\programming\JdbcJava\hibernate_update\pom.xml.
2023-12-13 09:49:30,859 [Worker-1: Building] INFO  o.e.m.c.i.l.LifecycleMappingFactory - Using org.eclipse.m2e.jdt.JarLifecycleMapping lifecycle mapping for MavenProject: org.hib:hibernate:0.0.1-SNAPSHOT @ D:\programming\JdbcJava\hibernate\pom.xml.
2023-12-13 09:49:31,583 [Worker-1: Building] WARN  o.e.m.c.i.embedder.EclipseLogger - Using platform encoding (Cp1252 actually) to copy filtered resources, i.e. build is platform dependent!
2023-12-13 09:49:31,584 [Worker-1: Building] INFO  o.e.m.c.i.embedder.EclipseLogger - Copying 0 resource
2023-12-13 09:49:31,586 [Worker-1: Building] WARN  o.e.m.c.i.embedder.EclipseLogger - Using platform encoding (Cp1252 actually) to copy filtered resources, i.e. build is platform dependent!
2023-12-13 09:49:31,587 [Worker-1: Building] INFO  o.e.m.c.i.embedder.EclipseLogger - Copying 0 resource
2023-12-13 09:49:33,175 [Worker-20: Updating Maven Dependencies] INFO  o.e.m.c.i.l.LifecycleMappingFactory - Using org.eclipse.m2e.jdt.JarLifecycleMapping lifecycle mapping for MavenProject: com.example:spring-demo1:0.0.1-SNAPSHOT @ C:\Users\pavan\Downloads\spring-demo1\spring-demo1\pom.xml.
2023-12-13 09:49:33,175 [Worker-21: Building] INFO  o.e.m.c.i.l.LifecycleMappingFactory - Using org.eclipse.m2e.jdt.JarLifecycleMapping lifecycle mapping for MavenProject: hibernate_jpa:hibernate_jpa:0.0.1-SNAPSHOT @ D:\programming\JdbcJava\hibernate-composite\pom.xml.
2023-12-13 09:49:33,436 [Worker-21: Building] WARN  o.e.m.c.i.embedder.EclipseLogger - Using platform encoding (Cp1252 actually) to copy filtered resources, i.e. build is platform dependent!
2023-12-13 09:49:33,437 [Worker-21: Building] INFO  o.e.m.c.i.embedder.EclipseLogger - Copying 1 resource
2023-12-13 09:49:33,466 [Worker-21: Building] WARN  o.e.m.c.i.embedder.EclipseLogger - Using platform encoding (Cp1252 actually) to copy filtered resources, i.e. build is platform dependent!
2023-12-13 09:49:33,467 [Worker-21: Building] INFO  o.e.m.c.i.embedder.EclipseLogger - Copying 0 resource
2023-12-13 09:49:33,743 [Worker-21: Building] INFO  o.e.m.c.i.l.LifecycleMappingFactory - Using org.eclipse.m2e.jdt.JarLifecycleMapping lifecycle mapping for MavenProject: hibernate_jpa:hibernate_jpa:0.0.1-SNAPSHOT @ D:\programming\JdbcJava\hibernate_Bi_OTO\pom.xml.
2023-12-13 09:49:34,006 [Worker-21: Building] WARN  o.e.m.c.i.embedder.EclipseLogger - Using platform encoding (Cp1252 actually) to copy filtered resources, i.e. build is platform dependent!
2023-12-13 09:49:34,009 [Worker-21: Building] INFO  o.e.m.c.i.embedder.EclipseLogger - Copying 1 resource
2023-12-13 09:49:34,038 [Worker-21: Building] WARN  o.e.m.c.i.embedder.EclipseLogger - Using platform encoding (Cp1252 actually) to copy filtered resources, i.e. build is platform dependent!
2023-12-13 09:49:34,039 [Worker-21: Building] INFO  o.e.m.c.i.embedder.EclipseLogger - Copying 0 resource
2023-12-13 09:49:34,923 [Worker-11: Building] WARN  o.e.m.c.i.embedder.EclipseLogger - Using platform encoding (Cp1252 actually) to copy filtered resources, i.e. build is platform dependent!
2023-12-13 09:49:34,926 [Worker-11: Building] INFO  o.e.m.c.i.embedder.EclipseLogger - Copying 0 resource
2023-12-13 09:49:34,930 [Worker-11: Building] WARN  o.e.m.c.i.embedder.EclipseLogger - Using platform encoding (Cp1252 actually) to copy filtered resources, i.e. build is platform dependent!
2023-12-13 09:49:34,931 [Worker-11: Building] INFO  o.e.m.c.i.embedder.EclipseLogger - Copying 0 resource
2023-12-13 09:49:35,113 [Worker-11: Building] INFO  o.e.m.c.i.l.LifecycleMappingFactory - Using org.eclipse.m2e.jdt.JarLifecycleMapping lifecycle mapping for MavenProject: hibernate_jpa:hibernate_jpa:0.0.1-SNAPSHOT @ D:\programming\JdbcJava\hibernate_MTM\pom.xml.
2023-12-13 09:49:35,310 [Worker-11: Building] WARN  o.e.m.c.i.embedder.EclipseLogger - Using platform encoding (Cp1252 actually) to copy filtered resources, i.e. build is platform dependent!
2023-12-13 09:49:35,312 [Worker-11: Building] INFO  o.e.m.c.i.embedder.EclipseLogger - Copying 1 resource
2023-12-13 09:49:35,329 [Worker-11: Building] WARN  o.e.m.c.i.embedder.EclipseLogger - Using platform encoding (Cp1252 actually) to copy filtered resources, i.e. build is platform dependent!
2023-12-13 09:49:35,331 [Worker-11: Building] INFO  o.e.m.c.i.embedder.EclipseLogger - Copying 0 resource
2023-12-13 09:49:35,473 [Worker-14: Building] WARN  o.e.m.c.i.embedder.EclipseLogger - Using platform encoding (Cp1252 actually) to copy filtered resources, i.e. build is platform dependent!
2023-12-13 09:49:35,474 [Worker-14: Building] INFO  o.e.m.c.i.embedder.EclipseLogger - Copying 0 resource
2023-12-13 09:49:35,478 [Worker-14: Building] WARN  o.e.m.c.i.embedder.EclipseLogger - Using platform encoding (Cp1252 actually) to copy filtered resources, i.e. build is platform dependent!
2023-12-13 09:49:35,479 [Worker-14: Building] INFO  o.e.m.c.i.embedder.EclipseLogger - Copying 0 resource
2023-12-13 09:49:35,757 [Worker-14: Building] INFO  o.e.m.c.i.l.LifecycleMappingFactory - Using org.eclipse.m2e.jdt.JarLifecycleMapping lifecycle mapping for MavenProject: hibernate_jpa:hibernate_jpa:0.0.1-SNAPSHOT @ D:\programming\JdbcJava\hibernate_OTM\pom.xml.
2023-12-13 09:49:35,999 [Worker-14: Building] WARN  o.e.m.c.i.embedder.EclipseLogger - Using platform encoding (Cp1252 actually) to copy filtered resources, i.e. build is platform dependent!
2023-12-13 09:49:36,000 [Worker-14: Building] INFO  o.e.m.c.i.embedder.EclipseLogger - Copying 1 resource
2023-12-13 09:49:36,012 [Worker-14: Building] WARN  o.e.m.c.i.embedder.EclipseLogger - Using platform encoding (Cp1252 actually) to copy filtered resources, i.e. build is platform dependent!
2023-12-13 09:49:36,015 [Worker-14: Building] INFO  o.e.m.c.i.embedder.EclipseLogger - Copying 0 resource
2023-12-13 09:49:36,159 [Worker-11: Building] WARN  o.e.m.c.i.embedder.EclipseLogger - Using platform encoding (Cp1252 actually) to copy filtered resources, i.e. build is platform dependent!
2023-12-13 09:49:36,160 [Worker-11: Building] INFO  o.e.m.c.i.embedder.EclipseLogger - Copying 0 resource
2023-12-13 09:49:36,164 [Worker-11: Building] WARN  o.e.m.c.i.embedder.EclipseLogger - Using platform encoding (Cp1252 actually) to copy filtered resources, i.e. build is platform dependent!
2023-12-13 09:49:36,165 [Worker-11: Building] INFO  o.e.m.c.i.embedder.EclipseLogger - Copying 0 resource
2023-12-13 09:49:36,399 [Worker-11: Building] INFO  o.e.m.c.i.l.LifecycleMappingFactory - Using org.eclipse.m2e.jdt.JarLifecycleMapping lifecycle mapping for MavenProject: hibernate_jpa:hibernate_jpa:0.0.1-SNAPSHOT @ D:\programming\JdbcJava\hibernate_cascade_MTO\pom.xml.
2023-12-13 09:49:36,655 [Worker-11: Building] WARN  o.e.m.c.i.embedder.EclipseLogger - Using platform encoding (Cp1252 actually) to copy filtered resources, i.e. build is platform dependent!
2023-12-13 09:49:36,656 [Worker-11: Building] INFO  o.e.m.c.i.embedder.EclipseLogger - Copying 1 resource
2023-12-13 09:49:36,672 [Worker-11: Building] WARN  o.e.m.c.i.embedder.EclipseLogger - Using platform encoding (Cp1252 actually) to copy filtered resources, i.e. build is platform dependent!
2023-12-13 09:49:36,673 [Worker-11: Building] INFO  o.e.m.c.i.embedder.EclipseLogger - Copying 0 resource
2023-12-13 09:49:36,837 [Worker-5: Building] WARN  o.e.m.c.i.embedder.EclipseLogger - Using platform encoding (Cp1252 actually) to copy filtered resources, i.e. build is platform dependent!
2023-12-13 09:49:36,837 [Worker-5: Building] INFO  o.e.m.c.i.embedder.EclipseLogger - Copying 0 resource
2023-12-13 09:49:36,839 [Worker-5: Building] WARN  o.e.m.c.i.embedder.EclipseLogger - Using platform encoding (Cp1252 actually) to copy filtered resources, i.e. build is platform dependent!
2023-12-13 09:49:36,841 [Worker-5: Building] INFO  o.e.m.c.i.embedder.EclipseLogger - Copying 0 resource
2023-12-13 09:49:36,966 [Worker-5: Building] INFO  o.e.m.c.i.l.LifecycleMappingFactory - Using org.eclipse.m2e.jdt.JarLifecycleMapping lifecycle mapping for MavenProject: hibernate_jpa:hibernate_jpa:0.0.1-SNAPSHOT @ D:\programming\JdbcJava\hibernate_fetch_MTM\pom.xml.
2023-12-13 09:49:37,190 [Worker-5: Building] WARN  o.e.m.c.i.embedder.EclipseLogger - Using platform encoding (Cp1252 actually) to copy filtered resources, i.e. build is platform dependent!
2023-12-13 09:49:37,193 [Worker-5: Building] INFO  o.e.m.c.i.embedder.EclipseLogger - Copying 1 resource
2023-12-13 09:49:37,200 [Worker-5: Building] WARN  o.e.m.c.i.embedder.EclipseLogger - Using platform encoding (Cp1252 actually) to copy filtered resources, i.e. build is platform dependent!
2023-12-13 09:49:37,201 [Worker-5: Building] INFO  o.e.m.c.i.embedder.EclipseLogger - Copying 0 resource
2023-12-13 09:49:37,351 [Worker-14: Building] WARN  o.e.m.c.i.embedder.EclipseLogger - Using platform encoding (Cp1252 actually) to copy filtered resources, i.e. build is platform dependent!
2023-12-13 09:49:37,354 [Worker-14: Building] INFO  o.e.m.c.i.embedder.EclipseLogger - Copying 1 resource
2023-12-13 09:49:37,356 [Worker-14: Building] WARN  o.e.m.c.i.embedder.EclipseLogger - Using platform encoding (Cp1252 actually) to copy filtered resources, i.e. build is platform dependent!
2023-12-13 09:49:37,357 [Worker-14: Building] INFO  o.e.m.c.i.embedder.EclipseLogger - Copying 0 resource
2023-12-13 09:49:37,524 [Worker-14: Building] INFO  o.e.m.c.i.l.LifecycleMappingFactory - Using org.eclipse.m2e.jdt.JarLifecycleMapping lifecycle mapping for MavenProject: hibernate_jpa:hibernate_jpa:0.0.1-SNAPSHOT @ D:\programming\JdbcJava\hibernate_jpa\pom.xml.
2023-12-13 09:49:37,764 [Worker-14: Building] WARN  o.e.m.c.i.embedder.EclipseLogger - Using platform encoding (Cp1252 actually) to copy filtered resources, i.e. build is platform dependent!
2023-12-13 09:49:37,764 [Worker-14: Building] INFO  o.e.m.c.i.embedder.EclipseLogger - Copying 1 resource
2023-12-13 09:49:37,770 [Worker-14: Building] WARN  o.e.m.c.i.embedder.EclipseLogger - Using platform encoding (Cp1252 actually) to copy filtered resources, i.e. build is platform dependent!
2023-12-13 09:49:37,771 [Worker-14: Building] INFO  o.e.m.c.i.embedder.EclipseLogger - Copying 0 resource
2023-12-13 09:49:37,926 [Worker-14: Building] WARN  o.e.m.c.i.embedder.EclipseLogger - Using platform encoding (Cp1252 actually) to copy filtered resources, i.e. build is platform dependent!
2023-12-13 09:49:37,928 [Worker-14: Building] INFO  o.e.m.c.i.embedder.EclipseLogger - Copying 0 resource
2023-12-13 09:49:37,932 [Worker-14: Building] WARN  o.e.m.c.i.embedder.EclipseLogger - Using platform encoding (Cp1252 actually) to copy filtered resources, i.e. build is platform dependent!
2023-12-13 09:49:37,933 [Worker-14: Building] INFO  o.e.m.c.i.embedder.EclipseLogger - Copying 0 resource
2023-12-13 09:49:37,953 [Worker-14: Building] WARN  o.e.m.c.i.embedder.EclipseLogger - Using platform encoding (Cp1252 actually) to copy filtered resources, i.e. build is platform dependent!
2023-12-13 09:49:37,956 [Worker-14: Building] INFO  o.e.m.c.i.embedder.EclipseLogger - Copying 0 resource
2023-12-13 09:49:37,960 [Worker-14: Building] WARN  o.e.m.c.i.embedder.EclipseLogger - Using platform encoding (Cp1252 actually) to copy filtered resources, i.e. build is platform dependent!
2023-12-13 09:49:37,961 [Worker-14: Building] INFO  o.e.m.c.i.embedder.EclipseLogger - Copying 0 resource
2023-12-13 09:49:38,103 [Worker-14: Building] INFO  o.e.m.c.i.l.LifecycleMappingFactory - Using org.eclipse.m2e.jdt.JarLifecycleMapping lifecycle mapping for MavenProject: hibernate_jpa:hibernate_jpa:0.0.1-SNAPSHOT @ D:\programming\JdbcJava\hibernate_relative\pom.xml.
2023-12-13 09:49:38,306 [Worker-14: Building] WARN  o.e.m.c.i.embedder.EclipseLogger - Using platform encoding (Cp1252 actually) to copy filtered resources, i.e. build is platform dependent!
2023-12-13 09:49:38,308 [Worker-14: Building] INFO  o.e.m.c.i.embedder.EclipseLogger - Copying 1 resource
2023-12-13 09:49:38,318 [Worker-14: Building] WARN  o.e.m.c.i.embedder.EclipseLogger - Using platform encoding (Cp1252 actually) to copy filtered resources, i.e. build is platform dependent!
2023-12-13 09:49:38,319 [Worker-14: Building] INFO  o.e.m.c.i.embedder.EclipseLogger - Copying 0 resource
2023-12-13 09:49:38,523 [Worker-14: Building] INFO  o.e.m.c.i.l.LifecycleMappingFactory - Using org.eclipse.m2e.jdt.JarLifecycleMapping lifecycle mapping for MavenProject: hibernate_jpa:hibernate_jpa:0.0.1-SNAPSHOT @ D:\programming\JdbcJava\hibernate_update\pom.xml.
2023-12-13 09:49:38,760 [Worker-14: Building] WARN  o.e.m.c.i.embedder.EclipseLogger - Using platform encoding (Cp1252 actually) to copy filtered resources, i.e. build is platform dependent!
2023-12-13 09:49:38,762 [Worker-14: Building] INFO  o.e.m.c.i.embedder.EclipseLogger - Copying 1 resource
2023-12-13 09:49:38,768 [Worker-14: Building] WARN  o.e.m.c.i.embedder.EclipseLogger - Using platform encoding (Cp1252 actually) to copy filtered resources, i.e. build is platform dependent!
2023-12-13 09:49:38,770 [Worker-14: Building] INFO  o.e.m.c.i.embedder.EclipseLogger - Copying 0 resource
2023-12-13 09:49:38,911 [Worker-5: Building] WARN  o.e.m.c.i.embedder.EclipseLogger - Using platform encoding (Cp1252 actually) to copy filtered resources, i.e. build is platform dependent!
2023-12-13 09:49:38,913 [Worker-5: Building] INFO  o.e.m.c.i.embedder.EclipseLogger - Copying 0 resource
2023-12-13 09:49:38,917 [Worker-5: Building] WARN  o.e.m.c.i.embedder.EclipseLogger - Using platform encoding (Cp1252 actually) to copy filtered resources, i.e. build is platform dependent!
2023-12-13 09:49:38,918 [Worker-5: Building] INFO  o.e.m.c.i.embedder.EclipseLogger - Copying 0 resource
2023-12-13 09:49:38,941 [Worker-5: Building] WARN  o.e.m.c.i.embedder.EclipseLogger - Using platform encoding (Cp1252 actually) to copy filtered resources, i.e. build is platform dependent!
2023-12-13 09:49:38,942 [Worker-5: Building] INFO  o.e.m.c.i.embedder.EclipseLogger - Copying 0 resource
2023-12-13 09:49:38,945 [Worker-5: Building] WARN  o.e.m.c.i.embedder.EclipseLogger - Using platform encoding (Cp1252 actually) to copy filtered resources, i.e. build is platform dependent!
2023-12-13 09:49:38,947 [Worker-5: Building] INFO  o.e.m.c.i.embedder.EclipseLogger - Copying 0 resource
2023-12-13 09:49:39,255 [Worker-5: Building] INFO  o.e.m.c.i.l.LifecycleMappingFactory - Using org.eclipse.m2e.jdt.JarLifecycleMapping lifecycle mapping for MavenProject: person_hibernate:person_hibernate:0.0.1-SNAPSHOT @ D:\programming\JdbcJava\person_hibernate\pom.xml.
2023-12-13 09:49:39,323 [Worker-5: Building] WARN  o.e.m.c.i.embedder.EclipseLogger - Using platform encoding (Cp1252 actually) to copy filtered resources, i.e. build is platform dependent!
2023-12-13 09:49:39,324 [Worker-5: Building] INFO  o.e.m.c.i.embedder.EclipseLogger - Copying 0 resource
2023-12-13 09:49:39,327 [Worker-5: Building] WARN  o.e.m.c.i.embedder.EclipseLogger - Using platform encoding (Cp1252 actually) to copy filtered resources, i.e. build is platform dependent!
2023-12-13 09:49:39,329 [Worker-5: Building] INFO  o.e.m.c.i.embedder.EclipseLogger - Copying 0 resource
2023-12-13 09:49:39,656 [Worker-5: Building] INFO  o.e.m.c.i.l.LifecycleMappingFactory - Using org.eclipse.m2e.jdt.JarLifecycleMapping lifecycle mapping for MavenProject: hibernate_jpa:hibernate_jpa:0.0.1-SNAPSHOT @ D:\programming\JdbcJava\second_levelCache\pom.xml.
2023-12-13 09:49:40,032 [Worker-5: Building] WARN  o.e.m.c.i.embedder.EclipseLogger - Using platform encoding (Cp1252 actually) to copy filtered resources, i.e. build is platform dependent!
2023-12-13 09:49:40,034 [Worker-5: Building] INFO  o.e.m.c.i.embedder.EclipseLogger - Copying 1 resource
2023-12-13 09:49:40,054 [Worker-5: Building] WARN  o.e.m.c.i.embedder.EclipseLogger - Using platform encoding (Cp1252 actually) to copy filtered resources, i.e. build is platform dependent!
2023-12-13 09:49:40,056 [Worker-5: Building] INFO  o.e.m.c.i.embedder.EclipseLogger - Copying 0 resource
2023-12-13 09:49:40,448 [Worker-20: Building] WARN  o.e.m.c.i.embedder.EclipseLogger - Using platform encoding (Cp1252 actually) to copy filtered resources, i.e. build is platform dependent!
2023-12-13 09:49:40,449 [Worker-20: Building] INFO  o.e.m.c.i.embedder.EclipseLogger - Copying 0 resource
2023-12-13 09:49:40,455 [Worker-20: Building] WARN  o.e.m.c.i.embedder.EclipseLogger - Using platform encoding (Cp1252 actually) to copy filtered resources, i.e. build is platform dependent!
2023-12-13 09:49:40,457 [Worker-20: Building] INFO  o.e.m.c.i.embedder.EclipseLogger - Copying 0 resource
2023-12-13 09:49:40,538 [Worker-20: Building] INFO  o.e.m.c.i.l.LifecycleMappingFactory - Using org.eclipse.m2e.jdt.JarLifecycleMapping lifecycle mapping for MavenProject: spring-first:spring-first:0.0.1-SNAPSHOT @ D:\programming\JdbcJava\spring-annotations\pom.xml.
2023-12-13 09:49:40,972 [Worker-20: Building] WARN  o.e.m.c.i.embedder.EclipseLogger - Using platform encoding (Cp1252 actually) to copy filtered resources, i.e. build is platform dependent!
2023-12-13 09:49:40,973 [Worker-20: Building] INFO  o.e.m.c.i.embedder.EclipseLogger - Copying 0 resource
2023-12-13 09:49:40,976 [Worker-20: Building] WARN  o.e.m.c.i.embedder.EclipseLogger - Using platform encoding (Cp1252 actually) to copy filtered resources, i.e. build is platform dependent!
2023-12-13 09:49:40,977 [Worker-20: Building] INFO  o.e.m.c.i.embedder.EclipseLogger - Copying 0 resource
2023-12-13 09:49:42,063 [Worker-20: Building] INFO  o.e.m.c.i.l.LifecycleMappingFactory - Using org.eclipse.m2e.jdt.JarLifecycleMapping lifecycle mapping for MavenProject: com.example:spring-demo1:0.0.1-SNAPSHOT @ C:\Users\pavan\Downloads\spring-demo1\spring-demo1\pom.xml.
2023-12-13 09:49:44,572 [Worker-20: Building] INFO  o.a.m.s.f.DefaultMavenResourcesFiltering - Copying 1 resource
2023-12-13 09:49:44,606 [Worker-20: Building] INFO  o.a.m.s.f.DefaultMavenResourcesFiltering - Copying 0 resource
2023-12-13 09:49:44,612 [Worker-20: Building] INFO  o.a.m.s.f.DefaultMavenResourcesFiltering - skip non existing resourceDirectory C:\Users\pavan\Downloads\spring-demo1\spring-demo1\src\test\resources
2023-12-13 09:49:44,667 [Worker-20: Updating Maven Project] INFO  o.e.m.c.i.p.ProjectConfigurationManager - Update started
2023-12-13 09:49:45,054 [Worker-20: Updating Maven Project] INFO  o.e.m.c.i.l.LifecycleMappingFactory - Using org.eclipse.m2e.jdt.JarLifecycleMapping lifecycle mapping for MavenProject: com.example:spring-demo1:0.0.1-SNAPSHOT @ C:\Users\pavan\Downloads\spring-demo1\spring-demo1\pom.xml.
2023-12-13 09:49:45,882 [Worker-20: Updating Maven Project] INFO  o.e.m.j.i.AbstractJavaProjectConfigurator - Adding source folder /spring-demo1/src/main/java
2023-12-13 09:49:45,883 [Worker-20: Updating Maven Project] INFO  o.e.m.j.i.AbstractJavaProjectConfigurator - Adding resource folder /spring-demo1/src/main/resources
2023-12-13 09:49:45,883 [Worker-20: Updating Maven Project] INFO  o.e.m.j.i.AbstractJavaProjectConfigurator - Adding resource folder /spring-demo1/src/main/resources
2023-12-13 09:49:45,884 [Worker-20: Updating Maven Project] INFO  o.e.m.j.i.AbstractJavaProjectConfigurator - Adding source folder /spring-demo1/src/test/java
2023-12-13 09:49:47,628 [Worker-10: Updating Maven Dependencies] INFO  o.e.m.c.i.l.LifecycleMappingFactory - Using org.eclipse.m2e.jdt.JarLifecycleMapping lifecycle mapping for MavenProject: hibernate_jpa:hibernate_jpa:0.0.1-SNAPSHOT @ D:\programming\JdbcJava\hibernate_jpa\pom.xml.
2023-12-13 09:49:47,791 [Worker-10: Updating Maven Dependencies] INFO  o.e.m.c.i.l.LifecycleMappingFactory - Using org.eclipse.m2e.jdt.JarLifecycleMapping lifecycle mapping for MavenProject: ApiTesting_p1:ApiTesting_p1:0.0.1-SNAPSHOT @ D:\programming\JdbcJava\ApiTesting_p1\pom.xml.
2023-12-13 09:49:47,998 [Worker-10: Updating Maven Dependencies] INFO  o.e.m.c.i.l.LifecycleMappingFactory - Using org.eclipse.m2e.jdt.JarLifecycleMapping lifecycle mapping for MavenProject: hibernate_jpa:hibernate_jpa:0.0.1-SNAPSHOT @ D:\programming\JdbcJava\hibernate_update\pom.xml.
2023-12-13 09:49:48,091 [Worker-10: Updating Maven Dependencies] INFO  o.e.m.c.i.l.LifecycleMappingFactory - Using org.eclipse.m2e.jdt.JarLifecycleMapping lifecycle mapping for MavenProject: com.example:spring-demo1:0.0.1-SNAPSHOT @ C:\Users\pavan\Downloads\spring-demo1\spring-demo1\pom.xml.
2023-12-13 09:49:48,411 [Worker-10: Updating Maven Dependencies] INFO  o.e.m.c.i.l.LifecycleMappingFactory - Using org.eclipse.m2e.jdt.JarLifecycleMapping lifecycle mapping for MavenProject: hibernate_jpa:hibernate_jpa:0.0.1-SNAPSHOT @ D:\programming\JdbcJava\hibernate_fetch_MTM\pom.xml.
2023-12-13 09:49:48,498 [Worker-10: Updating Maven Dependencies] INFO  o.e.m.c.i.l.LifecycleMappingFactory - Using org.eclipse.m2e.jdt.JarLifecycleMapping lifecycle mapping for MavenProject: spring-first:spring-first:0.0.1-SNAPSHOT @ D:\programming\JdbcJava\spring-annotations\pom.xml.
2023-12-13 09:49:48,565 [Worker-10: Updating Maven Dependencies] INFO  o.e.m.c.i.l.LifecycleMappingFactory - Using org.eclipse.m2e.jdt.JarLifecycleMapping lifecycle mapping for MavenProject: hibernate_jpa:hibernate_jpa:0.0.1-SNAPSHOT @ D:\programming\JdbcJava\hibernate_cascade_MTO\pom.xml.
2023-12-13 09:49:48,646 [Worker-10: Updating Maven Dependencies] INFO  o.e.m.c.i.l.LifecycleMappingFactory - Using org.eclipse.m2e.jdt.JarLifecycleMapping lifecycle mapping for MavenProject: hibernate_jpa:hibernate_jpa:0.0.1-SNAPSHOT @ D:\programming\JdbcJava\hibernate_MTM\pom.xml.
2023-12-13 09:49:48,739 [Worker-10: Updating Maven Dependencies] INFO  o.e.m.c.i.l.LifecycleMappingFactory - Using org.eclipse.m2e.jdt.JarLifecycleMapping lifecycle mapping for MavenProject: hibernate_jpa:hibernate_jpa:0.0.1-SNAPSHOT @ D:\programming\JdbcJava\second_levelCache\pom.xml.
2023-12-13 09:49:48,822 [Worker-10: Updating Maven Dependencies] INFO  o.e.m.c.i.l.LifecycleMappingFactory - Using org.eclipse.m2e.jdt.JarLifecycleMapping lifecycle mapping for MavenProject: spring-first:spring-first:0.0.1-SNAPSHOT @ D:\programming\JdbcJava\spring-first\pom.xml.
2023-12-13 09:49:48,877 [Worker-10: Updating Maven Dependencies] INFO  o.e.m.c.i.l.LifecycleMappingFactory - Using org.eclipse.m2e.jdt.JarLifecycleMapping lifecycle mapping for MavenProject: hibernate_jpa:hibernate_jpa:0.0.1-SNAPSHOT @ D:\programming\JdbcJava\hibernate_relative\pom.xml.
2023-12-13 09:49:48,964 [Worker-10: Updating Maven Dependencies] INFO  o.e.m.c.i.l.LifecycleMappingFactory - Using org.eclipse.m2e.jdt.JarLifecycleMapping lifecycle mapping for MavenProject: hibernate_jpa:hibernate_jpa:0.0.1-SNAPSHOT @ D:\programming\JdbcJava\hibernate_OTM\pom.xml.
2023-12-13 09:49:49,067 [Worker-10: Updating Maven Dependencies] INFO  o.e.m.c.i.l.LifecycleMappingFactory - Using org.eclipse.m2e.jdt.JarLifecycleMapping lifecycle mapping for MavenProject: hibernate_jpa:hibernate_jpa:0.0.1-SNAPSHOT @ D:\programming\JdbcJava\hibernate-composite\pom.xml.
2023-12-13 09:49:49,145 [Worker-10: Updating Maven Dependencies] INFO  o.e.m.c.i.l.LifecycleMappingFactory - Using org.eclipse.m2e.jdt.JarLifecycleMapping lifecycle mapping for MavenProject: com.example:spring-learn:0.0.1-SNAPSHOT @ D:\programming\JdbcJava\spring-learn\pom.xml.
2023-12-13 09:49:49,224 [Worker-10: Updating Maven Dependencies] INFO  o.e.m.c.i.l.LifecycleMappingFactory - Using org.eclipse.m2e.jdt.JarLifecycleMapping lifecycle mapping for MavenProject: person_hibernate:person_hibernate:0.0.1-SNAPSHOT @ D:\programming\JdbcJava\person_hibernate\pom.xml.
2023-12-13 09:49:49,284 [Worker-10: Updating Maven Dependencies] INFO  o.e.m.c.i.l.LifecycleMappingFactory - Using org.eclipse.m2e.jdt.JarLifecycleMapping lifecycle mapping for MavenProject: org.hib:hibernate:0.0.1-SNAPSHOT @ D:\programming\JdbcJava\hibernate\pom.xml.
2023-12-13 09:49:49,341 [Worker-10: Updating Maven Dependencies] INFO  o.e.m.c.i.l.LifecycleMappingFactory - Using org.eclipse.m2e.jdt.JarLifecycleMapping lifecycle mapping for MavenProject: hibernate_jpa:hibernate_jpa:0.0.1-SNAPSHOT @ D:\programming\JdbcJava\hibernate_Bi_OTO\pom.xml.
2023-12-13 11:11:10,002 [Worker-22: Loading available Gradle versions] INFO  o.e.b.c.i.u.g.PublishedGradleVersions - Gradle version information cache is up-to-date. Trying to read.
2024-04-05 06:43:29,580 [Worker-4: Loading available Gradle versions] INFO  o.e.b.c.i.u.g.PublishedGradleVersions - Gradle version information cache is up-to-date. Trying to read.
2024-04-05 06:43:46,400 [Worker-7: Updating Maven Dependencies] INFO  o.e.m.c.i.l.LifecycleMappingFactory - Using org.eclipse.m2e.jdt.JarLifecycleMapping lifecycle mapping for MavenProject: hibernate_jpa:hibernate_jpa:0.0.1-SNAPSHOT @ D:\programming\JdbcJava\hibernate_jpa\pom.xml.
2024-04-05 06:43:47,710 [Worker-11: Building] INFO  o.e.m.c.i.l.LifecycleMappingFactory - Using org.eclipse.m2e.jdt.JarLifecycleMapping lifecycle mapping for MavenProject: ApiTesting_p1:ApiTesting_p1:0.0.1-SNAPSHOT @ D:\programming\JdbcJava\ApiTesting_p1\pom.xml.
2024-04-05 06:43:50,900 [Worker-11: Building] WARN  o.e.m.c.i.embedder.EclipseLogger - Using platform encoding (Cp1252 actually) to copy filtered resources, i.e. build is platform dependent!
2024-04-05 06:43:50,905 [Worker-11: Building] INFO  o.e.m.c.i.embedder.EclipseLogger - Copying 0 resource
2024-04-05 06:43:50,908 [Worker-11: Building] WARN  o.e.m.c.i.embedder.EclipseLogger - Using platform encoding (Cp1252 actually) to copy filtered resources, i.e. build is platform dependent!
2024-04-05 06:43:50,909 [Worker-11: Building] INFO  o.e.m.c.i.embedder.EclipseLogger - Copying 0 resource
2024-04-05 06:43:51,608 [Worker-11: Building] INFO  o.e.m.c.i.l.LifecycleMappingFactory - Using org.eclipse.m2e.jdt.JarLifecycleMapping lifecycle mapping for MavenProject: org.hib:hibernate:0.0.1-SNAPSHOT @ D:\programming\JdbcJava\hibernate\pom.xml.
2024-04-05 06:43:52,061 [Worker-11: Building] WARN  o.e.m.c.i.embedder.EclipseLogger - Using platform encoding (Cp1252 actually) to copy filtered resources, i.e. build is platform dependent!
2024-04-05 06:43:52,062 [Worker-11: Building] INFO  o.e.m.c.i.embedder.EclipseLogger - Copying 0 resource
2024-04-05 06:43:52,064 [Worker-11: Building] WARN  o.e.m.c.i.embedder.EclipseLogger - Using platform encoding (Cp1252 actually) to copy filtered resources, i.e. build is platform dependent!
2024-04-05 06:43:52,065 [Worker-11: Building] INFO  o.e.m.c.i.embedder.EclipseLogger - Copying 0 resource
2024-04-05 06:43:52,179 [Worker-11: Building] INFO  o.e.m.c.i.l.LifecycleMappingFactory - Using org.eclipse.m2e.jdt.JarLifecycleMapping lifecycle mapping for MavenProject: hibernate_jpa:hibernate_jpa:0.0.1-SNAPSHOT @ D:\programming\JdbcJava\hibernate-composite\pom.xml.
2024-04-05 06:43:52,500 [Worker-11: Building] WARN  o.e.m.c.i.embedder.EclipseLogger - Using platform encoding (Cp1252 actually) to copy filtered resources, i.e. build is platform dependent!
2024-04-05 06:43:52,502 [Worker-11: Building] INFO  o.e.m.c.i.embedder.EclipseLogger - Copying 1 resource
2024-04-05 06:43:52,526 [Worker-11: Building] WARN  o.e.m.c.i.embedder.EclipseLogger - Using platform encoding (Cp1252 actually) to copy filtered resources, i.e. build is platform dependent!
2024-04-05 06:43:52,528 [Worker-11: Building] INFO  o.e.m.c.i.embedder.EclipseLogger - Copying 0 resource
2024-04-05 06:43:52,745 [Worker-11: Building] INFO  o.e.m.c.i.l.LifecycleMappingFactory - Using org.eclipse.m2e.jdt.JarLifecycleMapping lifecycle mapping for MavenProject: hibernate_jpa:hibernate_jpa:0.0.1-SNAPSHOT @ D:\programming\JdbcJava\hibernate_Bi_OTO\pom.xml.
2024-04-05 06:43:53,489 [Worker-11: Building] WARN  o.e.m.c.i.embedder.EclipseLogger - Using platform encoding (Cp1252 actually) to copy filtered resources, i.e. build is platform dependent!
2024-04-05 06:43:53,491 [Worker-11: Building] INFO  o.e.m.c.i.embedder.EclipseLogger - Copying 1 resource
2024-04-05 06:43:53,516 [Worker-11: Building] WARN  o.e.m.c.i.embedder.EclipseLogger - Using platform encoding (Cp1252 actually) to copy filtered resources, i.e. build is platform dependent!
2024-04-05 06:43:53,517 [Worker-11: Building] INFO  o.e.m.c.i.embedder.EclipseLogger - Copying 0 resource
2024-04-05 06:43:53,813 [Worker-14: Building] WARN  o.e.m.c.i.embedder.EclipseLogger - Using platform encoding (Cp1252 actually) to copy filtered resources, i.e. build is platform dependent!
2024-04-05 06:43:53,816 [Worker-14: Building] INFO  o.e.m.c.i.embedder.EclipseLogger - Copying 0 resource
2024-04-05 06:43:53,819 [Worker-14: Building] WARN  o.e.m.c.i.embedder.EclipseLogger - Using platform encoding (Cp1252 actually) to copy filtered resources, i.e. build is platform dependent!
2024-04-05 06:43:53,820 [Worker-14: Building] INFO  o.e.m.c.i.embedder.EclipseLogger - Copying 0 resource
2024-04-05 06:43:53,970 [Worker-14: Building] INFO  o.e.m.c.i.l.LifecycleMappingFactory - Using org.eclipse.m2e.jdt.JarLifecycleMapping lifecycle mapping for MavenProject: hibernate_jpa:hibernate_jpa:0.0.1-SNAPSHOT @ D:\programming\JdbcJava\hibernate_MTM\pom.xml.
2024-04-05 06:43:54,134 [Worker-14: Building] WARN  o.e.m.c.i.embedder.EclipseLogger - Using platform encoding (Cp1252 actually) to copy filtered resources, i.e. build is platform dependent!
2024-04-05 06:43:54,135 [Worker-14: Building] INFO  o.e.m.c.i.embedder.EclipseLogger - Copying 1 resource
2024-04-05 06:43:54,145 [Worker-14: Building] WARN  o.e.m.c.i.embedder.EclipseLogger - Using platform encoding (Cp1252 actually) to copy filtered resources, i.e. build is platform dependent!
2024-04-05 06:43:54,146 [Worker-14: Building] INFO  o.e.m.c.i.embedder.EclipseLogger - Copying 0 resource
2024-04-05 06:43:54,384 [Worker-3: Building] WARN  o.e.m.c.i.embedder.EclipseLogger - Using platform encoding (Cp1252 actually) to copy filtered resources, i.e. build is platform dependent!
2024-04-05 06:43:54,385 [Worker-3: Building] INFO  o.e.m.c.i.embedder.EclipseLogger - Copying 0 resource
2024-04-05 06:43:54,387 [Worker-3: Building] WARN  o.e.m.c.i.embedder.EclipseLogger - Using platform encoding (Cp1252 actually) to copy filtered resources, i.e. build is platform dependent!
2024-04-05 06:43:54,388 [Worker-3: Building] INFO  o.e.m.c.i.embedder.EclipseLogger - Copying 0 resource
2024-04-05 06:43:54,609 [Worker-3: Building] INFO  o.e.m.c.i.l.LifecycleMappingFactory - Using org.eclipse.m2e.jdt.JarLifecycleMapping lifecycle mapping for MavenProject: hibernate_jpa:hibernate_jpa:0.0.1-SNAPSHOT @ D:\programming\JdbcJava\hibernate_OTM\pom.xml.
2024-04-05 06:43:55,047 [Worker-3: Building] WARN  o.e.m.c.i.embedder.EclipseLogger - Using platform encoding (Cp1252 actually) to copy filtered resources, i.e. build is platform dependent!
2024-04-05 06:43:55,048 [Worker-3: Building] INFO  o.e.m.c.i.embedder.EclipseLogger - Copying 1 resource
2024-04-05 06:43:55,063 [Worker-3: Building] WARN  o.e.m.c.i.embedder.EclipseLogger - Using platform encoding (Cp1252 actually) to copy filtered resources, i.e. build is platform dependent!
2024-04-05 06:43:55,064 [Worker-3: Building] INFO  o.e.m.c.i.embedder.EclipseLogger - Copying 0 resource
2024-04-05 06:43:55,318 [Worker-4: Building] WARN  o.e.m.c.i.embedder.EclipseLogger - Using platform encoding (Cp1252 actually) to copy filtered resources, i.e. build is platform dependent!
2024-04-05 06:43:55,320 [Worker-4: Building] INFO  o.e.m.c.i.embedder.EclipseLogger - Copying 0 resource
2024-04-05 06:43:55,322 [Worker-4: Building] WARN  o.e.m.c.i.embedder.EclipseLogger - Using platform encoding (Cp1252 actually) to copy filtered resources, i.e. build is platform dependent!
2024-04-05 06:43:55,323 [Worker-4: Building] INFO  o.e.m.c.i.embedder.EclipseLogger - Copying 0 resource
2024-04-05 06:43:55,491 [Worker-4: Building] INFO  o.e.m.c.i.l.LifecycleMappingFactory - Using org.eclipse.m2e.jdt.JarLifecycleMapping lifecycle mapping for MavenProject: hibernate_jpa:hibernate_jpa:0.0.1-SNAPSHOT @ D:\programming\JdbcJava\hibernate_cascade_MTO\pom.xml.
2024-04-05 06:43:55,622 [Worker-4: Building] WARN  o.e.m.c.i.embedder.EclipseLogger - Using platform encoding (Cp1252 actually) to copy filtered resources, i.e. build is platform dependent!
2024-04-05 06:43:55,623 [Worker-4: Building] INFO  o.e.m.c.i.embedder.EclipseLogger - Copying 1 resource
2024-04-05 06:43:55,633 [Worker-4: Building] WARN  o.e.m.c.i.embedder.EclipseLogger - Using platform encoding (Cp1252 actually) to copy filtered resources, i.e. build is platform dependent!
2024-04-05 06:43:55,634 [Worker-4: Building] INFO  o.e.m.c.i.embedder.EclipseLogger - Copying 0 resource
2024-04-05 06:43:55,775 [Worker-5: Building] WARN  o.e.m.c.i.embedder.EclipseLogger - Using platform encoding (Cp1252 actually) to copy filtered resources, i.e. build is platform dependent!
2024-04-05 06:43:55,777 [Worker-5: Building] INFO  o.e.m.c.i.embedder.EclipseLogger - Copying 0 resource
2024-04-05 06:43:55,780 [Worker-5: Building] WARN  o.e.m.c.i.embedder.EclipseLogger - Using platform encoding (Cp1252 actually) to copy filtered resources, i.e. build is platform dependent!
2024-04-05 06:43:55,781 [Worker-5: Building] INFO  o.e.m.c.i.embedder.EclipseLogger - Copying 0 resource
2024-04-05 06:43:55,909 [Worker-5: Building] INFO  o.e.m.c.i.l.LifecycleMappingFactory - Using org.eclipse.m2e.jdt.JarLifecycleMapping lifecycle mapping for MavenProject: hibernate_jpa:hibernate_jpa:0.0.1-SNAPSHOT @ D:\programming\JdbcJava\hibernate_fetch_MTM\pom.xml.
2024-04-05 06:43:56,069 [Worker-5: Building] WARN  o.e.m.c.i.embedder.EclipseLogger - Using platform encoding (Cp1252 actually) to copy filtered resources, i.e. build is platform dependent!
2024-04-05 06:43:56,071 [Worker-5: Building] INFO  o.e.m.c.i.embedder.EclipseLogger - Copying 1 resource
2024-04-05 06:43:56,076 [Worker-5: Building] WARN  o.e.m.c.i.embedder.EclipseLogger - Using platform encoding (Cp1252 actually) to copy filtered resources, i.e. build is platform dependent!
2024-04-05 06:43:56,077 [Worker-5: Building] INFO  o.e.m.c.i.embedder.EclipseLogger - Copying 0 resource
2024-04-05 06:43:56,206 [Worker-4: Building] WARN  o.e.m.c.i.embedder.EclipseLogger - Using platform encoding (Cp1252 actually) to copy filtered resources, i.e. build is platform dependent!
2024-04-05 06:43:56,209 [Worker-4: Building] INFO  o.e.m.c.i.embedder.EclipseLogger - Copying 1 resource
2024-04-05 06:43:56,211 [Worker-4: Building] WARN  o.e.m.c.i.embedder.EclipseLogger - Using platform encoding (Cp1252 actually) to copy filtered resources, i.e. build is platform dependent!
2024-04-05 06:43:56,211 [Worker-4: Building] INFO  o.e.m.c.i.embedder.EclipseLogger - Copying 0 resource
2024-04-05 06:43:56,330 [Worker-4: Building] INFO  o.e.m.c.i.l.LifecycleMappingFactory - Using org.eclipse.m2e.jdt.JarLifecycleMapping lifecycle mapping for MavenProject: hibernate_jpa:hibernate_jpa:0.0.1-SNAPSHOT @ D:\programming\JdbcJava\hibernate_jpa\pom.xml.
2024-04-05 06:43:56,503 [Worker-4: Building] WARN  o.e.m.c.i.embedder.EclipseLogger - Using platform encoding (Cp1252 actually) to copy filtered resources, i.e. build is platform dependent!
2024-04-05 06:43:56,504 [Worker-4: Building] INFO  o.e.m.c.i.embedder.EclipseLogger - Copying 1 resource
2024-04-05 06:43:56,508 [Worker-4: Building] WARN  o.e.m.c.i.embedder.EclipseLogger - Using platform encoding (Cp1252 actually) to copy filtered resources, i.e. build is platform dependent!
2024-04-05 06:43:56,510 [Worker-4: Building] INFO  o.e.m.c.i.embedder.EclipseLogger - Copying 0 resource
2024-04-05 06:43:56,728 [Worker-5: Building] WARN  o.e.m.c.i.embedder.EclipseLogger - Using platform encoding (Cp1252 actually) to copy filtered resources, i.e. build is platform dependent!
2024-04-05 06:43:56,729 [Worker-5: Building] INFO  o.e.m.c.i.embedder.EclipseLogger - Copying 0 resource
2024-04-05 06:43:56,731 [Worker-5: Building] WARN  o.e.m.c.i.embedder.EclipseLogger - Using platform encoding (Cp1252 actually) to copy filtered resources, i.e. build is platform dependent!
2024-04-05 06:43:56,732 [Worker-5: Building] INFO  o.e.m.c.i.embedder.EclipseLogger - Copying 0 resource
2024-04-05 06:43:56,746 [Worker-5: Building] WARN  o.e.m.c.i.embedder.EclipseLogger - Using platform encoding (Cp1252 actually) to copy filtered resources, i.e. build is platform dependent!
2024-04-05 06:43:56,748 [Worker-5: Building] INFO  o.e.m.c.i.embedder.EclipseLogger - Copying 0 resource
2024-04-05 06:43:56,750 [Worker-5: Building] WARN  o.e.m.c.i.embedder.EclipseLogger - Using platform encoding (Cp1252 actually) to copy filtered resources, i.e. build is platform dependent!
2024-04-05 06:43:56,751 [Worker-5: Building] INFO  o.e.m.c.i.embedder.EclipseLogger - Copying 0 resource
2024-04-05 06:43:56,897 [Worker-5: Building] INFO  o.e.m.c.i.l.LifecycleMappingFactory - Using org.eclipse.m2e.jdt.JarLifecycleMapping lifecycle mapping for MavenProject: hibernate_jpa:hibernate_jpa:0.0.1-SNAPSHOT @ D:\programming\JdbcJava\hibernate_relative\pom.xml.
2024-04-05 06:43:57,055 [Worker-5: Building] WARN  o.e.m.c.i.embedder.EclipseLogger - Using platform encoding (Cp1252 actually) to copy filtered resources, i.e. build is platform dependent!
2024-04-05 06:43:57,056 [Worker-5: Building] INFO  o.e.m.c.i.embedder.EclipseLogger - Copying 1 resource
2024-04-05 06:43:57,061 [Worker-5: Building] WARN  o.e.m.c.i.embedder.EclipseLogger - Using platform encoding (Cp1252 actually) to copy filtered resources, i.e. build is platform dependent!
2024-04-05 06:43:57,063 [Worker-5: Building] INFO  o.e.m.c.i.embedder.EclipseLogger - Copying 0 resource
2024-04-05 06:43:57,210 [Worker-5: Building] INFO  o.e.m.c.i.l.LifecycleMappingFactory - Using org.eclipse.m2e.jdt.JarLifecycleMapping lifecycle mapping for MavenProject: hibernate_jpa:hibernate_jpa:0.0.1-SNAPSHOT @ D:\programming\JdbcJava\hibernate_update\pom.xml.
2024-04-05 06:43:57,405 [Worker-5: Building] WARN  o.e.m.c.i.embedder.EclipseLogger - Using platform encoding (Cp1252 actually) to copy filtered resources, i.e. build is platform dependent!
2024-04-05 06:43:57,406 [Worker-5: Building] INFO  o.e.m.c.i.embedder.EclipseLogger - Copying 1 resource
2024-04-05 06:43:57,410 [Worker-5: Building] WARN  o.e.m.c.i.embedder.EclipseLogger - Using platform encoding (Cp1252 actually) to copy filtered resources, i.e. build is platform dependent!
2024-04-05 06:43:57,412 [Worker-5: Building] INFO  o.e.m.c.i.embedder.EclipseLogger - Copying 0 resource
2024-04-05 06:43:57,558 [Worker-18: Building] WARN  o.e.m.c.i.embedder.EclipseLogger - Using platform encoding (Cp1252 actually) to copy filtered resources, i.e. build is platform dependent!
2024-04-05 06:43:57,559 [Worker-18: Building] INFO  o.e.m.c.i.embedder.EclipseLogger - Copying 0 resource
2024-04-05 06:43:57,561 [Worker-18: Building] WARN  o.e.m.c.i.embedder.EclipseLogger - Using platform encoding (Cp1252 actually) to copy filtered resources, i.e. build is platform dependent!
2024-04-05 06:43:57,561 [Worker-18: Building] INFO  o.e.m.c.i.embedder.EclipseLogger - Copying 0 resource
2024-04-05 06:43:57,572 [Worker-18: Building] WARN  o.e.m.c.i.embedder.EclipseLogger - Using platform encoding (Cp1252 actually) to copy filtered resources, i.e. build is platform dependent!
2024-04-05 06:43:57,573 [Worker-18: Building] INFO  o.e.m.c.i.embedder.EclipseLogger - Copying 0 resource
2024-04-05 06:43:57,574 [Worker-18: Building] WARN  o.e.m.c.i.embedder.EclipseLogger - Using platform encoding (Cp1252 actually) to copy filtered resources, i.e. build is platform dependent!
2024-04-05 06:43:57,575 [Worker-18: Building] INFO  o.e.m.c.i.embedder.EclipseLogger - Copying 0 resource
2024-04-05 06:43:57,708 [Worker-18: Building] INFO  o.e.m.c.i.l.LifecycleMappingFactory - Using org.eclipse.m2e.jdt.JarLifecycleMapping lifecycle mapping for MavenProject: person_hibernate:person_hibernate:0.0.1-SNAPSHOT @ D:\programming\JdbcJava\person_hibernate\pom.xml.
2024-04-05 06:43:57,774 [Worker-18: Building] WARN  o.e.m.c.i.embedder.EclipseLogger - Using platform encoding (Cp1252 actually) to copy filtered resources, i.e. build is platform dependent!
2024-04-05 06:43:57,775 [Worker-18: Building] INFO  o.e.m.c.i.embedder.EclipseLogger - Copying 0 resource
2024-04-05 06:43:57,778 [Worker-18: Building] WARN  o.e.m.c.i.embedder.EclipseLogger - Using platform encoding (Cp1252 actually) to copy filtered resources, i.e. build is platform dependent!
2024-04-05 06:43:57,780 [Worker-18: Building] INFO  o.e.m.c.i.embedder.EclipseLogger - Copying 0 resource
2024-04-05 06:43:57,879 [Worker-18: Building] INFO  o.e.m.c.i.l.LifecycleMappingFactory - Using org.eclipse.m2e.jdt.JarLifecycleMapping lifecycle mapping for MavenProject: hibernate_jpa:hibernate_jpa:0.0.1-SNAPSHOT @ D:\programming\JdbcJava\second_levelCache\pom.xml.
2024-04-05 06:43:58,121 [Worker-18: Building] WARN  o.e.m.c.i.embedder.EclipseLogger - Using platform encoding (Cp1252 actually) to copy filtered resources, i.e. build is platform dependent!
2024-04-05 06:43:58,122 [Worker-18: Building] INFO  o.e.m.c.i.embedder.EclipseLogger - Copying 1 resource
2024-04-05 06:43:58,139 [Worker-18: Building] WARN  o.e.m.c.i.embedder.EclipseLogger - Using platform encoding (Cp1252 actually) to copy filtered resources, i.e. build is platform dependent!
2024-04-05 06:43:58,141 [Worker-18: Building] INFO  o.e.m.c.i.embedder.EclipseLogger - Copying 0 resource
2024-04-05 06:43:58,448 [Worker-18: Building] INFO  o.e.m.c.i.l.LifecycleMappingFactory - Using org.eclipse.m2e.jdt.JarLifecycleMapping lifecycle mapping for MavenProject: spring-first:spring-first:0.0.1-SNAPSHOT @ D:\programming\JdbcJava\spring-annotations\pom.xml.
2024-04-05 06:43:58,652 [Worker-18: Building] WARN  o.e.m.c.i.embedder.EclipseLogger - Using platform encoding (Cp1252 actually) to copy filtered resources, i.e. build is platform dependent!
2024-04-05 06:43:58,653 [Worker-18: Building] INFO  o.e.m.c.i.embedder.EclipseLogger - Copying 0 resource
2024-04-05 06:43:58,656 [Worker-18: Building] WARN  o.e.m.c.i.embedder.EclipseLogger - Using platform encoding (Cp1252 actually) to copy filtered resources, i.e. build is platform dependent!
2024-04-05 06:43:58,657 [Worker-18: Building] INFO  o.e.m.c.i.embedder.EclipseLogger - Copying 0 resource
2024-04-05 06:43:58,809 [Worker-19: Building] WARN  o.e.m.c.i.embedder.EclipseLogger - Using platform encoding (Cp1252 actually) to copy filtered resources, i.e. build is platform dependent!
2024-04-05 06:43:58,810 [Worker-19: Building] INFO  o.e.m.c.i.embedder.EclipseLogger - Copying 0 resource
2024-04-05 06:43:58,812 [Worker-19: Building] WARN  o.e.m.c.i.embedder.EclipseLogger - Using platform encoding (Cp1252 actually) to copy filtered resources, i.e. build is platform dependent!
2024-04-05 06:43:58,813 [Worker-19: Building] INFO  o.e.m.c.i.embedder.EclipseLogger - Copying 0 resource
2024-04-05 06:44:01,356 [Worker-19: Building] INFO  o.e.m.c.i.l.LifecycleMappingFactory - Using org.eclipse.m2e.jdt.JarLifecycleMapping lifecycle mapping for MavenProject: com.example:spring-demo1:0.0.1-SNAPSHOT @ C:\Users\pavan\Downloads\spring-demo1\spring-demo1\pom.xml.
2024-04-05 06:44:04,975 [Worker-19: Building] INFO  o.a.m.s.f.DefaultMavenResourcesFiltering - Copying 1 resource
2024-04-05 06:44:04,988 [Worker-19: Building] INFO  o.a.m.s.f.DefaultMavenResourcesFiltering - Copying 0 resource
2024-04-05 06:44:04,990 [Worker-19: Building] INFO  o.a.m.s.f.DefaultMavenResourcesFiltering - skip non existing resourceDirectory C:\Users\pavan\Downloads\spring-demo1\spring-demo1\src\test\resources
2024-04-05 06:44:05,011 [Worker-0: Updating Maven Project] INFO  o.e.m.c.i.p.ProjectConfigurationManager - Update started
2024-04-05 06:44:05,209 [Worker-0: Updating Maven Project] INFO  o.e.m.c.i.l.LifecycleMappingFactory - Using org.eclipse.m2e.jdt.JarLifecycleMapping lifecycle mapping for MavenProject: com.example:spring-demo1:0.0.1-SNAPSHOT @ C:\Users\pavan\Downloads\spring-demo1\spring-demo1\pom.xml.
2024-04-05 06:44:05,758 [Worker-0: Updating Maven Project] INFO  o.e.m.j.i.AbstractJavaProjectConfigurator - Adding source folder /spring-demo1/src/main/java
2024-04-05 06:44:05,759 [Worker-0: Updating Maven Project] INFO  o.e.m.j.i.AbstractJavaProjectConfigurator - Adding resource folder /spring-demo1/src/main/resources
2024-04-05 06:44:05,759 [Worker-0: Updating Maven Project] INFO  o.e.m.j.i.AbstractJavaProjectConfigurator - Adding resource folder /spring-demo1/src/main/resources
2024-04-05 06:44:05,760 [Worker-0: Updating Maven Project] INFO  o.e.m.j.i.AbstractJavaProjectConfigurator - Adding source folder /spring-demo1/src/test/java
2024-04-05 06:44:07,346 [Worker-12: Updating Maven Dependencies] INFO  o.e.m.c.i.l.LifecycleMappingFactory - Using org.eclipse.m2e.jdt.JarLifecycleMapping lifecycle mapping for MavenProject: hibernate_jpa:hibernate_jpa:0.0.1-SNAPSHOT @ D:\programming\JdbcJava\hibernate_jpa\pom.xml.
2024-04-05 06:44:07,443 [Worker-12: Updating Maven Dependencies] INFO  o.e.m.c.i.l.LifecycleMappingFactory - Using org.eclipse.m2e.jdt.JarLifecycleMapping lifecycle mapping for MavenProject: ApiTesting_p1:ApiTesting_p1:0.0.1-SNAPSHOT @ D:\programming\JdbcJava\ApiTesting_p1\pom.xml.
2024-04-05 06:44:07,619 [Worker-12: Updating Maven Dependencies] INFO  o.e.m.c.i.l.LifecycleMappingFactory - Using org.eclipse.m2e.jdt.JarLifecycleMapping lifecycle mapping for MavenProject: hibernate_jpa:hibernate_jpa:0.0.1-SNAPSHOT @ D:\programming\JdbcJava\hibernate_update\pom.xml.
2024-04-05 06:44:07,700 [Worker-12: Updating Maven Dependencies] INFO  o.e.m.c.i.l.LifecycleMappingFactory - Using org.eclipse.m2e.jdt.JarLifecycleMapping lifecycle mapping for MavenProject: com.example:spring-demo1:0.0.1-SNAPSHOT @ C:\Users\pavan\Downloads\spring-demo1\spring-demo1\pom.xml.
2024-04-05 06:44:07,956 [Worker-12: Updating Maven Dependencies] INFO  o.e.m.c.i.l.LifecycleMappingFactory - Using org.eclipse.m2e.jdt.JarLifecycleMapping lifecycle mapping for MavenProject: hibernate_jpa:hibernate_jpa:0.0.1-SNAPSHOT @ D:\programming\JdbcJava\hibernate_fetch_MTM\pom.xml.
2024-04-05 06:44:08,022 [Worker-12: Updating Maven Dependencies] INFO  o.e.m.c.i.l.LifecycleMappingFactory - Using org.eclipse.m2e.jdt.JarLifecycleMapping lifecycle mapping for MavenProject: spring-first:spring-first:0.0.1-SNAPSHOT @ D:\programming\JdbcJava\spring-annotations\pom.xml.
2024-04-05 06:44:08,071 [Worker-12: Updating Maven Dependencies] INFO  o.e.m.c.i.l.LifecycleMappingFactory - Using org.eclipse.m2e.jdt.JarLifecycleMapping lifecycle mapping for MavenProject: hibernate_jpa:hibernate_jpa:0.0.1-SNAPSHOT @ D:\programming\JdbcJava\hibernate_cascade_MTO\pom.xml.
2024-04-05 06:44:08,109 [Worker-12: Updating Maven Dependencies] INFO  o.e.m.c.i.l.LifecycleMappingFactory - Using org.eclipse.m2e.jdt.JarLifecycleMapping lifecycle mapping for MavenProject: hibernate_jpa:hibernate_jpa:0.0.1-SNAPSHOT @ D:\programming\JdbcJava\hibernate_MTM\pom.xml.
2024-04-05 06:44:08,150 [Worker-12: Updating Maven Dependencies] INFO  o.e.m.c.i.l.LifecycleMappingFactory - Using org.eclipse.m2e.jdt.JarLifecycleMapping lifecycle mapping for MavenProject: hibernate_jpa:hibernate_jpa:0.0.1-SNAPSHOT @ D:\programming\JdbcJava\second_levelCache\pom.xml.
2024-04-05 06:44:08,201 [Worker-12: Updating Maven Dependencies] INFO  o.e.m.c.i.l.LifecycleMappingFactory - Using org.eclipse.m2e.jdt.JarLifecycleMapping lifecycle mapping for MavenProject: spring-first:spring-first:0.0.1-SNAPSHOT @ D:\programming\JdbcJava\spring-first\pom.xml.
2024-04-05 06:44:08,247 [Worker-12: Updating Maven Dependencies] INFO  o.e.m.c.i.l.LifecycleMappingFactory - Using org.eclipse.m2e.jdt.JarLifecycleMapping lifecycle mapping for MavenProject: hibernate_jpa:hibernate_jpa:0.0.1-SNAPSHOT @ D:\programming\JdbcJava\hibernate_relative\pom.xml.
2024-04-05 06:44:08,301 [Worker-12: Updating Maven Dependencies] INFO  o.e.m.c.i.l.LifecycleMappingFactory - Using org.eclipse.m2e.jdt.JarLifecycleMapping lifecycle mapping for MavenProject: hibernate_jpa:hibernate_jpa:0.0.1-SNAPSHOT @ D:\programming\JdbcJava\hibernate_OTM\pom.xml.
2024-04-05 06:44:08,348 [Worker-12: Updating Maven Dependencies] INFO  o.e.m.c.i.l.LifecycleMappingFactory - Using org.eclipse.m2e.jdt.JarLifecycleMapping lifecycle mapping for MavenProject: hibernate_jpa:hibernate_jpa:0.0.1-SNAPSHOT @ D:\programming\JdbcJava\hibernate-composite\pom.xml.
2024-04-05 06:44:08,421 [Worker-12: Updating Maven Dependencies] INFO  o.e.m.c.i.l.LifecycleMappingFactory - Using org.eclipse.m2e.jdt.JarLifecycleMapping lifecycle mapping for MavenProject: com.example:spring-learn:0.0.1-SNAPSHOT @ D:\programming\JdbcJava\spring-learn\pom.xml.
2024-04-05 06:44:08,485 [Worker-12: Updating Maven Dependencies] INFO  o.e.m.c.i.l.LifecycleMappingFactory - Using org.eclipse.m2e.jdt.JarLifecycleMapping lifecycle mapping for MavenProject: person_hibernate:person_hibernate:0.0.1-SNAPSHOT @ D:\programming\JdbcJava\person_hibernate\pom.xml.
2024-04-05 06:44:08,530 [Worker-12: Updating Maven Dependencies] INFO  o.e.m.c.i.l.LifecycleMappingFactory - Using org.eclipse.m2e.jdt.JarLifecycleMapping lifecycle mapping for MavenProject: org.hib:hibernate:0.0.1-SNAPSHOT @ D:\programming\JdbcJava\hibernate\pom.xml.
2024-04-05 06:44:08,575 [Worker-12: Updating Maven Dependencies] INFO  o.e.m.c.i.l.LifecycleMappingFactory - Using org.eclipse.m2e.jdt.JarLifecycleMapping lifecycle mapping for MavenProject: hibernate_jpa:hibernate_jpa:0.0.1-SNAPSHOT @ D:\programming\JdbcJava\hibernate_Bi_OTO\pom.xml.
2025-03-26 21:44:05,905 [Worker-6: Loading available Gradle versions] INFO  o.e.b.c.i.u.g.PublishedGradleVersions - Gradle version information cache is not available. Remote download required.
2025-03-26 21:44:10,296 [Worker-0: Building] INFO  o.e.m.c.i.l.LifecycleMappingFactory - Using org.eclipse.m2e.jdt.JarLifecycleMapping lifecycle mapping for MavenProject: ApiTesting_p1:ApiTesting_p1:0.0.1-SNAPSHOT @ D:\Programs\JavaLearning\JdbcJava\ApiTesting_p1\pom.xml.
2025-03-26 21:44:10,856 [Worker-0: Building] INFO  o.e.m.c.i.e.AbstractTransferListenerAdapter - Downloaded https://repo.maven.apache.org/maven2/io/rest-assured/rest-assured/5.2.0/rest-assured-5.2.0.pom
2025-03-26 21:44:11,008 [Worker-0: Building] INFO  o.e.m.c.i.e.AbstractTransferListenerAdapter - Downloaded https://repo.maven.apache.org/maven2/com/googlecode/json-simple/json-simple/1.1.1/json-simple-1.1.1.pom
2025-03-26 21:44:11,150 [Worker-0: Building] INFO  o.e.m.c.i.e.AbstractTransferListenerAdapter - Downloaded https://repo.maven.apache.org/maven2/org/apache/poi/poi/5.2.3/poi-5.2.3.pom
2025-03-26 21:44:11,293 [Worker-0: Building] INFO  o.e.m.c.i.e.AbstractTransferListenerAdapter - Downloaded https://repo.maven.apache.org/maven2/org/apache/poi/poi-ooxml/5.2.3/poi-ooxml-5.2.3.pom
2025-03-26 21:44:11,702 [Worker-9: Updating Maven Project] INFO  o.e.m.c.i.p.ProjectConfigurationManager - Update started
2025-03-26 21:44:11,920 [Worker-9: Updating Maven Project] INFO  o.e.m.c.i.l.LifecycleMappingFactory - Using org.eclipse.m2e.jdt.JarLifecycleMapping lifecycle mapping for MavenProject: ApiTesting_p1:ApiTesting_p1:0.0.1-SNAPSHOT @ D:\Programs\JavaLearning\JdbcJava\ApiTesting_p1\pom.xml.
2025-03-26 21:44:12,076 [Worker-9: Updating Maven Project] INFO  o.e.m.c.i.p.ProjectConfigurationManager - Update completed for 1 poms: local refresh takes 0.00 sec, refresh facades takes 0.00 sec, update config takes 0.00 sec 
2025-03-26 21:44:12,754 [Worker-12: Download sources and javadoc] INFO  o.e.m.c.i.e.AbstractTransferListenerAdapter - Downloaded https://repo.maven.apache.org/maven2/io/rest-assured/rest-assured/5.2.0/rest-assured-5.2.0-sources.jar
2025-03-26 21:44:12,760 [Worker-12: Download sources and javadoc] ERROR o.e.m.j.internal.DownloadSourcesJob - Could not download sources for io.rest-assured:rest-assured:5.2.0
org.eclipse.core.runtime.CoreException: Could not resolve artifact io.rest-assured:rest-assured:jar:sources:5.2.0
	at org.eclipse.m2e.core.internal.embedder.MavenImpl.lambda$7(MavenImpl.java:540)
	at org.eclipse.m2e.core.internal.embedder.MavenExecutionContext.executeBare(MavenExecutionContext.java:458)
	at org.eclipse.m2e.core.internal.embedder.MavenExecutionContext.execute(MavenExecutionContext.java:292)
	at org.eclipse.m2e.core.internal.embedder.MavenExecutionContext.execute(MavenExecutionContext.java:278)
	at org.eclipse.m2e.core.internal.embedder.MavenImpl.resolve(MavenImpl.java:509)
	at org.eclipse.m2e.core.internal.embedder.MavenImpl.resolve(MavenImpl.java:494)
	at org.eclipse.m2e.jdt.internal.DownloadSourcesJob.download(DownloadSourcesJob.java:308)
	at org.eclipse.m2e.jdt.internal.DownloadSourcesJob.downloadAttachments(DownloadSourcesJob.java:282)
	at org.eclipse.m2e.jdt.internal.DownloadSourcesJob.downloadMaven(DownloadSourcesJob.java:252)
	at org.eclipse.m2e.jdt.internal.DownloadSourcesJob.downloadFilesAndPopulateToUpdate(DownloadSourcesJob.java:220)
	at org.eclipse.m2e.jdt.internal.DownloadSourcesJob.lambda$0(DownloadSourcesJob.java:149)
	at org.eclipse.m2e.core.internal.embedder.MavenExecutionContext.executeBare(MavenExecutionContext.java:458)
	at org.eclipse.m2e.core.internal.embedder.MavenExecutionContext.execute(MavenExecutionContext.java:339)
	at org.eclipse.m2e.core.internal.embedder.MavenExecutionContext.execute(MavenExecutionContext.java:278)
	at org.eclipse.m2e.core.embedder.IMaven.execute(IMaven.java:300)
	at org.eclipse.m2e.jdt.internal.DownloadSourcesJob.run(DownloadSourcesJob.java:149)
	at org.eclipse.core.internal.jobs.Worker.run(Worker.java:63)
2025-03-26 21:44:12,965 [Worker-12: Download sources and javadoc] INFO  o.e.m.c.i.e.AbstractTransferListenerAdapter - Downloaded https://repo.maven.apache.org/maven2/com/googlecode/json-simple/json-simple/1.1.1/json-simple-1.1.1-sources.jar
2025-03-26 21:44:12,970 [Worker-12: Download sources and javadoc] ERROR o.e.m.j.internal.DownloadSourcesJob - Could not download sources for com.googlecode.json-simple:json-simple:1.1.1
org.eclipse.core.runtime.CoreException: Could not resolve artifact com.googlecode.json-simple:json-simple:jar:sources:1.1.1
	at org.eclipse.m2e.core.internal.embedder.MavenImpl.lambda$7(MavenImpl.java:540)
	at org.eclipse.m2e.core.internal.embedder.MavenExecutionContext.executeBare(MavenExecutionContext.java:458)
	at org.eclipse.m2e.core.internal.embedder.MavenExecutionContext.execute(MavenExecutionContext.java:292)
	at org.eclipse.m2e.core.internal.embedder.MavenExecutionContext.execute(MavenExecutionContext.java:278)
	at org.eclipse.m2e.core.internal.embedder.MavenImpl.resolve(MavenImpl.java:509)
	at org.eclipse.m2e.core.internal.embedder.MavenImpl.resolve(MavenImpl.java:494)
	at org.eclipse.m2e.jdt.internal.DownloadSourcesJob.download(DownloadSourcesJob.java:308)
	at org.eclipse.m2e.jdt.internal.DownloadSourcesJob.downloadAttachments(DownloadSourcesJob.java:282)
	at org.eclipse.m2e.jdt.internal.DownloadSourcesJob.downloadMaven(DownloadSourcesJob.java:252)
	at org.eclipse.m2e.jdt.internal.DownloadSourcesJob.downloadFilesAndPopulateToUpdate(DownloadSourcesJob.java:220)
	at org.eclipse.m2e.jdt.internal.DownloadSourcesJob.lambda$0(DownloadSourcesJob.java:149)
	at org.eclipse.m2e.core.internal.embedder.MavenExecutionContext.executeBare(MavenExecutionContext.java:458)
	at org.eclipse.m2e.core.internal.embedder.MavenExecutionContext.execute(MavenExecutionContext.java:339)
	at org.eclipse.m2e.core.internal.embedder.MavenExecutionContext.execute(MavenExecutionContext.java:278)
	at org.eclipse.m2e.core.embedder.IMaven.execute(IMaven.java:300)
	at org.eclipse.m2e.jdt.internal.DownloadSourcesJob.run(DownloadSourcesJob.java:149)
	at org.eclipse.core.internal.jobs.Worker.run(Worker.java:63)
2025-03-26 21:44:13,132 [Worker-14: Building] INFO  o.e.m.c.i.l.LifecycleMappingFactory - Using org.eclipse.m2e.jdt.JarLifecycleMapping lifecycle mapping for MavenProject: org.hib:hibernate:0.0.1-SNAPSHOT @ D:\Programs\JavaLearning\JdbcJava\hibernate\pom.xml.
2025-03-26 21:44:13,153 [Worker-12: Download sources and javadoc] INFO  o.e.m.c.i.e.AbstractTransferListenerAdapter - Downloaded https://repo.maven.apache.org/maven2/org/apache/poi/poi/5.2.3/poi-5.2.3-sources.jar
2025-03-26 21:44:13,157 [Worker-12: Download sources and javadoc] ERROR o.e.m.j.internal.DownloadSourcesJob - Could not download sources for org.apache.poi:poi:5.2.3
org.eclipse.core.runtime.CoreException: Could not resolve artifact org.apache.poi:poi:jar:sources:5.2.3
	at org.eclipse.m2e.core.internal.embedder.MavenImpl.lambda$7(MavenImpl.java:540)
	at org.eclipse.m2e.core.internal.embedder.MavenExecutionContext.executeBare(MavenExecutionContext.java:458)
	at org.eclipse.m2e.core.internal.embedder.MavenExecutionContext.execute(MavenExecutionContext.java:292)
	at org.eclipse.m2e.core.internal.embedder.MavenExecutionContext.execute(MavenExecutionContext.java:278)
	at org.eclipse.m2e.core.internal.embedder.MavenImpl.resolve(MavenImpl.java:509)
	at org.eclipse.m2e.core.internal.embedder.MavenImpl.resolve(MavenImpl.java:494)
	at org.eclipse.m2e.jdt.internal.DownloadSourcesJob.download(DownloadSourcesJob.java:308)
	at org.eclipse.m2e.jdt.internal.DownloadSourcesJob.downloadAttachments(DownloadSourcesJob.java:282)
	at org.eclipse.m2e.jdt.internal.DownloadSourcesJob.downloadMaven(DownloadSourcesJob.java:252)
	at org.eclipse.m2e.jdt.internal.DownloadSourcesJob.downloadFilesAndPopulateToUpdate(DownloadSourcesJob.java:220)
	at org.eclipse.m2e.jdt.internal.DownloadSourcesJob.lambda$0(DownloadSourcesJob.java:149)
	at org.eclipse.m2e.core.internal.embedder.MavenExecutionContext.executeBare(MavenExecutionContext.java:458)
	at org.eclipse.m2e.core.internal.embedder.MavenExecutionContext.execute(MavenExecutionContext.java:339)
	at org.eclipse.m2e.core.internal.embedder.MavenExecutionContext.execute(MavenExecutionContext.java:278)
	at org.eclipse.m2e.core.embedder.IMaven.execute(IMaven.java:300)
	at org.eclipse.m2e.jdt.internal.DownloadSourcesJob.run(DownloadSourcesJob.java:149)
	at org.eclipse.core.internal.jobs.Worker.run(Worker.java:63)
2025-03-26 21:44:13,309 [Worker-12: Download sources and javadoc] INFO  o.e.m.c.i.e.AbstractTransferListenerAdapter - Downloaded https://repo.maven.apache.org/maven2/org/apache/poi/poi-ooxml/5.2.3/poi-ooxml-5.2.3-sources.jar
2025-03-26 21:44:13,314 [Worker-12: Download sources and javadoc] ERROR o.e.m.j.internal.DownloadSourcesJob - Could not download sources for org.apache.poi:poi-ooxml:5.2.3
org.eclipse.core.runtime.CoreException: Could not resolve artifact org.apache.poi:poi-ooxml:jar:sources:5.2.3
	at org.eclipse.m2e.core.internal.embedder.MavenImpl.lambda$7(MavenImpl.java:540)
	at org.eclipse.m2e.core.internal.embedder.MavenExecutionContext.executeBare(MavenExecutionContext.java:458)
	at org.eclipse.m2e.core.internal.embedder.MavenExecutionContext.execute(MavenExecutionContext.java:292)
	at org.eclipse.m2e.core.internal.embedder.MavenExecutionContext.execute(MavenExecutionContext.java:278)
	at org.eclipse.m2e.core.internal.embedder.MavenImpl.resolve(MavenImpl.java:509)
	at org.eclipse.m2e.core.internal.embedder.MavenImpl.resolve(MavenImpl.java:494)
	at org.eclipse.m2e.jdt.internal.DownloadSourcesJob.download(DownloadSourcesJob.java:308)
	at org.eclipse.m2e.jdt.internal.DownloadSourcesJob.downloadAttachments(DownloadSourcesJob.java:282)
	at org.eclipse.m2e.jdt.internal.DownloadSourcesJob.downloadMaven(DownloadSourcesJob.java:252)
	at org.eclipse.m2e.jdt.internal.DownloadSourcesJob.downloadFilesAndPopulateToUpdate(DownloadSourcesJob.java:220)
	at org.eclipse.m2e.jdt.internal.DownloadSourcesJob.lambda$0(DownloadSourcesJob.java:149)
	at org.eclipse.m2e.core.internal.embedder.MavenExecutionContext.executeBare(MavenExecutionContext.java:458)
	at org.eclipse.m2e.core.internal.embedder.MavenExecutionContext.execute(MavenExecutionContext.java:339)
	at org.eclipse.m2e.core.internal.embedder.MavenExecutionContext.execute(MavenExecutionContext.java:278)
	at org.eclipse.m2e.core.embedder.IMaven.execute(IMaven.java:300)
	at org.eclipse.m2e.jdt.internal.DownloadSourcesJob.run(DownloadSourcesJob.java:149)
	at org.eclipse.core.internal.jobs.Worker.run(Worker.java:63)
2025-03-26 21:44:13,337 [Worker-14: Building] INFO  o.e.m.c.i.e.AbstractTransferListenerAdapter - Downloaded https://repo.maven.apache.org/maven2/mysql/mysql-connector-java/8.0.28/mysql-connector-java-8.0.28.pom
2025-03-26 21:44:13,486 [Worker-14: Building] INFO  o.e.m.c.i.e.AbstractTransferListenerAdapter - Downloaded https://repo.maven.apache.org/maven2/org/hibernate/hibernate-core/5.6.5.Final/hibernate-core-5.6.5.Final.pom
2025-03-26 21:44:14,439 [Worker-13: Updating Maven Project] INFO  o.e.m.c.i.p.ProjectConfigurationManager - Update started
2025-03-26 21:44:14,727 [Worker-13: Updating Maven Project] INFO  o.e.m.c.i.l.LifecycleMappingFactory - Using org.eclipse.m2e.jdt.JarLifecycleMapping lifecycle mapping for MavenProject: org.hib:hibernate:0.0.1-SNAPSHOT @ D:\Programs\JavaLearning\JdbcJava\hibernate\pom.xml.
2025-03-26 21:44:14,831 [Worker-10: Download sources and javadoc] INFO  o.e.m.c.i.e.AbstractTransferListenerAdapter - Downloaded https://repo.maven.apache.org/maven2/mysql/mysql-connector-java/8.0.28/mysql-connector-java-8.0.28-sources.jar
2025-03-26 21:44:14,836 [Worker-10: Download sources and javadoc] ERROR o.e.m.j.internal.DownloadSourcesJob - Could not download sources for mysql:mysql-connector-java:8.0.28
org.eclipse.core.runtime.CoreException: Could not resolve artifact mysql:mysql-connector-java:jar:sources:8.0.28
	at org.eclipse.m2e.core.internal.embedder.MavenImpl.lambda$7(MavenImpl.java:540)
	at org.eclipse.m2e.core.internal.embedder.MavenExecutionContext.executeBare(MavenExecutionContext.java:458)
	at org.eclipse.m2e.core.internal.embedder.MavenExecutionContext.execute(MavenExecutionContext.java:292)
	at org.eclipse.m2e.core.internal.embedder.MavenExecutionContext.execute(MavenExecutionContext.java:278)
	at org.eclipse.m2e.core.internal.embedder.MavenImpl.resolve(MavenImpl.java:509)
	at org.eclipse.m2e.core.internal.embedder.MavenImpl.resolve(MavenImpl.java:494)
	at org.eclipse.m2e.jdt.internal.DownloadSourcesJob.download(DownloadSourcesJob.java:308)
	at org.eclipse.m2e.jdt.internal.DownloadSourcesJob.downloadAttachments(DownloadSourcesJob.java:282)
	at org.eclipse.m2e.jdt.internal.DownloadSourcesJob.downloadMaven(DownloadSourcesJob.java:252)
	at org.eclipse.m2e.jdt.internal.DownloadSourcesJob.downloadFilesAndPopulateToUpdate(DownloadSourcesJob.java:220)
	at org.eclipse.m2e.jdt.internal.DownloadSourcesJob.lambda$0(DownloadSourcesJob.java:149)
	at org.eclipse.m2e.core.internal.embedder.MavenExecutionContext.executeBare(MavenExecutionContext.java:458)
	at org.eclipse.m2e.core.internal.embedder.MavenExecutionContext.execute(MavenExecutionContext.java:339)
	at org.eclipse.m2e.core.internal.embedder.MavenExecutionContext.execute(MavenExecutionContext.java:278)
	at org.eclipse.m2e.core.embedder.IMaven.execute(IMaven.java:300)
	at org.eclipse.m2e.jdt.internal.DownloadSourcesJob.run(DownloadSourcesJob.java:149)
	at org.eclipse.core.internal.jobs.Worker.run(Worker.java:63)
2025-03-26 21:44:14,993 [Worker-13: Updating Maven Project] INFO  o.e.m.c.i.p.ProjectConfigurationManager - Update completed for 1 poms: local refresh takes 0.00 sec, refresh facades takes 0.00 sec, update config takes 0.00 sec 
2025-03-26 21:44:15,004 [Worker-10: Download sources and javadoc] INFO  o.e.m.c.i.e.AbstractTransferListenerAdapter - Downloaded https://repo.maven.apache.org/maven2/org/hibernate/hibernate-core/5.6.5.Final/hibernate-core-5.6.5.Final-sources.jar
2025-03-26 21:44:15,009 [Worker-10: Download sources and javadoc] ERROR o.e.m.j.internal.DownloadSourcesJob - Could not download sources for org.hibernate:hibernate-core:5.6.5.Final
org.eclipse.core.runtime.CoreException: Could not resolve artifact org.hibernate:hibernate-core:jar:sources:5.6.5.Final
	at org.eclipse.m2e.core.internal.embedder.MavenImpl.lambda$7(MavenImpl.java:540)
	at org.eclipse.m2e.core.internal.embedder.MavenExecutionContext.executeBare(MavenExecutionContext.java:458)
	at org.eclipse.m2e.core.internal.embedder.MavenExecutionContext.execute(MavenExecutionContext.java:292)
	at org.eclipse.m2e.core.internal.embedder.MavenExecutionContext.execute(MavenExecutionContext.java:278)
	at org.eclipse.m2e.core.internal.embedder.MavenImpl.resolve(MavenImpl.java:509)
	at org.eclipse.m2e.core.internal.embedder.MavenImpl.resolve(MavenImpl.java:494)
	at org.eclipse.m2e.jdt.internal.DownloadSourcesJob.download(DownloadSourcesJob.java:308)
	at org.eclipse.m2e.jdt.internal.DownloadSourcesJob.downloadAttachments(DownloadSourcesJob.java:282)
	at org.eclipse.m2e.jdt.internal.DownloadSourcesJob.downloadMaven(DownloadSourcesJob.java:252)
	at org.eclipse.m2e.jdt.internal.DownloadSourcesJob.downloadFilesAndPopulateToUpdate(DownloadSourcesJob.java:220)
	at org.eclipse.m2e.jdt.internal.DownloadSourcesJob.lambda$0(DownloadSourcesJob.java:149)
	at org.eclipse.m2e.core.internal.embedder.MavenExecutionContext.executeBare(MavenExecutionContext.java:458)
	at org.eclipse.m2e.core.internal.embedder.MavenExecutionContext.execute(MavenExecutionContext.java:339)
	at org.eclipse.m2e.core.internal.embedder.MavenExecutionContext.execute(MavenExecutionContext.java:278)
	at org.eclipse.m2e.core.embedder.IMaven.execute(IMaven.java:300)
	at org.eclipse.m2e.jdt.internal.DownloadSourcesJob.run(DownloadSourcesJob.java:149)
	at org.eclipse.core.internal.jobs.Worker.run(Worker.java:63)
2025-03-26 21:44:16,173 [Worker-7: Updating Maven Dependencies] INFO  o.e.m.c.i.l.LifecycleMappingFactory - Using org.eclipse.m2e.jdt.JarLifecycleMapping lifecycle mapping for MavenProject: hibernate_jpa:hibernate_jpa:0.0.1-SNAPSHOT @ D:\Programs\JavaLearning\JdbcJava\hibernate_jpa\pom.xml.
2025-03-26 21:44:17,409 [Worker-7: Updating Maven Dependencies] INFO  o.e.m.c.i.l.LifecycleMappingFactory - Using org.eclipse.m2e.jdt.JarLifecycleMapping lifecycle mapping for MavenProject: ApiTesting_p1:ApiTesting_p1:0.0.1-SNAPSHOT @ D:\Programs\JavaLearning\JdbcJava\ApiTesting_p1\pom.xml.
2025-03-26 21:44:17,594 [Worker-9: Building] INFO  o.e.m.c.i.l.LifecycleMappingFactory - Using org.eclipse.m2e.jdt.JarLifecycleMapping lifecycle mapping for MavenProject: hibernate_jpa:hibernate_jpa:0.0.1-SNAPSHOT @ D:\Programs\JavaLearning\JdbcJava\hibernate-composite\pom.xml.
2025-03-26 21:44:18,770 [Worker-9: Building] INFO  o.e.m.c.i.l.LifecycleMappingFactory - Using org.eclipse.m2e.jdt.JarLifecycleMapping lifecycle mapping for MavenProject: hibernate_jpa:hibernate_jpa:0.0.1-SNAPSHOT @ D:\Programs\JavaLearning\JdbcJava\hibernate_Bi_OTO\pom.xml.
2025-03-26 21:44:19,141 [Worker-18: Updating Maven Project] INFO  o.e.m.c.i.p.ProjectConfigurationManager - Update started
2025-03-26 21:44:19,455 [Worker-18: Updating Maven Project] INFO  o.e.m.c.i.l.LifecycleMappingFactory - Using org.eclipse.m2e.jdt.JarLifecycleMapping lifecycle mapping for MavenProject: hibernate_jpa:hibernate_jpa:0.0.1-SNAPSHOT @ D:\Programs\JavaLearning\JdbcJava\hibernate-composite\pom.xml.
2025-03-26 21:44:19,889 [Worker-18: Updating Maven Project] INFO  o.e.m.c.i.p.ProjectConfigurationManager - Update completed for 1 poms: local refresh takes 0.00 sec, refresh facades takes 0.00 sec, update config takes 0.00 sec 
2025-03-26 21:44:20,001 [Worker-6: Download sources and javadoc] INFO  o.e.m.c.i.e.AbstractTransferListenerAdapter - Downloaded https://repo.maven.apache.org/maven2/mysql/mysql-connector-java/8.0.28/mysql-connector-java-8.0.28-javadoc.jar
2025-03-26 21:44:20,011 [Worker-6: Download sources and javadoc] ERROR o.e.m.j.internal.DownloadSourcesJob - Could not download javadoc for mysql:mysql-connector-java:8.0.28
org.eclipse.core.runtime.CoreException: Could not resolve artifact mysql:mysql-connector-java:jar:javadoc:8.0.28
	at org.eclipse.m2e.core.internal.embedder.MavenImpl.lambda$7(MavenImpl.java:540)
	at org.eclipse.m2e.core.internal.embedder.MavenExecutionContext.executeBare(MavenExecutionContext.java:458)
	at org.eclipse.m2e.core.internal.embedder.MavenExecutionContext.execute(MavenExecutionContext.java:292)
	at org.eclipse.m2e.core.internal.embedder.MavenExecutionContext.execute(MavenExecutionContext.java:278)
	at org.eclipse.m2e.core.internal.embedder.MavenImpl.resolve(MavenImpl.java:509)
	at org.eclipse.m2e.core.internal.embedder.MavenImpl.resolve(MavenImpl.java:494)
	at org.eclipse.m2e.jdt.internal.DownloadSourcesJob.download(DownloadSourcesJob.java:308)
	at org.eclipse.m2e.jdt.internal.DownloadSourcesJob.downloadAttachments(DownloadSourcesJob.java:294)
	at org.eclipse.m2e.jdt.internal.DownloadSourcesJob.downloadMaven(DownloadSourcesJob.java:252)
	at org.eclipse.m2e.jdt.internal.DownloadSourcesJob.downloadFilesAndPopulateToUpdate(DownloadSourcesJob.java:220)
	at org.eclipse.m2e.jdt.internal.DownloadSourcesJob.lambda$0(DownloadSourcesJob.java:149)
	at org.eclipse.m2e.core.internal.embedder.MavenExecutionContext.executeBare(MavenExecutionContext.java:458)
	at org.eclipse.m2e.core.internal.embedder.MavenExecutionContext.execute(MavenExecutionContext.java:339)
	at org.eclipse.m2e.core.internal.embedder.MavenExecutionContext.execute(MavenExecutionContext.java:278)
	at org.eclipse.m2e.core.embedder.IMaven.execute(IMaven.java:300)
	at org.eclipse.m2e.jdt.internal.DownloadSourcesJob.run(DownloadSourcesJob.java:149)
	at org.eclipse.core.internal.jobs.Worker.run(Worker.java:63)
2025-03-26 21:44:20,163 [Worker-6: Download sources and javadoc] INFO  o.e.m.c.i.e.AbstractTransferListenerAdapter - Downloaded https://repo.maven.apache.org/maven2/org/hibernate/hibernate-core/5.6.5.Final/hibernate-core-5.6.5.Final-javadoc.jar
2025-03-26 21:44:20,168 [Worker-6: Download sources and javadoc] ERROR o.e.m.j.internal.DownloadSourcesJob - Could not download javadoc for org.hibernate:hibernate-core:5.6.5.Final
org.eclipse.core.runtime.CoreException: Could not resolve artifact org.hibernate:hibernate-core:jar:javadoc:5.6.5.Final
	at org.eclipse.m2e.core.internal.embedder.MavenImpl.lambda$7(MavenImpl.java:540)
	at org.eclipse.m2e.core.internal.embedder.MavenExecutionContext.executeBare(MavenExecutionContext.java:458)
	at org.eclipse.m2e.core.internal.embedder.MavenExecutionContext.execute(MavenExecutionContext.java:292)
	at org.eclipse.m2e.core.internal.embedder.MavenExecutionContext.execute(MavenExecutionContext.java:278)
	at org.eclipse.m2e.core.internal.embedder.MavenImpl.resolve(MavenImpl.java:509)
	at org.eclipse.m2e.core.internal.embedder.MavenImpl.resolve(MavenImpl.java:494)
	at org.eclipse.m2e.jdt.internal.DownloadSourcesJob.download(DownloadSourcesJob.java:308)
	at org.eclipse.m2e.jdt.internal.DownloadSourcesJob.downloadAttachments(DownloadSourcesJob.java:294)
	at org.eclipse.m2e.jdt.internal.DownloadSourcesJob.downloadMaven(DownloadSourcesJob.java:252)
	at org.eclipse.m2e.jdt.internal.DownloadSourcesJob.downloadFilesAndPopulateToUpdate(DownloadSourcesJob.java:220)
	at org.eclipse.m2e.jdt.internal.DownloadSourcesJob.lambda$0(DownloadSourcesJob.java:149)
	at org.eclipse.m2e.core.internal.embedder.MavenExecutionContext.executeBare(MavenExecutionContext.java:458)
	at org.eclipse.m2e.core.internal.embedder.MavenExecutionContext.execute(MavenExecutionContext.java:339)
	at org.eclipse.m2e.core.internal.embedder.MavenExecutionContext.execute(MavenExecutionContext.java:278)
	at org.eclipse.m2e.core.embedder.IMaven.execute(IMaven.java:300)
	at org.eclipse.m2e.jdt.internal.DownloadSourcesJob.run(DownloadSourcesJob.java:149)
	at org.eclipse.core.internal.jobs.Worker.run(Worker.java:63)
2025-03-26 21:44:20,584 [Worker-21: Updating Maven Project] INFO  o.e.m.c.i.p.ProjectConfigurationManager - Update started
2025-03-26 21:44:20,792 [Worker-21: Updating Maven Project] INFO  o.e.m.c.i.l.LifecycleMappingFactory - Using org.eclipse.m2e.jdt.JarLifecycleMapping lifecycle mapping for MavenProject: hibernate_jpa:hibernate_jpa:0.0.1-SNAPSHOT @ D:\Programs\JavaLearning\JdbcJava\hibernate_Bi_OTO\pom.xml.
2025-03-26 21:44:20,947 [Worker-21: Updating Maven Project] INFO  o.e.m.c.i.p.ProjectConfigurationManager - Update completed for 1 poms: local refresh takes 0.00 sec, refresh facades takes 0.00 sec, update config takes 0.00 sec 
2025-03-26 21:44:21,353 [Worker-19: Building] INFO  o.e.m.c.i.l.LifecycleMappingFactory - Using org.eclipse.m2e.jdt.JarLifecycleMapping lifecycle mapping for MavenProject: hibernate_jpa:hibernate_jpa:0.0.1-SNAPSHOT @ D:\Programs\JavaLearning\JdbcJava\hibernate_MTM\pom.xml.
2025-03-26 21:44:22,620 [Worker-5: Updating Maven Dependencies] INFO  o.e.m.c.i.l.LifecycleMappingFactory - Using org.eclipse.m2e.jdt.JarLifecycleMapping lifecycle mapping for MavenProject: hibernate_jpa:hibernate_jpa:0.0.1-SNAPSHOT @ D:\Programs\JavaLearning\JdbcJava\hibernate_jpa\pom.xml.
2025-03-26 21:44:22,826 [Worker-5: Updating Maven Dependencies] INFO  o.e.m.c.i.l.LifecycleMappingFactory - Using org.eclipse.m2e.jdt.JarLifecycleMapping lifecycle mapping for MavenProject: ApiTesting_p1:ApiTesting_p1:0.0.1-SNAPSHOT @ D:\Programs\JavaLearning\JdbcJava\ApiTesting_p1\pom.xml.
2025-03-26 21:44:22,991 [Worker-5: Updating Maven Dependencies] INFO  o.e.m.c.i.l.LifecycleMappingFactory - Using org.eclipse.m2e.jdt.JarLifecycleMapping lifecycle mapping for MavenProject: hibernate_jpa:hibernate_jpa:0.0.1-SNAPSHOT @ D:\Programs\JavaLearning\JdbcJava\hibernate_update\pom.xml.
2025-03-26 21:44:23,186 [Worker-5: Updating Maven Dependencies] INFO  o.e.m.c.i.e.AbstractTransferListenerAdapter - Downloaded https://repo.maven.apache.org/maven2/mysql/mysql-connector-java/8.0.28/mysql-connector-java-8.0.28.jar
2025-03-26 21:44:23,439 [Worker-15: Updating Maven Project] INFO  o.e.m.c.i.p.ProjectConfigurationManager - Update started
2025-03-26 21:44:23,717 [Worker-15: Updating Maven Project] INFO  o.e.m.c.i.l.LifecycleMappingFactory - Using org.eclipse.m2e.jdt.JarLifecycleMapping lifecycle mapping for MavenProject: hibernate_jpa:hibernate_jpa:0.0.1-SNAPSHOT @ D:\Programs\JavaLearning\JdbcJava\hibernate_MTM\pom.xml.
2025-03-26 21:44:24,293 [BasicRepositoryConnector-repo.maven.apache.org-0-0] INFO  o.e.m.c.i.e.AbstractTransferListenerAdapter - Downloaded https://repo.maven.apache.org/maven2/org/hibernate/hibernate-core/5.6.5.Final/hibernate-core-5.6.5.Final.jar
2025-03-26 21:44:24,430 [Worker-15: Updating Maven Project] INFO  o.e.m.c.i.p.ProjectConfigurationManager - Update completed for 1 poms: local refresh takes 0.00 sec, refresh facades takes 0.00 sec, update config takes 0.00 sec 
2025-03-26 21:44:25,348 [Worker-11: Building] INFO  o.e.m.c.i.l.LifecycleMappingFactory - Using org.eclipse.m2e.jdt.JarLifecycleMapping lifecycle mapping for MavenProject: hibernate_jpa:hibernate_jpa:0.0.1-SNAPSHOT @ D:\Programs\JavaLearning\JdbcJava\hibernate_OTM\pom.xml.
2025-03-26 21:44:25,822 [Worker-18: Building] INFO  o.e.m.c.i.l.LifecycleMappingFactory - Using org.eclipse.m2e.jdt.JarLifecycleMapping lifecycle mapping for MavenProject: hibernate_jpa:hibernate_jpa:0.0.1-SNAPSHOT @ D:\Programs\JavaLearning\JdbcJava\hibernate_cascade_MTO\pom.xml.
2025-03-26 21:44:26,178 [Worker-18: Building] INFO  o.e.m.c.i.l.LifecycleMappingFactory - Using org.eclipse.m2e.jdt.JarLifecycleMapping lifecycle mapping for MavenProject: hibernate_jpa:hibernate_jpa:0.0.1-SNAPSHOT @ D:\Programs\JavaLearning\JdbcJava\hibernate_fetch_MTM\pom.xml.
2025-03-26 21:44:26,412 [Worker-18: Building] INFO  o.e.m.c.i.l.LifecycleMappingFactory - Using org.eclipse.m2e.jdt.JarLifecycleMapping lifecycle mapping for MavenProject: hibernate_jpa:hibernate_jpa:0.0.1-SNAPSHOT @ D:\Programs\JavaLearning\JdbcJava\hibernate_jpa\pom.xml.
2025-03-26 21:44:26,643 [Worker-9: Updating Maven Project] INFO  o.e.m.c.i.p.ProjectConfigurationManager - Update started
2025-03-26 21:44:26,874 [Worker-9: Updating Maven Project] INFO  o.e.m.c.i.l.LifecycleMappingFactory - Using org.eclipse.m2e.jdt.JarLifecycleMapping lifecycle mapping for MavenProject: hibernate_jpa:hibernate_jpa:0.0.1-SNAPSHOT @ D:\Programs\JavaLearning\JdbcJava\hibernate_OTM\pom.xml.
2025-03-26 21:44:26,997 [Worker-9: Updating Maven Project] INFO  o.e.m.c.i.l.LifecycleMappingFactory - Using org.eclipse.m2e.jdt.JarLifecycleMapping lifecycle mapping for MavenProject: hibernate_jpa:hibernate_jpa:0.0.1-SNAPSHOT @ D:\Programs\JavaLearning\JdbcJava\hibernate_cascade_MTO\pom.xml.
2025-03-26 21:44:27,112 [Worker-9: Updating Maven Project] INFO  o.e.m.c.i.l.LifecycleMappingFactory - Using org.eclipse.m2e.jdt.JarLifecycleMapping lifecycle mapping for MavenProject: hibernate_jpa:hibernate_jpa:0.0.1-SNAPSHOT @ D:\Programs\JavaLearning\JdbcJava\hibernate_fetch_MTM\pom.xml.
2025-03-26 21:44:27,527 [Worker-9: Updating Maven Project] INFO  o.e.m.c.i.p.ProjectConfigurationManager - Update completed for 3 poms: local refresh takes 0.00 sec, refresh facades takes 0.00 sec, update config takes 0.00 sec 
2025-03-26 21:44:28,214 [Worker-10: Updating Maven Project] INFO  o.e.m.c.i.p.ProjectConfigurationManager - Update started
2025-03-26 21:44:28,383 [Worker-10: Updating Maven Project] INFO  o.e.m.c.i.l.LifecycleMappingFactory - Using org.eclipse.m2e.jdt.JarLifecycleMapping lifecycle mapping for MavenProject: hibernate_jpa:hibernate_jpa:0.0.1-SNAPSHOT @ D:\Programs\JavaLearning\JdbcJava\hibernate_jpa\pom.xml.
2025-03-26 21:44:28,763 [Worker-10: Updating Maven Project] INFO  o.e.m.c.i.p.ProjectConfigurationManager - Update completed for 1 poms: local refresh takes 0.00 sec, refresh facades takes 0.00 sec, update config takes 0.00 sec 
2025-03-26 21:44:30,588 [Worker-19: Updating Maven Dependencies] INFO  o.e.m.c.i.l.LifecycleMappingFactory - Using org.eclipse.m2e.jdt.JarLifecycleMapping lifecycle mapping for MavenProject: hibernate_jpa:hibernate_jpa:0.0.1-SNAPSHOT @ D:\Programs\JavaLearning\JdbcJava\hibernate_jpa\pom.xml.
2025-03-26 21:44:31,323 [Worker-19: Updating Maven Dependencies] INFO  o.e.m.c.i.l.LifecycleMappingFactory - Using org.eclipse.m2e.jdt.JarLifecycleMapping lifecycle mapping for MavenProject: ApiTesting_p1:ApiTesting_p1:0.0.1-SNAPSHOT @ D:\Programs\JavaLearning\JdbcJava\ApiTesting_p1\pom.xml.
2025-03-26 21:44:31,651 [Worker-19: Updating Maven Dependencies] INFO  o.e.m.c.i.l.LifecycleMappingFactory - Using org.eclipse.m2e.jdt.JarLifecycleMapping lifecycle mapping for MavenProject: hibernate_jpa:hibernate_jpa:0.0.1-SNAPSHOT @ D:\Programs\JavaLearning\JdbcJava\hibernate_update\pom.xml.
2025-03-26 21:44:31,852 [Worker-4: Building] INFO  o.e.m.c.i.l.LifecycleMappingFactory - Using org.eclipse.m2e.jdt.JarLifecycleMapping lifecycle mapping for MavenProject: hibernate_jpa:hibernate_jpa:0.0.1-SNAPSHOT @ D:\Programs\JavaLearning\JdbcJava\hibernate_relative\pom.xml.
2025-03-26 21:44:32,256 [Worker-22: Building] INFO  o.e.m.c.i.l.LifecycleMappingFactory - Using org.eclipse.m2e.jdt.JarLifecycleMapping lifecycle mapping for MavenProject: hibernate_jpa:hibernate_jpa:0.0.1-SNAPSHOT @ D:\Programs\JavaLearning\JdbcJava\hibernate_update\pom.xml.
2025-03-26 21:44:32,838 [Worker-2: Updating Maven Project] INFO  o.e.m.c.i.p.ProjectConfigurationManager - Update started
2025-03-26 21:44:33,022 [Worker-2: Updating Maven Project] INFO  o.e.m.c.i.l.LifecycleMappingFactory - Using org.eclipse.m2e.jdt.JarLifecycleMapping lifecycle mapping for MavenProject: hibernate_jpa:hibernate_jpa:0.0.1-SNAPSHOT @ D:\Programs\JavaLearning\JdbcJava\hibernate_relative\pom.xml.
2025-03-26 21:44:33,139 [Worker-2: Updating Maven Project] INFO  o.e.m.c.i.l.LifecycleMappingFactory - Using org.eclipse.m2e.jdt.JarLifecycleMapping lifecycle mapping for MavenProject: hibernate_jpa:hibernate_jpa:0.0.1-SNAPSHOT @ D:\Programs\JavaLearning\JdbcJava\hibernate_update\pom.xml.
2025-03-26 21:44:33,348 [Worker-2: Updating Maven Project] INFO  o.e.m.c.i.p.ProjectConfigurationManager - Update completed for 2 poms: local refresh takes 0.00 sec, refresh facades takes 0.00 sec, update config takes 0.00 sec 
2025-03-26 21:44:34,700 [Worker-20: Updating Maven Dependencies] INFO  o.e.m.c.i.l.LifecycleMappingFactory - Using org.eclipse.m2e.jdt.JarLifecycleMapping lifecycle mapping for MavenProject: hibernate_jpa:hibernate_jpa:0.0.1-SNAPSHOT @ D:\Programs\JavaLearning\JdbcJava\hibernate_jpa\pom.xml.
2025-03-26 21:44:34,864 [Worker-19: Building] INFO  o.e.m.c.i.l.LifecycleMappingFactory - Using org.eclipse.m2e.jdt.JarLifecycleMapping lifecycle mapping for MavenProject: person_hibernate:person_hibernate:0.0.1-SNAPSHOT @ D:\Programs\JavaLearning\JdbcJava\person_hibernate\pom.xml.
2025-03-26 21:44:35,152 [Worker-19: Building] INFO  o.e.m.c.i.l.LifecycleMappingFactory - Using org.eclipse.m2e.jdt.JarLifecycleMapping lifecycle mapping for MavenProject: hibernate_jpa:hibernate_jpa:0.0.1-SNAPSHOT @ D:\Programs\JavaLearning\JdbcJava\second_levelCache\pom.xml.
2025-03-26 21:44:35,370 [Worker-19: Building] INFO  o.e.m.c.i.e.AbstractTransferListenerAdapter - Downloaded https://repo.maven.apache.org/maven2/org/hibernate/hibernate-ehcache/5.6.5.Final/hibernate-ehcache-5.6.5.Final.pom
2025-03-26 21:44:35,735 [Worker-19: Building] INFO  o.e.m.c.i.l.LifecycleMappingFactory - Using org.eclipse.m2e.jdt.JarLifecycleMapping lifecycle mapping for MavenProject: spring-first:spring-first:0.0.1-SNAPSHOT @ D:\Programs\JavaLearning\JdbcJava\spring-annotations\pom.xml.
2025-03-26 21:44:35,963 [Worker-19: Building] INFO  o.e.m.c.i.e.AbstractTransferListenerAdapter - Downloaded https://repo.maven.apache.org/maven2/org/springframework/spring-context/5.3.18/spring-context-5.3.18.pom
2025-03-26 21:44:36,156 [Worker-9: Updating Maven Project] INFO  o.e.m.c.i.p.ProjectConfigurationManager - Update started
2025-03-26 21:44:36,254 [Worker-9: Updating Maven Project] INFO  o.e.m.c.i.l.LifecycleMappingFactory - Using org.eclipse.m2e.jdt.JarLifecycleMapping lifecycle mapping for MavenProject: person_hibernate:person_hibernate:0.0.1-SNAPSHOT @ D:\Programs\JavaLearning\JdbcJava\person_hibernate\pom.xml.
2025-03-26 21:44:36,327 [Worker-9: Updating Maven Project] INFO  o.e.m.c.i.l.LifecycleMappingFactory - Using org.eclipse.m2e.jdt.JarLifecycleMapping lifecycle mapping for MavenProject: hibernate_jpa:hibernate_jpa:0.0.1-SNAPSHOT @ D:\Programs\JavaLearning\JdbcJava\second_levelCache\pom.xml.
2025-03-26 21:44:36,461 [Worker-9: Updating Maven Project] INFO  o.e.m.c.i.p.ProjectConfigurationManager - Update completed for 2 poms: local refresh takes 0.00 sec, refresh facades takes 0.00 sec, update config takes 0.00 sec 
2025-03-26 21:44:36,509 [Worker-14: Updating Maven Project] INFO  o.e.m.c.i.p.ProjectConfigurationManager - Update started
2025-03-26 21:44:36,600 [Worker-14: Updating Maven Project] INFO  o.e.m.c.i.l.LifecycleMappingFactory - Using org.eclipse.m2e.jdt.JarLifecycleMapping lifecycle mapping for MavenProject: spring-first:spring-first:0.0.1-SNAPSHOT @ D:\Programs\JavaLearning\JdbcJava\spring-annotations\pom.xml.
2025-03-26 21:44:36,670 [Worker-14: Updating Maven Project] INFO  o.e.m.c.i.p.ProjectConfigurationManager - Update completed for 1 poms: local refresh takes 0.00 sec, refresh facades takes 0.00 sec, update config takes 0.00 sec 
2025-03-26 21:44:36,777 [Worker-21: Download sources and javadoc] INFO  o.e.m.c.i.e.AbstractTransferListenerAdapter - Downloaded https://repo.maven.apache.org/maven2/org/hibernate/hibernate-ehcache/5.6.5.Final/hibernate-ehcache-5.6.5.Final-sources.jar
2025-03-26 21:44:36,781 [Worker-21: Download sources and javadoc] ERROR o.e.m.j.internal.DownloadSourcesJob - Could not download sources for org.hibernate:hibernate-ehcache:5.6.5.Final
org.eclipse.core.runtime.CoreException: Could not resolve artifact org.hibernate:hibernate-ehcache:jar:sources:5.6.5.Final
	at org.eclipse.m2e.core.internal.embedder.MavenImpl.lambda$7(MavenImpl.java:540)
	at org.eclipse.m2e.core.internal.embedder.MavenExecutionContext.executeBare(MavenExecutionContext.java:458)
	at org.eclipse.m2e.core.internal.embedder.MavenExecutionContext.execute(MavenExecutionContext.java:292)
	at org.eclipse.m2e.core.internal.embedder.MavenExecutionContext.execute(MavenExecutionContext.java:278)
	at org.eclipse.m2e.core.internal.embedder.MavenImpl.resolve(MavenImpl.java:509)
	at org.eclipse.m2e.core.internal.embedder.MavenImpl.resolve(MavenImpl.java:494)
	at org.eclipse.m2e.jdt.internal.DownloadSourcesJob.download(DownloadSourcesJob.java:308)
	at org.eclipse.m2e.jdt.internal.DownloadSourcesJob.downloadAttachments(DownloadSourcesJob.java:282)
	at org.eclipse.m2e.jdt.internal.DownloadSourcesJob.downloadMaven(DownloadSourcesJob.java:252)
	at org.eclipse.m2e.jdt.internal.DownloadSourcesJob.downloadFilesAndPopulateToUpdate(DownloadSourcesJob.java:220)
	at org.eclipse.m2e.jdt.internal.DownloadSourcesJob.lambda$0(DownloadSourcesJob.java:149)
	at org.eclipse.m2e.core.internal.embedder.MavenExecutionContext.executeBare(MavenExecutionContext.java:458)
	at org.eclipse.m2e.core.internal.embedder.MavenExecutionContext.execute(MavenExecutionContext.java:339)
	at org.eclipse.m2e.core.internal.embedder.MavenExecutionContext.execute(MavenExecutionContext.java:278)
	at org.eclipse.m2e.core.embedder.IMaven.execute(IMaven.java:300)
	at org.eclipse.m2e.jdt.internal.DownloadSourcesJob.run(DownloadSourcesJob.java:149)
	at org.eclipse.core.internal.jobs.Worker.run(Worker.java:63)
2025-03-26 21:44:36,930 [Worker-21: Download sources and javadoc] INFO  o.e.m.c.i.e.AbstractTransferListenerAdapter - Downloaded https://repo.maven.apache.org/maven2/org/springframework/spring-context/5.3.18/spring-context-5.3.18-sources.jar
2025-03-26 21:44:36,934 [Worker-21: Download sources and javadoc] ERROR o.e.m.j.internal.DownloadSourcesJob - Could not download sources for org.springframework:spring-context:5.3.18
org.eclipse.core.runtime.CoreException: Could not resolve artifact org.springframework:spring-context:jar:sources:5.3.18
	at org.eclipse.m2e.core.internal.embedder.MavenImpl.lambda$7(MavenImpl.java:540)
	at org.eclipse.m2e.core.internal.embedder.MavenExecutionContext.executeBare(MavenExecutionContext.java:458)
	at org.eclipse.m2e.core.internal.embedder.MavenExecutionContext.execute(MavenExecutionContext.java:292)
	at org.eclipse.m2e.core.internal.embedder.MavenExecutionContext.execute(MavenExecutionContext.java:278)
	at org.eclipse.m2e.core.internal.embedder.MavenImpl.resolve(MavenImpl.java:509)
	at org.eclipse.m2e.core.internal.embedder.MavenImpl.resolve(MavenImpl.java:494)
	at org.eclipse.m2e.jdt.internal.DownloadSourcesJob.download(DownloadSourcesJob.java:308)
	at org.eclipse.m2e.jdt.internal.DownloadSourcesJob.downloadAttachments(DownloadSourcesJob.java:282)
	at org.eclipse.m2e.jdt.internal.DownloadSourcesJob.downloadMaven(DownloadSourcesJob.java:252)
	at org.eclipse.m2e.jdt.internal.DownloadSourcesJob.downloadFilesAndPopulateToUpdate(DownloadSourcesJob.java:220)
	at org.eclipse.m2e.jdt.internal.DownloadSourcesJob.lambda$0(DownloadSourcesJob.java:149)
	at org.eclipse.m2e.core.internal.embedder.MavenExecutionContext.executeBare(MavenExecutionContext.java:458)
	at org.eclipse.m2e.core.internal.embedder.MavenExecutionContext.execute(MavenExecutionContext.java:339)
	at org.eclipse.m2e.core.internal.embedder.MavenExecutionContext.execute(MavenExecutionContext.java:278)
	at org.eclipse.m2e.core.embedder.IMaven.execute(IMaven.java:300)
	at org.eclipse.m2e.jdt.internal.DownloadSourcesJob.run(DownloadSourcesJob.java:149)
	at org.eclipse.core.internal.jobs.Worker.run(Worker.java:63)
2025-03-26 21:44:37,362 [Worker-2: Updating Maven Dependencies] INFO  o.e.m.c.i.l.LifecycleMappingFactory - Using org.eclipse.m2e.jdt.JarLifecycleMapping lifecycle mapping for MavenProject: hibernate_jpa:hibernate_jpa:0.0.1-SNAPSHOT @ D:\Programs\JavaLearning\JdbcJava\hibernate_jpa\pom.xml.
2025-03-26 21:44:37,680 [Worker-2: Updating Maven Dependencies] INFO  o.e.m.c.i.l.LifecycleMappingFactory - Using org.eclipse.m2e.jdt.JarLifecycleMapping lifecycle mapping for MavenProject: ApiTesting_p1:ApiTesting_p1:0.0.1-SNAPSHOT @ D:\Programs\JavaLearning\JdbcJava\ApiTesting_p1\pom.xml.
2025-03-26 21:44:38,201 [Worker-2: Updating Maven Dependencies] INFO  o.e.m.c.i.l.LifecycleMappingFactory - Using org.eclipse.m2e.jdt.JarLifecycleMapping lifecycle mapping for MavenProject: hibernate_jpa:hibernate_jpa:0.0.1-SNAPSHOT @ D:\Programs\JavaLearning\JdbcJava\hibernate_update\pom.xml.
2025-03-26 21:44:38,747 [Worker-2: Updating Maven Dependencies] INFO  o.e.m.c.i.l.LifecycleMappingFactory - Using org.eclipse.m2e.jdt.JarLifecycleMapping lifecycle mapping for MavenProject: hibernate_jpa:hibernate_jpa:0.0.1-SNAPSHOT @ D:\Programs\JavaLearning\JdbcJava\hibernate_fetch_MTM\pom.xml.
2025-03-26 21:44:38,869 [Worker-10: Building] INFO  o.e.m.c.i.l.LifecycleMappingFactory - Using org.eclipse.m2e.jdt.JarLifecycleMapping lifecycle mapping for MavenProject: spring-first:spring-first:0.0.1-SNAPSHOT @ D:\Programs\JavaLearning\JdbcJava\spring-first\pom.xml.
2025-03-26 21:44:39,443 [Worker-7: Updating Maven Project] INFO  o.e.m.c.i.p.ProjectConfigurationManager - Update started
2025-03-26 21:44:39,527 [Worker-7: Updating Maven Project] INFO  o.e.m.c.i.l.LifecycleMappingFactory - Using org.eclipse.m2e.jdt.JarLifecycleMapping lifecycle mapping for MavenProject: spring-first:spring-first:0.0.1-SNAPSHOT @ D:\Programs\JavaLearning\JdbcJava\spring-first\pom.xml.
2025-03-26 21:44:39,578 [Worker-7: Updating Maven Project] INFO  o.e.m.c.i.p.ProjectConfigurationManager - Update completed for 1 poms: local refresh takes 0.00 sec, refresh facades takes 0.00 sec, update config takes 0.00 sec 
2025-03-26 21:44:40,092 [Worker-16: Download sources and javadoc] INFO  o.e.m.c.i.e.AbstractTransferListenerAdapter - Downloaded https://repo.maven.apache.org/maven2/org/springframework/spring-context/5.3.18/spring-context-5.3.18-javadoc.jar
2025-03-26 21:44:40,097 [Worker-16: Download sources and javadoc] ERROR o.e.m.j.internal.DownloadSourcesJob - Could not download javadoc for org.springframework:spring-context:5.3.18
org.eclipse.core.runtime.CoreException: Could not resolve artifact org.springframework:spring-context:jar:javadoc:5.3.18
	at org.eclipse.m2e.core.internal.embedder.MavenImpl.lambda$7(MavenImpl.java:540)
	at org.eclipse.m2e.core.internal.embedder.MavenExecutionContext.executeBare(MavenExecutionContext.java:458)
	at org.eclipse.m2e.core.internal.embedder.MavenExecutionContext.execute(MavenExecutionContext.java:292)
	at org.eclipse.m2e.core.internal.embedder.MavenExecutionContext.execute(MavenExecutionContext.java:278)
	at org.eclipse.m2e.core.internal.embedder.MavenImpl.resolve(MavenImpl.java:509)
	at org.eclipse.m2e.core.internal.embedder.MavenImpl.resolve(MavenImpl.java:494)
	at org.eclipse.m2e.jdt.internal.DownloadSourcesJob.download(DownloadSourcesJob.java:308)
	at org.eclipse.m2e.jdt.internal.DownloadSourcesJob.downloadAttachments(DownloadSourcesJob.java:294)
	at org.eclipse.m2e.jdt.internal.DownloadSourcesJob.downloadMaven(DownloadSourcesJob.java:252)
	at org.eclipse.m2e.jdt.internal.DownloadSourcesJob.downloadFilesAndPopulateToUpdate(DownloadSourcesJob.java:220)
	at org.eclipse.m2e.jdt.internal.DownloadSourcesJob.lambda$0(DownloadSourcesJob.java:149)
	at org.eclipse.m2e.core.internal.embedder.MavenExecutionContext.executeBare(MavenExecutionContext.java:458)
	at org.eclipse.m2e.core.internal.embedder.MavenExecutionContext.execute(MavenExecutionContext.java:339)
	at org.eclipse.m2e.core.internal.embedder.MavenExecutionContext.execute(MavenExecutionContext.java:278)
	at org.eclipse.m2e.core.embedder.IMaven.execute(IMaven.java:300)
	at org.eclipse.m2e.jdt.internal.DownloadSourcesJob.run(DownloadSourcesJob.java:149)
	at org.eclipse.core.internal.jobs.Worker.run(Worker.java:63)
2025-03-26 21:44:40,241 [Worker-22: Updating Maven Dependencies] INFO  o.e.m.c.i.l.LifecycleMappingFactory - Using org.eclipse.m2e.jdt.JarLifecycleMapping lifecycle mapping for MavenProject: hibernate_jpa:hibernate_jpa:0.0.1-SNAPSHOT @ D:\Programs\JavaLearning\JdbcJava\hibernate_jpa\pom.xml.
2025-03-26 21:44:40,524 [Worker-22: Updating Maven Dependencies] INFO  o.e.m.c.i.l.LifecycleMappingFactory - Using org.eclipse.m2e.jdt.JarLifecycleMapping lifecycle mapping for MavenProject: ApiTesting_p1:ApiTesting_p1:0.0.1-SNAPSHOT @ D:\Programs\JavaLearning\JdbcJava\ApiTesting_p1\pom.xml.
2025-03-26 21:44:40,824 [Worker-22: Updating Maven Dependencies] INFO  o.e.m.c.i.l.LifecycleMappingFactory - Using org.eclipse.m2e.jdt.JarLifecycleMapping lifecycle mapping for MavenProject: hibernate_jpa:hibernate_jpa:0.0.1-SNAPSHOT @ D:\Programs\JavaLearning\JdbcJava\hibernate_update\pom.xml.
2025-03-26 21:44:41,039 [Worker-22: Updating Maven Dependencies] INFO  o.e.m.c.i.l.LifecycleMappingFactory - Using org.eclipse.m2e.jdt.JarLifecycleMapping lifecycle mapping for MavenProject: hibernate_jpa:hibernate_jpa:0.0.1-SNAPSHOT @ D:\Programs\JavaLearning\JdbcJava\hibernate_fetch_MTM\pom.xml.
2025-03-26 21:44:41,326 [Worker-22: Updating Maven Dependencies] INFO  o.e.m.c.i.l.LifecycleMappingFactory - Using org.eclipse.m2e.jdt.JarLifecycleMapping lifecycle mapping for MavenProject: spring-first:spring-first:0.0.1-SNAPSHOT @ D:\Programs\JavaLearning\JdbcJava\spring-annotations\pom.xml.
2025-03-26 21:44:41,515 [Worker-22: Updating Maven Dependencies] INFO  o.e.m.c.i.l.LifecycleMappingFactory - Using org.eclipse.m2e.jdt.JarLifecycleMapping lifecycle mapping for MavenProject: hibernate_jpa:hibernate_jpa:0.0.1-SNAPSHOT @ D:\Programs\JavaLearning\JdbcJava\hibernate_cascade_MTO\pom.xml.
2025-03-26 21:44:41,723 [Worker-22: Updating Maven Dependencies] INFO  o.e.m.c.i.l.LifecycleMappingFactory - Using org.eclipse.m2e.jdt.JarLifecycleMapping lifecycle mapping for MavenProject: hibernate_jpa:hibernate_jpa:0.0.1-SNAPSHOT @ D:\Programs\JavaLearning\JdbcJava\hibernate_MTM\pom.xml.
2025-03-26 21:44:41,999 [Worker-22: Updating Maven Dependencies] INFO  o.e.m.c.i.l.LifecycleMappingFactory - Using org.eclipse.m2e.jdt.JarLifecycleMapping lifecycle mapping for MavenProject: hibernate_jpa:hibernate_jpa:0.0.1-SNAPSHOT @ D:\Programs\JavaLearning\JdbcJava\second_levelCache\pom.xml.
2025-03-26 21:44:42,249 [Worker-22: Updating Maven Dependencies] INFO  o.e.m.c.i.l.LifecycleMappingFactory - Using org.eclipse.m2e.jdt.JarLifecycleMapping lifecycle mapping for MavenProject: spring-first:spring-first:0.0.1-SNAPSHOT @ D:\Programs\JavaLearning\JdbcJava\spring-first\pom.xml.
2025-03-26 21:44:42,557 [Worker-22: Updating Maven Dependencies] INFO  o.e.m.c.i.e.AbstractTransferListenerAdapter - Downloaded https://repo.maven.apache.org/maven2/org/springframework/spring-context/5.3.18/spring-context-5.3.18.jar
2025-03-26 21:44:42,645 [Worker-22: Updating Maven Dependencies] INFO  o.e.m.c.i.l.LifecycleMappingFactory - Using org.eclipse.m2e.jdt.JarLifecycleMapping lifecycle mapping for MavenProject: hibernate_jpa:hibernate_jpa:0.0.1-SNAPSHOT @ D:\Programs\JavaLearning\JdbcJava\hibernate_relative\pom.xml.
2025-03-26 21:44:43,089 [Worker-22: Updating Maven Dependencies] INFO  o.e.m.c.i.l.LifecycleMappingFactory - Using org.eclipse.m2e.jdt.JarLifecycleMapping lifecycle mapping for MavenProject: hibernate_jpa:hibernate_jpa:0.0.1-SNAPSHOT @ D:\Programs\JavaLearning\JdbcJava\hibernate_OTM\pom.xml.
2025-03-26 21:44:43,260 [Worker-22: Updating Maven Dependencies] INFO  o.e.m.c.i.l.LifecycleMappingFactory - Using org.eclipse.m2e.jdt.JarLifecycleMapping lifecycle mapping for MavenProject: hibernate_jpa:hibernate_jpa:0.0.1-SNAPSHOT @ D:\Programs\JavaLearning\JdbcJava\hibernate-composite\pom.xml.
2025-03-26 21:44:43,538 [Worker-22: Updating Maven Dependencies] INFO  o.e.m.c.i.l.LifecycleMappingFactory - Using org.eclipse.m2e.jdt.JarLifecycleMapping lifecycle mapping for MavenProject: person_hibernate:person_hibernate:0.0.1-SNAPSHOT @ D:\Programs\JavaLearning\JdbcJava\person_hibernate\pom.xml.
2025-03-26 21:44:43,692 [Worker-22: Updating Maven Dependencies] INFO  o.e.m.c.i.l.LifecycleMappingFactory - Using org.eclipse.m2e.jdt.JarLifecycleMapping lifecycle mapping for MavenProject: org.hib:hibernate:0.0.1-SNAPSHOT @ D:\Programs\JavaLearning\JdbcJava\hibernate\pom.xml.
2025-03-26 21:44:43,912 [Worker-22: Updating Maven Dependencies] INFO  o.e.m.c.i.l.LifecycleMappingFactory - Using org.eclipse.m2e.jdt.JarLifecycleMapping lifecycle mapping for MavenProject: hibernate_jpa:hibernate_jpa:0.0.1-SNAPSHOT @ D:\Programs\JavaLearning\JdbcJava\hibernate_Bi_OTO\pom.xml.
2025-03-26 21:44:44,649 [Worker-19: Updating Maven Project] INFO  o.e.m.c.i.p.ProjectConfigurationManager - Update started
2025-03-26 21:44:44,712 [Worker-19: Updating Maven Project] INFO  o.e.m.c.i.l.LifecycleMappingFactory - Using org.eclipse.m2e.jdt.JarLifecycleMapping lifecycle mapping for MavenProject: hibernate_jpa:hibernate_jpa:0.0.1-SNAPSHOT @ D:\Programs\JavaLearning\JdbcJava\hibernate_jpa\pom.xml.
2025-03-26 21:44:44,771 [Worker-19: Updating Maven Project] INFO  o.e.m.c.i.p.ProjectConfigurationManager - Update completed for 1 poms: local refresh takes 0.00 sec, refresh facades takes 0.00 sec, update config takes 0.00 sec 
2025-03-26 21:44:44,775 [Worker-17: Updating Maven Project] INFO  o.e.m.c.i.p.ProjectConfigurationManager - Update started
2025-03-26 21:44:44,842 [Worker-17: Updating Maven Project] INFO  o.e.m.c.i.l.LifecycleMappingFactory - Using org.eclipse.m2e.jdt.JarLifecycleMapping lifecycle mapping for MavenProject: hibernate_jpa:hibernate_jpa:0.0.1-SNAPSHOT @ D:\Programs\JavaLearning\JdbcJava\hibernate_jpa\pom.xml.
2025-03-26 21:44:44,904 [Worker-17: Updating Maven Project] INFO  o.e.m.c.i.p.ProjectConfigurationManager - Update completed for 1 poms: local refresh takes 0.00 sec, refresh facades takes 0.00 sec, update config takes 0.00 sec 
2025-03-26 21:44:44,908 [Worker-22: Updating Maven Project] INFO  o.e.m.c.i.p.ProjectConfigurationManager - Update started
2025-03-26 21:44:44,979 [Worker-22: Updating Maven Project] INFO  o.e.m.c.i.l.LifecycleMappingFactory - Using org.eclipse.m2e.jdt.JarLifecycleMapping lifecycle mapping for MavenProject: hibernate_jpa:hibernate_jpa:0.0.1-SNAPSHOT @ D:\Programs\JavaLearning\JdbcJava\hibernate_jpa\pom.xml.
2025-03-26 21:44:45,042 [Worker-22: Updating Maven Project] INFO  o.e.m.c.i.p.ProjectConfigurationManager - Update completed for 1 poms: local refresh takes 0.00 sec, refresh facades takes 0.00 sec, update config takes 0.00 sec 
2025-03-26 21:44:45,046 [Worker-22: Updating Maven Project] INFO  o.e.m.c.i.p.ProjectConfigurationManager - Update started
2025-03-26 21:44:45,129 [Worker-22: Updating Maven Project] INFO  o.e.m.c.i.l.LifecycleMappingFactory - Using org.eclipse.m2e.jdt.JarLifecycleMapping lifecycle mapping for MavenProject: hibernate_jpa:hibernate_jpa:0.0.1-SNAPSHOT @ D:\Programs\JavaLearning\JdbcJava\hibernate_jpa\pom.xml.
2025-03-26 21:44:45,202 [Worker-22: Updating Maven Project] INFO  o.e.m.c.i.p.ProjectConfigurationManager - Update completed for 1 poms: local refresh takes 0.00 sec, refresh facades takes 0.00 sec, update config takes 0.00 sec 
2025-03-26 21:44:45,210 [Worker-11: Updating Maven Project] INFO  o.e.m.c.i.p.ProjectConfigurationManager - Update started
2025-03-26 21:44:45,305 [Worker-11: Updating Maven Project] INFO  o.e.m.c.i.l.LifecycleMappingFactory - Using org.eclipse.m2e.jdt.JarLifecycleMapping lifecycle mapping for MavenProject: ApiTesting_p1:ApiTesting_p1:0.0.1-SNAPSHOT @ D:\Programs\JavaLearning\JdbcJava\ApiTesting_p1\pom.xml.
2025-03-26 21:44:45,410 [Worker-11: Updating Maven Project] INFO  o.e.m.c.i.p.ProjectConfigurationManager - Update completed for 1 poms: local refresh takes 0.00 sec, refresh facades takes 0.00 sec, update config takes 0.00 sec 
2025-03-26 21:44:45,414 [Worker-5: Updating Maven Project] INFO  o.e.m.c.i.p.ProjectConfigurationManager - Update started
2025-03-26 21:44:45,522 [Worker-5: Updating Maven Project] INFO  o.e.m.c.i.l.LifecycleMappingFactory - Using org.eclipse.m2e.jdt.JarLifecycleMapping lifecycle mapping for MavenProject: ApiTesting_p1:ApiTesting_p1:0.0.1-SNAPSHOT @ D:\Programs\JavaLearning\JdbcJava\ApiTesting_p1\pom.xml.
2025-03-26 21:44:45,551 [Worker-8: Download sources and javadoc] INFO  o.e.m.c.i.e.AbstractTransferListenerAdapter - Downloaded https://repo.maven.apache.org/maven2/io/rest-assured/rest-assured/5.2.0/rest-assured-5.2.0-javadoc.jar
2025-03-26 21:44:45,553 [Worker-8: Download sources and javadoc] ERROR o.e.m.j.internal.DownloadSourcesJob - Could not download javadoc for io.rest-assured:rest-assured:5.2.0
org.eclipse.core.runtime.CoreException: Could not resolve artifact io.rest-assured:rest-assured:jar:javadoc:5.2.0
	at org.eclipse.m2e.core.internal.embedder.MavenImpl.lambda$7(MavenImpl.java:540)
	at org.eclipse.m2e.core.internal.embedder.MavenExecutionContext.executeBare(MavenExecutionContext.java:458)
	at org.eclipse.m2e.core.internal.embedder.MavenExecutionContext.execute(MavenExecutionContext.java:292)
	at org.eclipse.m2e.core.internal.embedder.MavenExecutionContext.execute(MavenExecutionContext.java:278)
	at org.eclipse.m2e.core.internal.embedder.MavenImpl.resolve(MavenImpl.java:509)
	at org.eclipse.m2e.core.internal.embedder.MavenImpl.resolve(MavenImpl.java:494)
	at org.eclipse.m2e.jdt.internal.DownloadSourcesJob.download(DownloadSourcesJob.java:308)
	at org.eclipse.m2e.jdt.internal.DownloadSourcesJob.downloadAttachments(DownloadSourcesJob.java:294)
	at org.eclipse.m2e.jdt.internal.DownloadSourcesJob.downloadMaven(DownloadSourcesJob.java:252)
	at org.eclipse.m2e.jdt.internal.DownloadSourcesJob.downloadFilesAndPopulateToUpdate(DownloadSourcesJob.java:220)
	at org.eclipse.m2e.jdt.internal.DownloadSourcesJob.lambda$0(DownloadSourcesJob.java:149)
	at org.eclipse.m2e.core.internal.embedder.MavenExecutionContext.executeBare(MavenExecutionContext.java:458)
	at org.eclipse.m2e.core.internal.embedder.MavenExecutionContext.execute(MavenExecutionContext.java:339)
	at org.eclipse.m2e.core.internal.embedder.MavenExecutionContext.execute(MavenExecutionContext.java:278)
	at org.eclipse.m2e.core.embedder.IMaven.execute(IMaven.java:300)
	at org.eclipse.m2e.jdt.internal.DownloadSourcesJob.run(DownloadSourcesJob.java:149)
	at org.eclipse.core.internal.jobs.Worker.run(Worker.java:63)
2025-03-26 21:44:45,667 [Worker-5: Updating Maven Project] INFO  o.e.m.c.i.p.ProjectConfigurationManager - Update completed for 1 poms: local refresh takes 0.00 sec, refresh facades takes 0.00 sec, update config takes 0.00 sec 
2025-03-26 21:44:45,671 [Worker-4: Updating Maven Project] INFO  o.e.m.c.i.p.ProjectConfigurationManager - Update started
2025-03-26 21:44:45,753 [Worker-8: Download sources and javadoc] INFO  o.e.m.c.i.e.AbstractTransferListenerAdapter - Downloaded https://repo.maven.apache.org/maven2/com/googlecode/json-simple/json-simple/1.1.1/json-simple-1.1.1-javadoc.jar
2025-03-26 21:44:45,758 [Worker-8: Download sources and javadoc] ERROR o.e.m.j.internal.DownloadSourcesJob - Could not download javadoc for com.googlecode.json-simple:json-simple:1.1.1
org.eclipse.core.runtime.CoreException: Could not resolve artifact com.googlecode.json-simple:json-simple:jar:javadoc:1.1.1
	at org.eclipse.m2e.core.internal.embedder.MavenImpl.lambda$7(MavenImpl.java:540)
	at org.eclipse.m2e.core.internal.embedder.MavenExecutionContext.executeBare(MavenExecutionContext.java:458)
	at org.eclipse.m2e.core.internal.embedder.MavenExecutionContext.execute(MavenExecutionContext.java:292)
	at org.eclipse.m2e.core.internal.embedder.MavenExecutionContext.execute(MavenExecutionContext.java:278)
	at org.eclipse.m2e.core.internal.embedder.MavenImpl.resolve(MavenImpl.java:509)
	at org.eclipse.m2e.core.internal.embedder.MavenImpl.resolve(MavenImpl.java:494)
	at org.eclipse.m2e.jdt.internal.DownloadSourcesJob.download(DownloadSourcesJob.java:308)
	at org.eclipse.m2e.jdt.internal.DownloadSourcesJob.downloadAttachments(DownloadSourcesJob.java:294)
	at org.eclipse.m2e.jdt.internal.DownloadSourcesJob.downloadMaven(DownloadSourcesJob.java:252)
	at org.eclipse.m2e.jdt.internal.DownloadSourcesJob.downloadFilesAndPopulateToUpdate(DownloadSourcesJob.java:220)
	at org.eclipse.m2e.jdt.internal.DownloadSourcesJob.lambda$0(DownloadSourcesJob.java:149)
	at org.eclipse.m2e.core.internal.embedder.MavenExecutionContext.executeBare(MavenExecutionContext.java:458)
	at org.eclipse.m2e.core.internal.embedder.MavenExecutionContext.execute(MavenExecutionContext.java:339)
	at org.eclipse.m2e.core.internal.embedder.MavenExecutionContext.execute(MavenExecutionContext.java:278)
	at org.eclipse.m2e.core.embedder.IMaven.execute(IMaven.java:300)
	at org.eclipse.m2e.jdt.internal.DownloadSourcesJob.run(DownloadSourcesJob.java:149)
	at org.eclipse.core.internal.jobs.Worker.run(Worker.java:63)
2025-03-26 21:44:45,784 [Worker-4: Updating Maven Project] INFO  o.e.m.c.i.l.LifecycleMappingFactory - Using org.eclipse.m2e.jdt.JarLifecycleMapping lifecycle mapping for MavenProject: ApiTesting_p1:ApiTesting_p1:0.0.1-SNAPSHOT @ D:\Programs\JavaLearning\JdbcJava\ApiTesting_p1\pom.xml.
2025-03-26 21:44:45,917 [Worker-8: Download sources and javadoc] INFO  o.e.m.c.i.e.AbstractTransferListenerAdapter - Downloaded https://repo.maven.apache.org/maven2/org/apache/poi/poi/5.2.3/poi-5.2.3-javadoc.jar
2025-03-26 21:44:45,921 [Worker-8: Download sources and javadoc] ERROR o.e.m.j.internal.DownloadSourcesJob - Could not download javadoc for org.apache.poi:poi:5.2.3
org.eclipse.core.runtime.CoreException: Could not resolve artifact org.apache.poi:poi:jar:javadoc:5.2.3
	at org.eclipse.m2e.core.internal.embedder.MavenImpl.lambda$7(MavenImpl.java:540)
	at org.eclipse.m2e.core.internal.embedder.MavenExecutionContext.executeBare(MavenExecutionContext.java:458)
	at org.eclipse.m2e.core.internal.embedder.MavenExecutionContext.execute(MavenExecutionContext.java:292)
	at org.eclipse.m2e.core.internal.embedder.MavenExecutionContext.execute(MavenExecutionContext.java:278)
	at org.eclipse.m2e.core.internal.embedder.MavenImpl.resolve(MavenImpl.java:509)
	at org.eclipse.m2e.core.internal.embedder.MavenImpl.resolve(MavenImpl.java:494)
	at org.eclipse.m2e.jdt.internal.DownloadSourcesJob.download(DownloadSourcesJob.java:308)
	at org.eclipse.m2e.jdt.internal.DownloadSourcesJob.downloadAttachments(DownloadSourcesJob.java:294)
	at org.eclipse.m2e.jdt.internal.DownloadSourcesJob.downloadMaven(DownloadSourcesJob.java:252)
	at org.eclipse.m2e.jdt.internal.DownloadSourcesJob.downloadFilesAndPopulateToUpdate(DownloadSourcesJob.java:220)
	at org.eclipse.m2e.jdt.internal.DownloadSourcesJob.lambda$0(DownloadSourcesJob.java:149)
	at org.eclipse.m2e.core.internal.embedder.MavenExecutionContext.executeBare(MavenExecutionContext.java:458)
	at org.eclipse.m2e.core.internal.embedder.MavenExecutionContext.execute(MavenExecutionContext.java:339)
	at org.eclipse.m2e.core.internal.embedder.MavenExecutionContext.execute(MavenExecutionContext.java:278)
	at org.eclipse.m2e.core.embedder.IMaven.execute(IMaven.java:300)
	at org.eclipse.m2e.jdt.internal.DownloadSourcesJob.run(DownloadSourcesJob.java:149)
	at org.eclipse.core.internal.jobs.Worker.run(Worker.java:63)
2025-03-26 21:44:46,021 [Worker-4: Updating Maven Project] INFO  o.e.m.c.i.p.ProjectConfigurationManager - Update completed for 1 poms: local refresh takes 0.00 sec, refresh facades takes 0.00 sec, update config takes 0.00 sec 
2025-03-26 21:44:46,028 [Worker-2: Updating Maven Project] INFO  o.e.m.c.i.p.ProjectConfigurationManager - Update started
2025-03-26 21:44:46,070 [Worker-8: Download sources and javadoc] INFO  o.e.m.c.i.e.AbstractTransferListenerAdapter - Downloaded https://repo.maven.apache.org/maven2/org/apache/poi/poi-ooxml/5.2.3/poi-ooxml-5.2.3-javadoc.jar
2025-03-26 21:44:46,077 [Worker-8: Download sources and javadoc] ERROR o.e.m.j.internal.DownloadSourcesJob - Could not download javadoc for org.apache.poi:poi-ooxml:5.2.3
org.eclipse.core.runtime.CoreException: Could not resolve artifact org.apache.poi:poi-ooxml:jar:javadoc:5.2.3
	at org.eclipse.m2e.core.internal.embedder.MavenImpl.lambda$7(MavenImpl.java:540)
	at org.eclipse.m2e.core.internal.embedder.MavenExecutionContext.executeBare(MavenExecutionContext.java:458)
	at org.eclipse.m2e.core.internal.embedder.MavenExecutionContext.execute(MavenExecutionContext.java:292)
	at org.eclipse.m2e.core.internal.embedder.MavenExecutionContext.execute(MavenExecutionContext.java:278)
	at org.eclipse.m2e.core.internal.embedder.MavenImpl.resolve(MavenImpl.java:509)
	at org.eclipse.m2e.core.internal.embedder.MavenImpl.resolve(MavenImpl.java:494)
	at org.eclipse.m2e.jdt.internal.DownloadSourcesJob.download(DownloadSourcesJob.java:308)
	at org.eclipse.m2e.jdt.internal.DownloadSourcesJob.downloadAttachments(DownloadSourcesJob.java:294)
	at org.eclipse.m2e.jdt.internal.DownloadSourcesJob.downloadMaven(DownloadSourcesJob.java:252)
	at org.eclipse.m2e.jdt.internal.DownloadSourcesJob.downloadFilesAndPopulateToUpdate(DownloadSourcesJob.java:220)
	at org.eclipse.m2e.jdt.internal.DownloadSourcesJob.lambda$0(DownloadSourcesJob.java:149)
	at org.eclipse.m2e.core.internal.embedder.MavenExecutionContext.executeBare(MavenExecutionContext.java:458)
	at org.eclipse.m2e.core.internal.embedder.MavenExecutionContext.execute(MavenExecutionContext.java:339)
	at org.eclipse.m2e.core.internal.embedder.MavenExecutionContext.execute(MavenExecutionContext.java:278)
	at org.eclipse.m2e.core.embedder.IMaven.execute(IMaven.java:300)
	at org.eclipse.m2e.jdt.internal.DownloadSourcesJob.run(DownloadSourcesJob.java:149)
	at org.eclipse.core.internal.jobs.Worker.run(Worker.java:63)
2025-03-26 21:44:46,162 [Worker-2: Updating Maven Project] INFO  o.e.m.c.i.l.LifecycleMappingFactory - Using org.eclipse.m2e.jdt.JarLifecycleMapping lifecycle mapping for MavenProject: ApiTesting_p1:ApiTesting_p1:0.0.1-SNAPSHOT @ D:\Programs\JavaLearning\JdbcJava\ApiTesting_p1\pom.xml.
2025-03-26 21:44:46,205 [Worker-8: Download sources and javadoc] INFO  o.e.m.c.i.e.AbstractTransferListenerAdapter - Downloaded https://repo.maven.apache.org/maven2/org/hibernate/hibernate-ehcache/5.6.5.Final/hibernate-ehcache-5.6.5.Final-javadoc.jar
2025-03-26 21:44:46,212 [Worker-8: Download sources and javadoc] ERROR o.e.m.j.internal.DownloadSourcesJob - Could not download javadoc for org.hibernate:hibernate-ehcache:5.6.5.Final
org.eclipse.core.runtime.CoreException: Could not resolve artifact org.hibernate:hibernate-ehcache:jar:javadoc:5.6.5.Final
	at org.eclipse.m2e.core.internal.embedder.MavenImpl.lambda$7(MavenImpl.java:540)
	at org.eclipse.m2e.core.internal.embedder.MavenExecutionContext.executeBare(MavenExecutionContext.java:458)
	at org.eclipse.m2e.core.internal.embedder.MavenExecutionContext.execute(MavenExecutionContext.java:292)
	at org.eclipse.m2e.core.internal.embedder.MavenExecutionContext.execute(MavenExecutionContext.java:278)
	at org.eclipse.m2e.core.internal.embedder.MavenImpl.resolve(MavenImpl.java:509)
	at org.eclipse.m2e.core.internal.embedder.MavenImpl.resolve(MavenImpl.java:494)
	at org.eclipse.m2e.jdt.internal.DownloadSourcesJob.download(DownloadSourcesJob.java:308)
	at org.eclipse.m2e.jdt.internal.DownloadSourcesJob.downloadAttachments(DownloadSourcesJob.java:294)
	at org.eclipse.m2e.jdt.internal.DownloadSourcesJob.downloadMaven(DownloadSourcesJob.java:252)
	at org.eclipse.m2e.jdt.internal.DownloadSourcesJob.downloadFilesAndPopulateToUpdate(DownloadSourcesJob.java:220)
	at org.eclipse.m2e.jdt.internal.DownloadSourcesJob.lambda$0(DownloadSourcesJob.java:149)
	at org.eclipse.m2e.core.internal.embedder.MavenExecutionContext.executeBare(MavenExecutionContext.java:458)
	at org.eclipse.m2e.core.internal.embedder.MavenExecutionContext.execute(MavenExecutionContext.java:339)
	at org.eclipse.m2e.core.internal.embedder.MavenExecutionContext.execute(MavenExecutionContext.java:278)
	at org.eclipse.m2e.core.embedder.IMaven.execute(IMaven.java:300)
	at org.eclipse.m2e.jdt.internal.DownloadSourcesJob.run(DownloadSourcesJob.java:149)
	at org.eclipse.core.internal.jobs.Worker.run(Worker.java:63)
2025-03-26 21:44:46,294 [Worker-2: Updating Maven Project] INFO  o.e.m.c.i.p.ProjectConfigurationManager - Update completed for 1 poms: local refresh takes 0.00 sec, refresh facades takes 0.00 sec, update config takes 0.00 sec 
2025-03-26 21:44:46,298 [Worker-14: Updating Maven Project] INFO  o.e.m.c.i.p.ProjectConfigurationManager - Update started
2025-03-26 21:44:46,378 [Worker-14: Updating Maven Project] INFO  o.e.m.c.i.l.LifecycleMappingFactory - Using org.eclipse.m2e.jdt.JarLifecycleMapping lifecycle mapping for MavenProject: hibernate_jpa:hibernate_jpa:0.0.1-SNAPSHOT @ D:\Programs\JavaLearning\JdbcJava\hibernate_update\pom.xml.
2025-03-26 21:44:46,460 [Worker-14: Updating Maven Project] INFO  o.e.m.c.i.p.ProjectConfigurationManager - Update completed for 1 poms: local refresh takes 0.00 sec, refresh facades takes 0.00 sec, update config takes 0.00 sec 
2025-03-26 21:44:46,465 [Worker-7: Updating Maven Project] INFO  o.e.m.c.i.p.ProjectConfigurationManager - Update started
2025-03-26 21:44:46,571 [Worker-7: Updating Maven Project] INFO  o.e.m.c.i.l.LifecycleMappingFactory - Using org.eclipse.m2e.jdt.JarLifecycleMapping lifecycle mapping for MavenProject: hibernate_jpa:hibernate_jpa:0.0.1-SNAPSHOT @ D:\Programs\JavaLearning\JdbcJava\hibernate_update\pom.xml.
2025-03-26 21:44:46,649 [Worker-7: Updating Maven Project] INFO  o.e.m.c.i.p.ProjectConfigurationManager - Update completed for 1 poms: local refresh takes 0.00 sec, refresh facades takes 0.00 sec, update config takes 0.00 sec 
2025-03-26 21:44:46,652 [Worker-22: Updating Maven Project] INFO  o.e.m.c.i.p.ProjectConfigurationManager - Update started
2025-03-26 21:44:46,747 [Worker-22: Updating Maven Project] INFO  o.e.m.c.i.l.LifecycleMappingFactory - Using org.eclipse.m2e.jdt.JarLifecycleMapping lifecycle mapping for MavenProject: hibernate_jpa:hibernate_jpa:0.0.1-SNAPSHOT @ D:\Programs\JavaLearning\JdbcJava\hibernate_update\pom.xml.
2025-03-26 21:44:46,810 [Worker-22: Updating Maven Project] INFO  o.e.m.c.i.p.ProjectConfigurationManager - Update completed for 1 poms: local refresh takes 0.00 sec, refresh facades takes 0.00 sec, update config takes 0.00 sec 
2025-03-26 21:44:46,813 [Worker-20: Updating Maven Project] INFO  o.e.m.c.i.p.ProjectConfigurationManager - Update started
2025-03-26 21:44:46,889 [Worker-20: Updating Maven Project] INFO  o.e.m.c.i.l.LifecycleMappingFactory - Using org.eclipse.m2e.jdt.JarLifecycleMapping lifecycle mapping for MavenProject: hibernate_jpa:hibernate_jpa:0.0.1-SNAPSHOT @ D:\Programs\JavaLearning\JdbcJava\hibernate_update\pom.xml.
2025-03-26 21:44:46,957 [Worker-20: Updating Maven Project] INFO  o.e.m.c.i.p.ProjectConfigurationManager - Update completed for 1 poms: local refresh takes 0.00 sec, refresh facades takes 0.00 sec, update config takes 0.00 sec 
2025-03-26 21:44:46,965 [Worker-18: Updating Maven Project] INFO  o.e.m.c.i.p.ProjectConfigurationManager - Update started
2025-03-26 21:44:47,063 [Worker-18: Updating Maven Project] INFO  o.e.m.c.i.l.LifecycleMappingFactory - Using org.eclipse.m2e.jdt.JarLifecycleMapping lifecycle mapping for MavenProject: hibernate_jpa:hibernate_jpa:0.0.1-SNAPSHOT @ D:\Programs\JavaLearning\JdbcJava\hibernate_fetch_MTM\pom.xml.
2025-03-26 21:44:47,145 [Worker-18: Updating Maven Project] INFO  o.e.m.c.i.p.ProjectConfigurationManager - Update completed for 1 poms: local refresh takes 0.00 sec, refresh facades takes 0.00 sec, update config takes 0.00 sec 
2025-03-26 21:44:47,150 [Worker-20: Updating Maven Project] INFO  o.e.m.c.i.p.ProjectConfigurationManager - Update started
2025-03-26 21:44:47,250 [Worker-20: Updating Maven Project] INFO  o.e.m.c.i.l.LifecycleMappingFactory - Using org.eclipse.m2e.jdt.JarLifecycleMapping lifecycle mapping for MavenProject: hibernate_jpa:hibernate_jpa:0.0.1-SNAPSHOT @ D:\Programs\JavaLearning\JdbcJava\hibernate_fetch_MTM\pom.xml.
2025-03-26 21:44:47,334 [Worker-20: Updating Maven Project] INFO  o.e.m.c.i.p.ProjectConfigurationManager - Update completed for 1 poms: local refresh takes 0.00 sec, refresh facades takes 0.00 sec, update config takes 0.00 sec 
2025-03-26 21:44:47,338 [Worker-15: Updating Maven Project] INFO  o.e.m.c.i.p.ProjectConfigurationManager - Update started
2025-03-26 21:44:47,424 [Worker-15: Updating Maven Project] INFO  o.e.m.c.i.l.LifecycleMappingFactory - Using org.eclipse.m2e.jdt.JarLifecycleMapping lifecycle mapping for MavenProject: hibernate_jpa:hibernate_jpa:0.0.1-SNAPSHOT @ D:\Programs\JavaLearning\JdbcJava\hibernate_fetch_MTM\pom.xml.
2025-03-26 21:44:47,503 [Worker-15: Updating Maven Project] INFO  o.e.m.c.i.p.ProjectConfigurationManager - Update completed for 1 poms: local refresh takes 0.00 sec, refresh facades takes 0.00 sec, update config takes 0.00 sec 
2025-03-26 21:44:47,511 [Worker-8: Updating Maven Project] INFO  o.e.m.c.i.p.ProjectConfigurationManager - Update started
2025-03-26 21:44:47,600 [Worker-8: Updating Maven Project] INFO  o.e.m.c.i.l.LifecycleMappingFactory - Using org.eclipse.m2e.jdt.JarLifecycleMapping lifecycle mapping for MavenProject: hibernate_jpa:hibernate_jpa:0.0.1-SNAPSHOT @ D:\Programs\JavaLearning\JdbcJava\hibernate_fetch_MTM\pom.xml.
2025-03-26 21:44:47,683 [Worker-8: Updating Maven Project] INFO  o.e.m.c.i.p.ProjectConfigurationManager - Update completed for 1 poms: local refresh takes 0.00 sec, refresh facades takes 0.00 sec, update config takes 0.00 sec 
2025-03-26 21:44:47,687 [Worker-1: Updating Maven Project] INFO  o.e.m.c.i.p.ProjectConfigurationManager - Update started
2025-03-26 21:44:47,786 [Worker-1: Updating Maven Project] INFO  o.e.m.c.i.l.LifecycleMappingFactory - Using org.eclipse.m2e.jdt.JarLifecycleMapping lifecycle mapping for MavenProject: spring-first:spring-first:0.0.1-SNAPSHOT @ D:\Programs\JavaLearning\JdbcJava\spring-annotations\pom.xml.
2025-03-26 21:44:47,856 [Worker-1: Updating Maven Project] INFO  o.e.m.c.i.p.ProjectConfigurationManager - Update completed for 1 poms: local refresh takes 0.00 sec, refresh facades takes 0.00 sec, update config takes 0.00 sec 
2025-03-26 21:44:47,864 [Worker-14: Updating Maven Project] INFO  o.e.m.c.i.p.ProjectConfigurationManager - Update started
2025-03-26 21:44:47,954 [Worker-14: Updating Maven Project] INFO  o.e.m.c.i.l.LifecycleMappingFactory - Using org.eclipse.m2e.jdt.JarLifecycleMapping lifecycle mapping for MavenProject: spring-first:spring-first:0.0.1-SNAPSHOT @ D:\Programs\JavaLearning\JdbcJava\spring-annotations\pom.xml.
2025-03-26 21:44:48,035 [Worker-14: Updating Maven Project] INFO  o.e.m.c.i.p.ProjectConfigurationManager - Update completed for 1 poms: local refresh takes 0.00 sec, refresh facades takes 0.00 sec, update config takes 0.00 sec 
2025-03-26 21:44:48,039 [Worker-11: Updating Maven Project] INFO  o.e.m.c.i.p.ProjectConfigurationManager - Update started
2025-03-26 21:44:48,139 [Worker-11: Updating Maven Project] INFO  o.e.m.c.i.l.LifecycleMappingFactory - Using org.eclipse.m2e.jdt.JarLifecycleMapping lifecycle mapping for MavenProject: spring-first:spring-first:0.0.1-SNAPSHOT @ D:\Programs\JavaLearning\JdbcJava\spring-annotations\pom.xml.
2025-03-26 21:44:48,205 [Worker-11: Updating Maven Project] INFO  o.e.m.c.i.p.ProjectConfigurationManager - Update completed for 1 poms: local refresh takes 0.00 sec, refresh facades takes 0.00 sec, update config takes 0.00 sec 
2025-03-26 21:44:48,211 [Worker-10: Updating Maven Project] INFO  o.e.m.c.i.p.ProjectConfigurationManager - Update started
2025-03-26 21:44:48,319 [Worker-10: Updating Maven Project] INFO  o.e.m.c.i.l.LifecycleMappingFactory - Using org.eclipse.m2e.jdt.JarLifecycleMapping lifecycle mapping for MavenProject: spring-first:spring-first:0.0.1-SNAPSHOT @ D:\Programs\JavaLearning\JdbcJava\spring-annotations\pom.xml.
2025-03-26 21:44:48,384 [Worker-10: Updating Maven Project] INFO  o.e.m.c.i.p.ProjectConfigurationManager - Update completed for 1 poms: local refresh takes 0.00 sec, refresh facades takes 0.00 sec, update config takes 0.00 sec 
2025-03-26 21:44:48,389 [Worker-12: Updating Maven Project] INFO  o.e.m.c.i.p.ProjectConfigurationManager - Update started
2025-03-26 21:44:48,493 [Worker-12: Updating Maven Project] INFO  o.e.m.c.i.l.LifecycleMappingFactory - Using org.eclipse.m2e.jdt.JarLifecycleMapping lifecycle mapping for MavenProject: hibernate_jpa:hibernate_jpa:0.0.1-SNAPSHOT @ D:\Programs\JavaLearning\JdbcJava\hibernate_cascade_MTO\pom.xml.
2025-03-26 21:44:48,554 [Worker-12: Updating Maven Project] INFO  o.e.m.c.i.p.ProjectConfigurationManager - Update completed for 1 poms: local refresh takes 0.00 sec, refresh facades takes 0.00 sec, update config takes 0.00 sec 
2025-03-26 21:44:48,559 [Worker-13: Updating Maven Project] INFO  o.e.m.c.i.p.ProjectConfigurationManager - Update started
2025-03-26 21:44:48,662 [Worker-13: Updating Maven Project] INFO  o.e.m.c.i.l.LifecycleMappingFactory - Using org.eclipse.m2e.jdt.JarLifecycleMapping lifecycle mapping for MavenProject: hibernate_jpa:hibernate_jpa:0.0.1-SNAPSHOT @ D:\Programs\JavaLearning\JdbcJava\hibernate_cascade_MTO\pom.xml.
2025-03-26 21:44:48,739 [Worker-13: Updating Maven Project] INFO  o.e.m.c.i.p.ProjectConfigurationManager - Update completed for 1 poms: local refresh takes 0.00 sec, refresh facades takes 0.00 sec, update config takes 0.00 sec 
2025-03-26 21:44:48,746 [Worker-9: Updating Maven Project] INFO  o.e.m.c.i.p.ProjectConfigurationManager - Update started
2025-03-26 21:44:48,841 [Worker-9: Updating Maven Project] INFO  o.e.m.c.i.l.LifecycleMappingFactory - Using org.eclipse.m2e.jdt.JarLifecycleMapping lifecycle mapping for MavenProject: hibernate_jpa:hibernate_jpa:0.0.1-SNAPSHOT @ D:\Programs\JavaLearning\JdbcJava\hibernate_cascade_MTO\pom.xml.
2025-03-26 21:44:48,921 [Worker-9: Updating Maven Project] INFO  o.e.m.c.i.p.ProjectConfigurationManager - Update completed for 1 poms: local refresh takes 0.00 sec, refresh facades takes 0.00 sec, update config takes 0.00 sec 
2025-03-26 21:44:48,929 [Worker-8: Updating Maven Project] INFO  o.e.m.c.i.p.ProjectConfigurationManager - Update started
2025-03-26 21:44:49,020 [Worker-8: Updating Maven Project] INFO  o.e.m.c.i.l.LifecycleMappingFactory - Using org.eclipse.m2e.jdt.JarLifecycleMapping lifecycle mapping for MavenProject: hibernate_jpa:hibernate_jpa:0.0.1-SNAPSHOT @ D:\Programs\JavaLearning\JdbcJava\hibernate_cascade_MTO\pom.xml.
2025-03-26 21:44:49,085 [Worker-8: Updating Maven Project] INFO  o.e.m.c.i.p.ProjectConfigurationManager - Update completed for 1 poms: local refresh takes 0.00 sec, refresh facades takes 0.00 sec, update config takes 0.00 sec 
2025-03-26 21:44:49,089 [Worker-22: Updating Maven Project] INFO  o.e.m.c.i.p.ProjectConfigurationManager - Update started
2025-03-26 21:44:49,161 [Worker-22: Updating Maven Project] INFO  o.e.m.c.i.l.LifecycleMappingFactory - Using org.eclipse.m2e.jdt.JarLifecycleMapping lifecycle mapping for MavenProject: hibernate_jpa:hibernate_jpa:0.0.1-SNAPSHOT @ D:\Programs\JavaLearning\JdbcJava\hibernate_MTM\pom.xml.
2025-03-26 21:44:49,237 [Worker-22: Updating Maven Project] INFO  o.e.m.c.i.p.ProjectConfigurationManager - Update completed for 1 poms: local refresh takes 0.00 sec, refresh facades takes 0.00 sec, update config takes 0.00 sec 
2025-03-26 21:44:49,242 [Worker-1: Updating Maven Project] INFO  o.e.m.c.i.p.ProjectConfigurationManager - Update started
2025-03-26 21:44:49,335 [Worker-1: Updating Maven Project] INFO  o.e.m.c.i.l.LifecycleMappingFactory - Using org.eclipse.m2e.jdt.JarLifecycleMapping lifecycle mapping for MavenProject: hibernate_jpa:hibernate_jpa:0.0.1-SNAPSHOT @ D:\Programs\JavaLearning\JdbcJava\hibernate_MTM\pom.xml.
2025-03-26 21:44:49,422 [Worker-1: Updating Maven Project] INFO  o.e.m.c.i.p.ProjectConfigurationManager - Update completed for 1 poms: local refresh takes 0.00 sec, refresh facades takes 0.00 sec, update config takes 0.00 sec 
2025-03-26 21:44:49,430 [Worker-9: Updating Maven Project] INFO  o.e.m.c.i.p.ProjectConfigurationManager - Update started
2025-03-26 21:44:49,534 [Worker-9: Updating Maven Project] INFO  o.e.m.c.i.l.LifecycleMappingFactory - Using org.eclipse.m2e.jdt.JarLifecycleMapping lifecycle mapping for MavenProject: hibernate_jpa:hibernate_jpa:0.0.1-SNAPSHOT @ D:\Programs\JavaLearning\JdbcJava\hibernate_MTM\pom.xml.
2025-03-26 21:44:49,602 [Worker-9: Updating Maven Project] INFO  o.e.m.c.i.p.ProjectConfigurationManager - Update completed for 1 poms: local refresh takes 0.00 sec, refresh facades takes 0.00 sec, update config takes 0.00 sec 
2025-03-26 21:44:49,606 [Worker-5: Updating Maven Project] INFO  o.e.m.c.i.p.ProjectConfigurationManager - Update started
2025-03-26 21:44:49,675 [Worker-5: Updating Maven Project] INFO  o.e.m.c.i.l.LifecycleMappingFactory - Using org.eclipse.m2e.jdt.JarLifecycleMapping lifecycle mapping for MavenProject: hibernate_jpa:hibernate_jpa:0.0.1-SNAPSHOT @ D:\Programs\JavaLearning\JdbcJava\hibernate_MTM\pom.xml.
2025-03-26 21:44:49,735 [Worker-5: Updating Maven Project] INFO  o.e.m.c.i.p.ProjectConfigurationManager - Update completed for 1 poms: local refresh takes 0.00 sec, refresh facades takes 0.00 sec, update config takes 0.00 sec 
2025-03-26 21:44:49,740 [Worker-22: Updating Maven Project] INFO  o.e.m.c.i.p.ProjectConfigurationManager - Update started
2025-03-26 21:44:49,833 [Worker-22: Updating Maven Project] INFO  o.e.m.c.i.l.LifecycleMappingFactory - Using org.eclipse.m2e.jdt.JarLifecycleMapping lifecycle mapping for MavenProject: hibernate_jpa:hibernate_jpa:0.0.1-SNAPSHOT @ D:\Programs\JavaLearning\JdbcJava\second_levelCache\pom.xml.
2025-03-26 21:44:49,933 [Worker-22: Updating Maven Project] INFO  o.e.m.c.i.p.ProjectConfigurationManager - Update completed for 1 poms: local refresh takes 0.00 sec, refresh facades takes 0.00 sec, update config takes 0.00 sec 
2025-03-26 21:44:49,936 [Worker-3: Updating Maven Project] INFO  o.e.m.c.i.p.ProjectConfigurationManager - Update started
2025-03-26 21:44:50,033 [Worker-3: Updating Maven Project] INFO  o.e.m.c.i.l.LifecycleMappingFactory - Using org.eclipse.m2e.jdt.JarLifecycleMapping lifecycle mapping for MavenProject: hibernate_jpa:hibernate_jpa:0.0.1-SNAPSHOT @ D:\Programs\JavaLearning\JdbcJava\second_levelCache\pom.xml.
2025-03-26 21:44:50,117 [Worker-3: Updating Maven Project] INFO  o.e.m.c.i.p.ProjectConfigurationManager - Update completed for 1 poms: local refresh takes 0.00 sec, refresh facades takes 0.00 sec, update config takes 0.00 sec 
2025-03-26 21:44:50,120 [Worker-4: Updating Maven Project] INFO  o.e.m.c.i.p.ProjectConfigurationManager - Update started
2025-03-26 21:44:50,194 [Worker-4: Updating Maven Project] INFO  o.e.m.c.i.l.LifecycleMappingFactory - Using org.eclipse.m2e.jdt.JarLifecycleMapping lifecycle mapping for MavenProject: hibernate_jpa:hibernate_jpa:0.0.1-SNAPSHOT @ D:\Programs\JavaLearning\JdbcJava\second_levelCache\pom.xml.
2025-03-26 21:44:50,268 [Worker-4: Updating Maven Project] INFO  o.e.m.c.i.p.ProjectConfigurationManager - Update completed for 1 poms: local refresh takes 0.00 sec, refresh facades takes 0.00 sec, update config takes 0.00 sec 
2025-03-26 21:44:50,272 [Worker-4: Updating Maven Project] INFO  o.e.m.c.i.p.ProjectConfigurationManager - Update started
2025-03-26 21:44:50,368 [Worker-4: Updating Maven Project] INFO  o.e.m.c.i.l.LifecycleMappingFactory - Using org.eclipse.m2e.jdt.JarLifecycleMapping lifecycle mapping for MavenProject: hibernate_jpa:hibernate_jpa:0.0.1-SNAPSHOT @ D:\Programs\JavaLearning\JdbcJava\second_levelCache\pom.xml.
2025-03-26 21:44:50,464 [Worker-4: Updating Maven Project] INFO  o.e.m.c.i.p.ProjectConfigurationManager - Update completed for 1 poms: local refresh takes 0.00 sec, refresh facades takes 0.00 sec, update config takes 0.00 sec 
2025-03-26 21:44:50,468 [Worker-12: Updating Maven Project] INFO  o.e.m.c.i.p.ProjectConfigurationManager - Update started
2025-03-26 21:44:50,558 [Worker-12: Updating Maven Project] INFO  o.e.m.c.i.l.LifecycleMappingFactory - Using org.eclipse.m2e.jdt.JarLifecycleMapping lifecycle mapping for MavenProject: spring-first:spring-first:0.0.1-SNAPSHOT @ D:\Programs\JavaLearning\JdbcJava\spring-first\pom.xml.
2025-03-26 21:44:50,632 [Worker-12: Updating Maven Project] INFO  o.e.m.c.i.p.ProjectConfigurationManager - Update completed for 1 poms: local refresh takes 0.00 sec, refresh facades takes 0.00 sec, update config takes 0.00 sec 
2025-03-26 21:44:50,635 [Worker-21: Updating Maven Project] INFO  o.e.m.c.i.p.ProjectConfigurationManager - Update started
2025-03-26 21:44:50,720 [Worker-21: Updating Maven Project] INFO  o.e.m.c.i.l.LifecycleMappingFactory - Using org.eclipse.m2e.jdt.JarLifecycleMapping lifecycle mapping for MavenProject: spring-first:spring-first:0.0.1-SNAPSHOT @ D:\Programs\JavaLearning\JdbcJava\spring-first\pom.xml.
2025-03-26 21:44:50,796 [Worker-21: Updating Maven Project] INFO  o.e.m.c.i.p.ProjectConfigurationManager - Update completed for 1 poms: local refresh takes 0.00 sec, refresh facades takes 0.00 sec, update config takes 0.00 sec 
2025-03-26 21:44:50,801 [Worker-17: Updating Maven Project] INFO  o.e.m.c.i.p.ProjectConfigurationManager - Update started
2025-03-26 21:44:50,898 [Worker-17: Updating Maven Project] INFO  o.e.m.c.i.l.LifecycleMappingFactory - Using org.eclipse.m2e.jdt.JarLifecycleMapping lifecycle mapping for MavenProject: spring-first:spring-first:0.0.1-SNAPSHOT @ D:\Programs\JavaLearning\JdbcJava\spring-first\pom.xml.
2025-03-26 21:44:50,964 [Worker-17: Updating Maven Project] INFO  o.e.m.c.i.p.ProjectConfigurationManager - Update completed for 1 poms: local refresh takes 0.00 sec, refresh facades takes 0.00 sec, update config takes 0.00 sec 
2025-03-26 21:44:50,967 [Worker-14: Updating Maven Project] INFO  o.e.m.c.i.p.ProjectConfigurationManager - Update started
2025-03-26 21:44:51,030 [Worker-14: Updating Maven Project] INFO  o.e.m.c.i.l.LifecycleMappingFactory - Using org.eclipse.m2e.jdt.JarLifecycleMapping lifecycle mapping for MavenProject: spring-first:spring-first:0.0.1-SNAPSHOT @ D:\Programs\JavaLearning\JdbcJava\spring-first\pom.xml.
2025-03-26 21:44:51,088 [Worker-14: Updating Maven Project] INFO  o.e.m.c.i.p.ProjectConfigurationManager - Update completed for 1 poms: local refresh takes 0.00 sec, refresh facades takes 0.00 sec, update config takes 0.00 sec 
2025-03-26 21:44:51,091 [Worker-6: Updating Maven Project] INFO  o.e.m.c.i.p.ProjectConfigurationManager - Update started
2025-03-26 21:44:51,175 [Worker-6: Updating Maven Project] INFO  o.e.m.c.i.l.LifecycleMappingFactory - Using org.eclipse.m2e.jdt.JarLifecycleMapping lifecycle mapping for MavenProject: hibernate_jpa:hibernate_jpa:0.0.1-SNAPSHOT @ D:\Programs\JavaLearning\JdbcJava\hibernate_relative\pom.xml.
2025-03-26 21:44:51,254 [Worker-6: Updating Maven Project] INFO  o.e.m.c.i.p.ProjectConfigurationManager - Update completed for 1 poms: local refresh takes 0.00 sec, refresh facades takes 0.00 sec, update config takes 0.00 sec 
2025-03-26 21:44:51,258 [Worker-6: Updating Maven Project] INFO  o.e.m.c.i.p.ProjectConfigurationManager - Update started
2025-03-26 21:44:51,368 [Worker-6: Updating Maven Project] INFO  o.e.m.c.i.l.LifecycleMappingFactory - Using org.eclipse.m2e.jdt.JarLifecycleMapping lifecycle mapping for MavenProject: hibernate_jpa:hibernate_jpa:0.0.1-SNAPSHOT @ D:\Programs\JavaLearning\JdbcJava\hibernate_relative\pom.xml.
2025-03-26 21:44:51,451 [Worker-6: Updating Maven Project] INFO  o.e.m.c.i.p.ProjectConfigurationManager - Update completed for 1 poms: local refresh takes 0.00 sec, refresh facades takes 0.00 sec, update config takes 0.00 sec 
2025-03-26 21:44:51,455 [Worker-2: Updating Maven Project] INFO  o.e.m.c.i.p.ProjectConfigurationManager - Update started
2025-03-26 21:44:51,539 [Worker-2: Updating Maven Project] INFO  o.e.m.c.i.l.LifecycleMappingFactory - Using org.eclipse.m2e.jdt.JarLifecycleMapping lifecycle mapping for MavenProject: hibernate_jpa:hibernate_jpa:0.0.1-SNAPSHOT @ D:\Programs\JavaLearning\JdbcJava\hibernate_relative\pom.xml.
2025-03-26 21:44:51,615 [Worker-2: Updating Maven Project] INFO  o.e.m.c.i.p.ProjectConfigurationManager - Update completed for 1 poms: local refresh takes 0.00 sec, refresh facades takes 0.00 sec, update config takes 0.00 sec 
2025-03-26 21:44:51,619 [Worker-16: Updating Maven Project] INFO  o.e.m.c.i.p.ProjectConfigurationManager - Update started
2025-03-26 21:44:51,705 [Worker-16: Updating Maven Project] INFO  o.e.m.c.i.l.LifecycleMappingFactory - Using org.eclipse.m2e.jdt.JarLifecycleMapping lifecycle mapping for MavenProject: hibernate_jpa:hibernate_jpa:0.0.1-SNAPSHOT @ D:\Programs\JavaLearning\JdbcJava\hibernate_relative\pom.xml.
2025-03-26 21:44:51,772 [Worker-16: Updating Maven Project] INFO  o.e.m.c.i.p.ProjectConfigurationManager - Update completed for 1 poms: local refresh takes 0.00 sec, refresh facades takes 0.00 sec, update config takes 0.00 sec 
2025-03-26 21:44:51,775 [Worker-22: Updating Maven Project] INFO  o.e.m.c.i.p.ProjectConfigurationManager - Update started
2025-03-26 21:44:51,854 [Worker-22: Updating Maven Project] INFO  o.e.m.c.i.l.LifecycleMappingFactory - Using org.eclipse.m2e.jdt.JarLifecycleMapping lifecycle mapping for MavenProject: hibernate_jpa:hibernate_jpa:0.0.1-SNAPSHOT @ D:\Programs\JavaLearning\JdbcJava\hibernate_OTM\pom.xml.
2025-03-26 21:44:51,947 [Worker-22: Updating Maven Project] INFO  o.e.m.c.i.p.ProjectConfigurationManager - Update completed for 1 poms: local refresh takes 0.00 sec, refresh facades takes 0.00 sec, update config takes 0.00 sec 
2025-03-26 21:44:51,951 [Worker-3: Updating Maven Project] INFO  o.e.m.c.i.p.ProjectConfigurationManager - Update started
2025-03-26 21:44:52,026 [Worker-3: Updating Maven Project] INFO  o.e.m.c.i.l.LifecycleMappingFactory - Using org.eclipse.m2e.jdt.JarLifecycleMapping lifecycle mapping for MavenProject: hibernate_jpa:hibernate_jpa:0.0.1-SNAPSHOT @ D:\Programs\JavaLearning\JdbcJava\hibernate_OTM\pom.xml.
2025-03-26 21:44:52,092 [Worker-3: Updating Maven Project] INFO  o.e.m.c.i.p.ProjectConfigurationManager - Update completed for 1 poms: local refresh takes 0.00 sec, refresh facades takes 0.00 sec, update config takes 0.00 sec 
2025-03-26 21:44:52,100 [Worker-7: Updating Maven Project] INFO  o.e.m.c.i.p.ProjectConfigurationManager - Update started
2025-03-26 21:44:52,190 [Worker-7: Updating Maven Project] INFO  o.e.m.c.i.l.LifecycleMappingFactory - Using org.eclipse.m2e.jdt.JarLifecycleMapping lifecycle mapping for MavenProject: hibernate_jpa:hibernate_jpa:0.0.1-SNAPSHOT @ D:\Programs\JavaLearning\JdbcJava\hibernate_OTM\pom.xml.
2025-03-26 21:44:52,265 [Worker-7: Updating Maven Project] INFO  o.e.m.c.i.p.ProjectConfigurationManager - Update completed for 1 poms: local refresh takes 0.00 sec, refresh facades takes 0.00 sec, update config takes 0.00 sec 
2025-03-26 21:44:52,269 [Worker-0: Updating Maven Project] INFO  o.e.m.c.i.p.ProjectConfigurationManager - Update started
2025-03-26 21:44:52,355 [Worker-0: Updating Maven Project] INFO  o.e.m.c.i.l.LifecycleMappingFactory - Using org.eclipse.m2e.jdt.JarLifecycleMapping lifecycle mapping for MavenProject: hibernate_jpa:hibernate_jpa:0.0.1-SNAPSHOT @ D:\Programs\JavaLearning\JdbcJava\hibernate_OTM\pom.xml.
2025-03-26 21:44:52,425 [Worker-0: Updating Maven Project] INFO  o.e.m.c.i.p.ProjectConfigurationManager - Update completed for 1 poms: local refresh takes 0.00 sec, refresh facades takes 0.00 sec, update config takes 0.00 sec 
2025-03-26 21:44:52,434 [Worker-4: Updating Maven Project] INFO  o.e.m.c.i.p.ProjectConfigurationManager - Update started
2025-03-26 21:44:52,511 [Worker-4: Updating Maven Project] INFO  o.e.m.c.i.l.LifecycleMappingFactory - Using org.eclipse.m2e.jdt.JarLifecycleMapping lifecycle mapping for MavenProject: hibernate_jpa:hibernate_jpa:0.0.1-SNAPSHOT @ D:\Programs\JavaLearning\JdbcJava\hibernate-composite\pom.xml.
2025-03-26 21:44:52,587 [Worker-4: Updating Maven Project] INFO  o.e.m.c.i.p.ProjectConfigurationManager - Update completed for 1 poms: local refresh takes 0.00 sec, refresh facades takes 0.00 sec, update config takes 0.00 sec 
2025-03-26 21:44:52,590 [Worker-5: Updating Maven Project] INFO  o.e.m.c.i.p.ProjectConfigurationManager - Update started
2025-03-26 21:44:52,689 [Worker-5: Updating Maven Project] INFO  o.e.m.c.i.l.LifecycleMappingFactory - Using org.eclipse.m2e.jdt.JarLifecycleMapping lifecycle mapping for MavenProject: hibernate_jpa:hibernate_jpa:0.0.1-SNAPSHOT @ D:\Programs\JavaLearning\JdbcJava\hibernate-composite\pom.xml.
2025-03-26 21:44:52,767 [Worker-5: Updating Maven Project] INFO  o.e.m.c.i.p.ProjectConfigurationManager - Update completed for 1 poms: local refresh takes 0.00 sec, refresh facades takes 0.00 sec, update config takes 0.00 sec 
2025-03-26 21:44:52,771 [Worker-15: Updating Maven Project] INFO  o.e.m.c.i.p.ProjectConfigurationManager - Update started
2025-03-26 21:44:52,869 [Worker-15: Updating Maven Project] INFO  o.e.m.c.i.l.LifecycleMappingFactory - Using org.eclipse.m2e.jdt.JarLifecycleMapping lifecycle mapping for MavenProject: hibernate_jpa:hibernate_jpa:0.0.1-SNAPSHOT @ D:\Programs\JavaLearning\JdbcJava\hibernate-composite\pom.xml.
2025-03-26 21:44:52,960 [Worker-15: Updating Maven Project] INFO  o.e.m.c.i.p.ProjectConfigurationManager - Update completed for 1 poms: local refresh takes 0.00 sec, refresh facades takes 0.00 sec, update config takes 0.00 sec 
2025-03-26 21:44:52,968 [Worker-6: Updating Maven Project] INFO  o.e.m.c.i.p.ProjectConfigurationManager - Update started
2025-03-26 21:44:53,087 [Worker-6: Updating Maven Project] INFO  o.e.m.c.i.l.LifecycleMappingFactory - Using org.eclipse.m2e.jdt.JarLifecycleMapping lifecycle mapping for MavenProject: hibernate_jpa:hibernate_jpa:0.0.1-SNAPSHOT @ D:\Programs\JavaLearning\JdbcJava\hibernate-composite\pom.xml.
2025-03-26 21:44:53,154 [Worker-6: Updating Maven Project] INFO  o.e.m.c.i.p.ProjectConfigurationManager - Update completed for 1 poms: local refresh takes 0.00 sec, refresh facades takes 0.00 sec, update config takes 0.00 sec 
2025-03-26 21:44:53,161 [Worker-9: Updating Maven Project] INFO  o.e.m.c.i.p.ProjectConfigurationManager - Update started
2025-03-26 21:44:53,273 [Worker-9: Updating Maven Project] INFO  o.e.m.c.i.l.LifecycleMappingFactory - Using org.eclipse.m2e.jdt.JarLifecycleMapping lifecycle mapping for MavenProject: person_hibernate:person_hibernate:0.0.1-SNAPSHOT @ D:\Programs\JavaLearning\JdbcJava\person_hibernate\pom.xml.
2025-03-26 21:44:53,369 [Worker-9: Updating Maven Project] INFO  o.e.m.c.i.p.ProjectConfigurationManager - Update completed for 1 poms: local refresh takes 0.00 sec, refresh facades takes 0.00 sec, update config takes 0.00 sec 
2025-03-26 21:44:53,373 [Worker-10: Updating Maven Project] INFO  o.e.m.c.i.p.ProjectConfigurationManager - Update started
2025-03-26 21:44:53,474 [Worker-10: Updating Maven Project] INFO  o.e.m.c.i.l.LifecycleMappingFactory - Using org.eclipse.m2e.jdt.JarLifecycleMapping lifecycle mapping for MavenProject: person_hibernate:person_hibernate:0.0.1-SNAPSHOT @ D:\Programs\JavaLearning\JdbcJava\person_hibernate\pom.xml.
2025-03-26 21:44:53,534 [Worker-10: Updating Maven Project] INFO  o.e.m.c.i.p.ProjectConfigurationManager - Update completed for 1 poms: local refresh takes 0.00 sec, refresh facades takes 0.00 sec, update config takes 0.00 sec 
2025-03-26 21:44:53,537 [Worker-8: Updating Maven Project] INFO  o.e.m.c.i.p.ProjectConfigurationManager - Update started
2025-03-26 21:44:53,627 [Worker-8: Updating Maven Project] INFO  o.e.m.c.i.l.LifecycleMappingFactory - Using org.eclipse.m2e.jdt.JarLifecycleMapping lifecycle mapping for MavenProject: person_hibernate:person_hibernate:0.0.1-SNAPSHOT @ D:\Programs\JavaLearning\JdbcJava\person_hibernate\pom.xml.
2025-03-26 21:44:53,691 [Worker-8: Updating Maven Project] INFO  o.e.m.c.i.p.ProjectConfigurationManager - Update completed for 1 poms: local refresh takes 0.00 sec, refresh facades takes 0.00 sec, update config takes 0.00 sec 
2025-03-26 21:44:53,699 [Worker-14: Updating Maven Project] INFO  o.e.m.c.i.p.ProjectConfigurationManager - Update started
2025-03-26 21:44:53,843 [Worker-14: Updating Maven Project] INFO  o.e.m.c.i.l.LifecycleMappingFactory - Using org.eclipse.m2e.jdt.JarLifecycleMapping lifecycle mapping for MavenProject: person_hibernate:person_hibernate:0.0.1-SNAPSHOT @ D:\Programs\JavaLearning\JdbcJava\person_hibernate\pom.xml.
2025-03-26 21:44:53,921 [Worker-14: Updating Maven Project] INFO  o.e.m.c.i.p.ProjectConfigurationManager - Update completed for 1 poms: local refresh takes 0.00 sec, refresh facades takes 0.00 sec, update config takes 0.00 sec 
2025-03-26 21:44:53,925 [Worker-15: Updating Maven Project] INFO  o.e.m.c.i.p.ProjectConfigurationManager - Update started
2025-03-26 21:44:54,038 [Worker-15: Updating Maven Project] INFO  o.e.m.c.i.l.LifecycleMappingFactory - Using org.eclipse.m2e.jdt.JarLifecycleMapping lifecycle mapping for MavenProject: org.hib:hibernate:0.0.1-SNAPSHOT @ D:\Programs\JavaLearning\JdbcJava\hibernate\pom.xml.
2025-03-26 21:44:54,100 [Worker-15: Updating Maven Project] INFO  o.e.m.c.i.p.ProjectConfigurationManager - Update completed for 1 poms: local refresh takes 0.00 sec, refresh facades takes 0.00 sec, update config takes 0.00 sec 
2025-03-26 21:44:54,103 [Worker-13: Updating Maven Project] INFO  o.e.m.c.i.p.ProjectConfigurationManager - Update started
2025-03-26 21:44:54,171 [Worker-13: Updating Maven Project] INFO  o.e.m.c.i.l.LifecycleMappingFactory - Using org.eclipse.m2e.jdt.JarLifecycleMapping lifecycle mapping for MavenProject: org.hib:hibernate:0.0.1-SNAPSHOT @ D:\Programs\JavaLearning\JdbcJava\hibernate\pom.xml.
2025-03-26 21:44:54,253 [Worker-13: Updating Maven Project] INFO  o.e.m.c.i.p.ProjectConfigurationManager - Update completed for 1 poms: local refresh takes 0.00 sec, refresh facades takes 0.00 sec, update config takes 0.00 sec 
2025-03-26 21:44:54,257 [Worker-19: Updating Maven Project] INFO  o.e.m.c.i.p.ProjectConfigurationManager - Update started
2025-03-26 21:44:54,349 [Worker-19: Updating Maven Project] INFO  o.e.m.c.i.l.LifecycleMappingFactory - Using org.eclipse.m2e.jdt.JarLifecycleMapping lifecycle mapping for MavenProject: org.hib:hibernate:0.0.1-SNAPSHOT @ D:\Programs\JavaLearning\JdbcJava\hibernate\pom.xml.
2025-03-26 21:44:54,424 [Worker-19: Updating Maven Project] INFO  o.e.m.c.i.p.ProjectConfigurationManager - Update completed for 1 poms: local refresh takes 0.00 sec, refresh facades takes 0.00 sec, update config takes 0.00 sec 
2025-03-26 21:44:54,427 [Worker-9: Updating Maven Project] INFO  o.e.m.c.i.p.ProjectConfigurationManager - Update started
2025-03-26 21:44:54,525 [Worker-9: Updating Maven Project] INFO  o.e.m.c.i.l.LifecycleMappingFactory - Using org.eclipse.m2e.jdt.JarLifecycleMapping lifecycle mapping for MavenProject: org.hib:hibernate:0.0.1-SNAPSHOT @ D:\Programs\JavaLearning\JdbcJava\hibernate\pom.xml.
2025-03-26 21:44:54,588 [Worker-9: Updating Maven Project] INFO  o.e.m.c.i.p.ProjectConfigurationManager - Update completed for 1 poms: local refresh takes 0.00 sec, refresh facades takes 0.00 sec, update config takes 0.00 sec 
2025-03-26 21:44:54,592 [Worker-3: Updating Maven Project] INFO  o.e.m.c.i.p.ProjectConfigurationManager - Update started
2025-03-26 21:44:54,671 [Worker-3: Updating Maven Project] INFO  o.e.m.c.i.l.LifecycleMappingFactory - Using org.eclipse.m2e.jdt.JarLifecycleMapping lifecycle mapping for MavenProject: hibernate_jpa:hibernate_jpa:0.0.1-SNAPSHOT @ D:\Programs\JavaLearning\JdbcJava\hibernate_Bi_OTO\pom.xml.
2025-03-26 21:44:54,738 [Worker-3: Updating Maven Project] INFO  o.e.m.c.i.p.ProjectConfigurationManager - Update completed for 1 poms: local refresh takes 0.00 sec, refresh facades takes 0.00 sec, update config takes 0.00 sec 
2025-03-26 21:44:54,741 [Worker-15: Updating Maven Project] INFO  o.e.m.c.i.p.ProjectConfigurationManager - Update started
2025-03-26 21:44:54,823 [Worker-15: Updating Maven Project] INFO  o.e.m.c.i.l.LifecycleMappingFactory - Using org.eclipse.m2e.jdt.JarLifecycleMapping lifecycle mapping for MavenProject: hibernate_jpa:hibernate_jpa:0.0.1-SNAPSHOT @ D:\Programs\JavaLearning\JdbcJava\hibernate_Bi_OTO\pom.xml.
2025-03-26 21:44:54,902 [Worker-15: Updating Maven Project] INFO  o.e.m.c.i.p.ProjectConfigurationManager - Update completed for 1 poms: local refresh takes 0.00 sec, refresh facades takes 0.00 sec, update config takes 0.00 sec 
2025-03-26 21:44:54,906 [Worker-6: Updating Maven Project] INFO  o.e.m.c.i.p.ProjectConfigurationManager - Update started
2025-03-26 21:44:54,995 [Worker-6: Updating Maven Project] INFO  o.e.m.c.i.l.LifecycleMappingFactory - Using org.eclipse.m2e.jdt.JarLifecycleMapping lifecycle mapping for MavenProject: hibernate_jpa:hibernate_jpa:0.0.1-SNAPSHOT @ D:\Programs\JavaLearning\JdbcJava\hibernate_Bi_OTO\pom.xml.
2025-03-26 21:44:55,072 [Worker-6: Updating Maven Project] INFO  o.e.m.c.i.p.ProjectConfigurationManager - Update completed for 1 poms: local refresh takes 0.00 sec, refresh facades takes 0.00 sec, update config takes 0.00 sec 
2025-03-26 21:44:55,076 [Worker-16: Updating Maven Project] INFO  o.e.m.c.i.p.ProjectConfigurationManager - Update started
2025-03-26 21:44:55,158 [Worker-16: Updating Maven Project] INFO  o.e.m.c.i.l.LifecycleMappingFactory - Using org.eclipse.m2e.jdt.JarLifecycleMapping lifecycle mapping for MavenProject: hibernate_jpa:hibernate_jpa:0.0.1-SNAPSHOT @ D:\Programs\JavaLearning\JdbcJava\hibernate_Bi_OTO\pom.xml.
2025-03-26 21:44:55,209 [Worker-16: Updating Maven Project] INFO  o.e.m.c.i.p.ProjectConfigurationManager - Update completed for 1 poms: local refresh takes 0.00 sec, refresh facades takes 0.00 sec, update config takes 0.00 sec 
